decision_id,run_id,contract_id,source_revision,trace_mode,rank,worker_id,device_id,request_id,engine_step_id,schedule_id,batch_id,forward_id,layer_idx,layer_occurrence,output_ordinal,phase,q_len,past_len,kv_len,decision_family,event_type,action,outcome,affected_scope,affected_layer_ids,source_join_status,details,source_pid,source_event_index,source_event_file
decision:00001,20260729T050800Z-fx-89687ae2-R02,pra2026-bh408@3d036144-16-32K-row0-greedy1024,3d03614452cd0a925abc82a7686560ff80252dfa,enforce_eager,0,rank0,HCU0:TCA23906041001,chatcmpl-bench-7f1746b7-0-9eeec82b,1,20260729T050800Z-fx-89687ae2-R02:rank0:schedule:1,batch:b655c45f3b212e0ac7431efa,1,,,,prefill_chunk,4096,0,4096,scheduler,scheduler_step,schedule_tokens,scheduled:4096,loaded_decoder,0;1;2;3;4;5;6;7;8;9;10;11;12;13;14;15;16;17;18;19;20;21;22;23;24;25;26;27;28;29;30;31;32;33;34;35;36;37;38;39;40;41;42;43;44;45;46;47;48;49;50;51;52;53;54;55;56;57;58;59;60;61;62;63,joined_request_step_forward_and_loaded_layers,"{""num_computed_after"":4096,""preempted_req_count"":0,""prompt_len"":20585,""running_count"":1,""status"":""RUNNING"",""waiting_count"":0}",970967,9,/public/home/tangyu408/Qwen_DCU_Worker_0/workload_profile/algorithmic_trace/traces/20260729T050800Z-fx-89687ae2-R02-qwen35-27b-eager-row0-hcu0/events/events.970967.jsonl
decision:00002,20260729T050800Z-fx-89687ae2-R02,pra2026-bh408@3d036144-16-32K-row0-greedy1024,3d03614452cd0a925abc82a7686560ff80252dfa,enforce_eager,0,rank0,HCU0:TCA23906041001,chatcmpl-bench-7f1746b7-0-9eeec82b,2,20260729T050800Z-fx-89687ae2-R02:rank0:schedule:2,batch:bfd49d0e5fc15e669f70e5a5,2,,,,prefill_chunk,4096,4096,8192,scheduler,scheduler_step,schedule_tokens,scheduled:4096,loaded_decoder,0;1;2;3;4;5;6;7;8;9;10;11;12;13;14;15;16;17;18;19;20;21;22;23;24;25;26;27;28;29;30;31;32;33;34;35;36;37;38;39;40;41;42;43;44;45;46;47;48;49;50;51;52;53;54;55;56;57;58;59;60;61;62;63,joined_request_step_forward_and_loaded_layers,"{""num_computed_after"":8192,""preempted_req_count"":0,""prompt_len"":20585,""running_count"":1,""status"":""RUNNING"",""waiting_count"":0}",970967,182,/public/home/tangyu408/Qwen_DCU_Worker_0/workload_profile/algorithmic_trace/traces/20260729T050800Z-fx-89687ae2-R02-qwen35-27b-eager-row0-hcu0/events/events.970967.jsonl
decision:00003,20260729T050800Z-fx-89687ae2-R02,pra2026-bh408@3d036144-16-32K-row0-greedy1024,3d03614452cd0a925abc82a7686560ff80252dfa,enforce_eager,0,rank0,HCU0:TCA23906041001,chatcmpl-bench-7f1746b7-0-9eeec82b,3,20260729T050800Z-fx-89687ae2-R02:rank0:schedule:3,batch:a243ac6ac732b547527c78dd,3,,,,prefill_chunk,4096,8192,12288,scheduler,scheduler_step,schedule_tokens,scheduled:4096,loaded_decoder,0;1;2;3;4;5;6;7;8;9;10;11;12;13;14;15;16;17;18;19;20;21;22;23;24;25;26;27;28;29;30;31;32;33;34;35;36;37;38;39;40;41;42;43;44;45;46;47;48;49;50;51;52;53;54;55;56;57;58;59;60;61;62;63,joined_request_step_forward_and_loaded_layers,"{""num_computed_after"":12288,""preempted_req_count"":0,""prompt_len"":20585,""running_count"":1,""status"":""RUNNING"",""waiting_count"":0}",970967,356,/public/home/tangyu408/Qwen_DCU_Worker_0/workload_profile/algorithmic_trace/traces/20260729T050800Z-fx-89687ae2-R02-qwen35-27b-eager-row0-hcu0/events/events.970967.jsonl
decision:00004,20260729T050800Z-fx-89687ae2-R02,pra2026-bh408@3d036144-16-32K-row0-greedy1024,3d03614452cd0a925abc82a7686560ff80252dfa,enforce_eager,0,rank0,HCU0:TCA23906041001,chatcmpl-bench-7f1746b7-0-9eeec82b,4,20260729T050800Z-fx-89687ae2-R02:rank0:schedule:4,batch:41534ff61363b90816b2da50,4,,,,prefill_chunk,4096,12288,16384,scheduler,scheduler_step,schedule_tokens,scheduled:4096,loaded_decoder,0;1;2;3;4;5;6;7;8;9;10;11;12;13;14;15;16;17;18;19;20;21;22;23;24;25;26;27;28;29;30;31;32;33;34;35;36;37;38;39;40;41;42;43;44;45;46;47;48;49;50;51;52;53;54;55;56;57;58;59;60;61;62;63,joined_request_step_forward_and_loaded_layers,"{""num_computed_after"":16384,""preempted_req_count"":0,""prompt_len"":20585,""running_count"":1,""status"":""RUNNING"",""waiting_count"":0}",970967,530,/public/home/tangyu408/Qwen_DCU_Worker_0/workload_profile/algorithmic_trace/traces/20260729T050800Z-fx-89687ae2-R02-qwen35-27b-eager-row0-hcu0/events/events.970967.jsonl
decision:00005,20260729T050800Z-fx-89687ae2-R02,pra2026-bh408@3d036144-16-32K-row0-greedy1024,3d03614452cd0a925abc82a7686560ff80252dfa,enforce_eager,0,rank0,HCU0:TCA23906041001,chatcmpl-bench-7f1746b7-0-9eeec82b,5,20260729T050800Z-fx-89687ae2-R02:rank0:schedule:5,batch:f9efb17b5693218d44033573,5,,,,prefill_chunk,4096,16384,20480,scheduler,scheduler_step,schedule_tokens,scheduled:4096,loaded_decoder,0;1;2;3;4;5;6;7;8;9;10;11;12;13;14;15;16;17;18;19;20;21;22;23;24;25;26;27;28;29;30;31;32;33;34;35;36;37;38;39;40;41;42;43;44;45;46;47;48;49;50;51;52;53;54;55;56;57;58;59;60;61;62;63,joined_request_step_forward_and_loaded_layers,"{""num_computed_after"":20480,""preempted_req_count"":0,""prompt_len"":20585,""running_count"":1,""status"":""RUNNING"",""waiting_count"":0}",970967,704,/public/home/tangyu408/Qwen_DCU_Worker_0/workload_profile/algorithmic_trace/traces/20260729T050800Z-fx-89687ae2-R02-qwen35-27b-eager-row0-hcu0/events/events.970967.jsonl
decision:00006,20260729T050800Z-fx-89687ae2-R02,pra2026-bh408@3d036144-16-32K-row0-greedy1024,3d03614452cd0a925abc82a7686560ff80252dfa,enforce_eager,0,rank0,HCU0:TCA23906041001,chatcmpl-bench-7f1746b7-0-9eeec82b,6,20260729T050800Z-fx-89687ae2-R02:rank0:schedule:6,batch:c73cd7e400961f58c09e85a8,6,,,,prefill_chunk,105,20480,20585,scheduler,scheduler_step,schedule_tokens,scheduled:105,loaded_decoder,0;1;2;3;4;5;6;7;8;9;10;11;12;13;14;15;16;17;18;19;20;21;22;23;24;25;26;27;28;29;30;31;32;33;34;35;36;37;38;39;40;41;42;43;44;45;46;47;48;49;50;51;52;53;54;55;56;57;58;59;60;61;62;63,joined_request_step_forward_and_loaded_layers,"{""num_computed_after"":20585,""preempted_req_count"":0,""prompt_len"":20585,""running_count"":1,""status"":""RUNNING"",""waiting_count"":0}",970967,878,/public/home/tangyu408/Qwen_DCU_Worker_0/workload_profile/algorithmic_trace/traces/20260729T050800Z-fx-89687ae2-R02-qwen35-27b-eager-row0-hcu0/events/events.970967.jsonl
decision:00007,20260729T050800Z-fx-89687ae2-R02,pra2026-bh408@3d036144-16-32K-row0-greedy1024,3d03614452cd0a925abc82a7686560ff80252dfa,enforce_eager,0,rank0,HCU0:TCA23906041001,chatcmpl-bench-7f1746b7-0-9eeec82b,7,20260729T050800Z-fx-89687ae2-R02:rank0:schedule:7,batch:3b46a4491b7a697518068bc9,7,,,,decode,1,20585,20586,scheduler,scheduler_step,schedule_tokens,scheduled:1,loaded_decoder,0;1;2;3;4;5;6;7;8;9;10;11;12;13;14;15;16;17;18;19;20;21;22;23;24;25;26;27;28;29;30;31;32;33;34;35;36;37;38;39;40;41;42;43;44;45;46;47;48;49;50;51;52;53;54;55;56;57;58;59;60;61;62;63,joined_request_step_forward_and_loaded_layers,"{""num_computed_after"":20586,""preempted_req_count"":0,""prompt_len"":20585,""running_count"":1,""status"":""RUNNING"",""waiting_count"":0}",970967,1052,/public/home/tangyu408/Qwen_DCU_Worker_0/workload_profile/algorithmic_trace/traces/20260729T050800Z-fx-89687ae2-R02-qwen35-27b-eager-row0-hcu0/events/events.970967.jsonl
decision:00008,20260729T050800Z-fx-89687ae2-R02,pra2026-bh408@3d036144-16-32K-row0-greedy1024,3d03614452cd0a925abc82a7686560ff80252dfa,enforce_eager,0,rank0,HCU0:TCA23906041001,chatcmpl-bench-7f1746b7-0-9eeec82b,8,20260729T050800Z-fx-89687ae2-R02:rank0:schedule:8,batch:6b9c2bc163802110c3a93d6a,8,,,,decode,1,20586,20587,scheduler,scheduler_step,schedule_tokens,scheduled:1,loaded_decoder,0;1;2;3;4;5;6;7;8;9;10;11;12;13;14;15;16;17;18;19;20;21;22;23;24;25;26;27;28;29;30;31;32;33;34;35;36;37;38;39;40;41;42;43;44;45;46;47;48;49;50;51;52;53;54;55;56;57;58;59;60;61;62;63,joined_request_step_forward_and_loaded_layers,"{""num_computed_after"":20587,""preempted_req_count"":0,""prompt_len"":20585,""running_count"":1,""status"":""RUNNING"",""waiting_count"":0}",970967,1386,/public/home/tangyu408/Qwen_DCU_Worker_0/workload_profile/algorithmic_trace/traces/20260729T050800Z-fx-89687ae2-R02-qwen35-27b-eager-row0-hcu0/events/events.970967.jsonl
decision:00009,20260729T050800Z-fx-89687ae2-R02,pra2026-bh408@3d036144-16-32K-row0-greedy1024,3d03614452cd0a925abc82a7686560ff80252dfa,enforce_eager,0,rank0,HCU0:TCA23906041001,chatcmpl-bench-7f1746b7-0-9eeec82b,9,20260729T050800Z-fx-89687ae2-R02:rank0:schedule:9,batch:8c79e79943f13046409450d6,9,,,,decode,1,20587,20588,scheduler,scheduler_step,schedule_tokens,scheduled:1,loaded_decoder,0;1;2;3;4;5;6;7;8;9;10;11;12;13;14;15;16;17;18;19;20;21;22;23;24;25;26;27;28;29;30;31;32;33;34;35;36;37;38;39;40;41;42;43;44;45;46;47;48;49;50;51;52;53;54;55;56;57;58;59;60;61;62;63,joined_request_step_forward_and_loaded_layers,"{""num_computed_after"":20588,""preempted_req_count"":0,""prompt_len"":20585,""running_count"":1,""status"":""RUNNING"",""waiting_count"":0}",970967,1720,/public/home/tangyu408/Qwen_DCU_Worker_0/workload_profile/algorithmic_trace/traces/20260729T050800Z-fx-89687ae2-R02-qwen35-27b-eager-row0-hcu0/events/events.970967.jsonl
decision:00010,20260729T050800Z-fx-89687ae2-R02,pra2026-bh408@3d036144-16-32K-row0-greedy1024,3d03614452cd0a925abc82a7686560ff80252dfa,enforce_eager,0,rank0,HCU0:TCA23906041001,chatcmpl-bench-7f1746b7-0-9eeec82b,10,20260729T050800Z-fx-89687ae2-R02:rank0:schedule:10,batch:a7662b656dc4ae29276d92b7,10,,,,decode,1,20588,20589,scheduler,scheduler_step,schedule_tokens,scheduled:1,loaded_decoder,0;1;2;3;4;5;6;7;8;9;10;11;12;13;14;15;16;17;18;19;20;21;22;23;24;25;26;27;28;29;30;31;32;33;34;35;36;37;38;39;40;41;42;43;44;45;46;47;48;49;50;51;52;53;54;55;56;57;58;59;60;61;62;63,joined_request_step_forward_and_loaded_layers,"{""num_computed_after"":20589,""preempted_req_count"":0,""prompt_len"":20585,""running_count"":1,""status"":""RUNNING"",""waiting_count"":0}",970967,2054,/public/home/tangyu408/Qwen_DCU_Worker_0/workload_profile/algorithmic_trace/traces/20260729T050800Z-fx-89687ae2-R02-qwen35-27b-eager-row0-hcu0/events/events.970967.jsonl
decision:00011,20260729T050800Z-fx-89687ae2-R02,pra2026-bh408@3d036144-16-32K-row0-greedy1024,3d03614452cd0a925abc82a7686560ff80252dfa,enforce_eager,0,rank0,HCU0:TCA23906041001,chatcmpl-bench-7f1746b7-0-9eeec82b,11,20260729T050800Z-fx-89687ae2-R02:rank0:schedule:11,batch:f5ab0e40a3f692f5782cba54,11,,,,decode,1,20589,20590,scheduler,scheduler_step,schedule_tokens,scheduled:1,loaded_decoder,0;1;2;3;4;5;6;7;8;9;10;11;12;13;14;15;16;17;18;19;20;21;22;23;24;25;26;27;28;29;30;31;32;33;34;35;36;37;38;39;40;41;42;43;44;45;46;47;48;49;50;51;52;53;54;55;56;57;58;59;60;61;62;63,joined_request_step_forward_and_loaded_layers,"{""num_computed_after"":20590,""preempted_req_count"":0,""prompt_len"":20585,""running_count"":1,""status"":""RUNNING"",""waiting_count"":0}",970967,2388,/public/home/tangyu408/Qwen_DCU_Worker_0/workload_profile/algorithmic_trace/traces/20260729T050800Z-fx-89687ae2-R02-qwen35-27b-eager-row0-hcu0/events/events.970967.jsonl
decision:00012,20260729T050800Z-fx-89687ae2-R02,pra2026-bh408@3d036144-16-32K-row0-greedy1024,3d03614452cd0a925abc82a7686560ff80252dfa,enforce_eager,0,rank0,HCU0:TCA23906041001,chatcmpl-bench-7f1746b7-0-9eeec82b,12,20260729T050800Z-fx-89687ae2-R02:rank0:schedule:12,batch:a48b18cb4f27f8096384caa0,12,,,,decode,1,20590,20591,scheduler,scheduler_step,schedule_tokens,scheduled:1,loaded_decoder,0;1;2;3;4;5;6;7;8;9;10;11;12;13;14;15;16;17;18;19;20;21;22;23;24;25;26;27;28;29;30;31;32;33;34;35;36;37;38;39;40;41;42;43;44;45;46;47;48;49;50;51;52;53;54;55;56;57;58;59;60;61;62;63,joined_request_step_forward_and_loaded_layers,"{""num_computed_after"":20591,""preempted_req_count"":0,""prompt_len"":20585,""running_count"":1,""status"":""RUNNING"",""waiting_count"":0}",970967,2722,/public/home/tangyu408/Qwen_DCU_Worker_0/workload_profile/algorithmic_trace/traces/20260729T050800Z-fx-89687ae2-R02-qwen35-27b-eager-row0-hcu0/events/events.970967.jsonl
decision:00013,20260729T050800Z-fx-89687ae2-R02,pra2026-bh408@3d036144-16-32K-row0-greedy1024,3d03614452cd0a925abc82a7686560ff80252dfa,enforce_eager,0,rank0,HCU0:TCA23906041001,chatcmpl-bench-7f1746b7-0-9eeec82b,13,20260729T050800Z-fx-89687ae2-R02:rank0:schedule:13,batch:8ff9d020967316b76245df48,13,,,,decode,1,20591,20592,scheduler,scheduler_step,schedule_tokens,scheduled:1,loaded_decoder,0;1;2;3;4;5;6;7;8;9;10;11;12;13;14;15;16;17;18;19;20;21;22;23;24;25;26;27;28;29;30;31;32;33;34;35;36;37;38;39;40;41;42;43;44;45;46;47;48;49;50;51;52;53;54;55;56;57;58;59;60;61;62;63,joined_request_step_forward_and_loaded_layers,"{""num_computed_after"":20592,""preempted_req_count"":0,""prompt_len"":20585,""running_count"":1,""status"":""RUNNING"",""waiting_count"":0}",970967,3056,/public/home/tangyu408/Qwen_DCU_Worker_0/workload_profile/algorithmic_trace/traces/20260729T050800Z-fx-89687ae2-R02-qwen35-27b-eager-row0-hcu0/events/events.970967.jsonl
decision:00014,20260729T050800Z-fx-89687ae2-R02,pra2026-bh408@3d036144-16-32K-row0-greedy1024,3d03614452cd0a925abc82a7686560ff80252dfa,enforce_eager,0,rank0,HCU0:TCA23906041001,chatcmpl-bench-7f1746b7-0-9eeec82b,14,20260729T050800Z-fx-89687ae2-R02:rank0:schedule:14,batch:b3beb11dd9b0ab888dd8dc91,14,,,,decode,1,20592,20593,scheduler,scheduler_step,schedule_tokens,scheduled:1,loaded_decoder,0;1;2;3;4;5;6;7;8;9;10;11;12;13;14;15;16;17;18;19;20;21;22;23;24;25;26;27;28;29;30;31;32;33;34;35;36;37;38;39;40;41;42;43;44;45;46;47;48;49;50;51;52;53;54;55;56;57;58;59;60;61;62;63,joined_request_step_forward_and_loaded_layers,"{""num_computed_after"":20593,""preempted_req_count"":0,""prompt_len"":20585,""running_count"":1,""status"":""RUNNING"",""waiting_count"":0}",970967,3390,/public/home/tangyu408/Qwen_DCU_Worker_0/workload_profile/algorithmic_trace/traces/20260729T050800Z-fx-89687ae2-R02-qwen35-27b-eager-row0-hcu0/events/events.970967.jsonl
decision:00015,20260729T050800Z-fx-89687ae2-R02,pra2026-bh408@3d036144-16-32K-row0-greedy1024,3d03614452cd0a925abc82a7686560ff80252dfa,enforce_eager,0,rank0,HCU0:TCA23906041001,chatcmpl-bench-7f1746b7-0-9eeec82b,15,20260729T050800Z-fx-89687ae2-R02:rank0:schedule:15,batch:4af35f18b20237534540b417,15,,,,decode,1,20593,20594,scheduler,scheduler_step,schedule_tokens,scheduled:1,loaded_decoder,0;1;2;3;4;5;6;7;8;9;10;11;12;13;14;15;16;17;18;19;20;21;22;23;24;25;26;27;28;29;30;31;32;33;34;35;36;37;38;39;40;41;42;43;44;45;46;47;48;49;50;51;52;53;54;55;56;57;58;59;60;61;62;63,joined_request_step_forward_and_loaded_layers,"{""num_computed_after"":20594,""preempted_req_count"":0,""prompt_len"":20585,""running_count"":1,""status"":""RUNNING"",""waiting_count"":0}",970967,3724,/public/home/tangyu408/Qwen_DCU_Worker_0/workload_profile/algorithmic_trace/traces/20260729T050800Z-fx-89687ae2-R02-qwen35-27b-eager-row0-hcu0/events/events.970967.jsonl
decision:00016,20260729T050800Z-fx-89687ae2-R02,pra2026-bh408@3d036144-16-32K-row0-greedy1024,3d03614452cd0a925abc82a7686560ff80252dfa,enforce_eager,0,rank0,HCU0:TCA23906041001,chatcmpl-bench-7f1746b7-0-9eeec82b,16,20260729T050800Z-fx-89687ae2-R02:rank0:schedule:16,batch:162e22d54309dc940f5cdc50,16,,,,decode,1,20594,20595,scheduler,scheduler_step,schedule_tokens,scheduled:1,loaded_decoder,0;1;2;3;4;5;6;7;8;9;10;11;12;13;14;15;16;17;18;19;20;21;22;23;24;25;26;27;28;29;30;31;32;33;34;35;36;37;38;39;40;41;42;43;44;45;46;47;48;49;50;51;52;53;54;55;56;57;58;59;60;61;62;63,joined_request_step_forward_and_loaded_layers,"{""num_computed_after"":20595,""preempted_req_count"":0,""prompt_len"":20585,""running_count"":1,""status"":""RUNNING"",""waiting_count"":0}",970967,4058,/public/home/tangyu408/Qwen_DCU_Worker_0/workload_profile/algorithmic_trace/traces/20260729T050800Z-fx-89687ae2-R02-qwen35-27b-eager-row0-hcu0/events/events.970967.jsonl
decision:00017,20260729T050800Z-fx-89687ae2-R02,pra2026-bh408@3d036144-16-32K-row0-greedy1024,3d03614452cd0a925abc82a7686560ff80252dfa,enforce_eager,0,rank0,HCU0:TCA23906041001,chatcmpl-bench-7f1746b7-0-9eeec82b,17,20260729T050800Z-fx-89687ae2-R02:rank0:schedule:17,batch:3bedd4eb38f49155ba5b6621,17,,,,decode,1,20595,20596,scheduler,scheduler_step,schedule_tokens,scheduled:1,loaded_decoder,0;1;2;3;4;5;6;7;8;9;10;11;12;13;14;15;16;17;18;19;20;21;22;23;24;25;26;27;28;29;30;31;32;33;34;35;36;37;38;39;40;41;42;43;44;45;46;47;48;49;50;51;52;53;54;55;56;57;58;59;60;61;62;63,joined_request_step_forward_and_loaded_layers,"{""num_computed_after"":20596,""preempted_req_count"":0,""prompt_len"":20585,""running_count"":1,""status"":""RUNNING"",""waiting_count"":0}",970967,4392,/public/home/tangyu408/Qwen_DCU_Worker_0/workload_profile/algorithmic_trace/traces/20260729T050800Z-fx-89687ae2-R02-qwen35-27b-eager-row0-hcu0/events/events.970967.jsonl
decision:00018,20260729T050800Z-fx-89687ae2-R02,pra2026-bh408@3d036144-16-32K-row0-greedy1024,3d03614452cd0a925abc82a7686560ff80252dfa,enforce_eager,0,rank0,HCU0:TCA23906041001,chatcmpl-bench-7f1746b7-0-9eeec82b,18,20260729T050800Z-fx-89687ae2-R02:rank0:schedule:18,batch:1d62dedc9ff74506551a7b9e,18,,,,decode,1,20596,20597,scheduler,scheduler_step,schedule_tokens,scheduled:1,loaded_decoder,0;1;2;3;4;5;6;7;8;9;10;11;12;13;14;15;16;17;18;19;20;21;22;23;24;25;26;27;28;29;30;31;32;33;34;35;36;37;38;39;40;41;42;43;44;45;46;47;48;49;50;51;52;53;54;55;56;57;58;59;60;61;62;63,joined_request_step_forward_and_loaded_layers,"{""num_computed_after"":20597,""preempted_req_count"":0,""prompt_len"":20585,""running_count"":1,""status"":""RUNNING"",""waiting_count"":0}",970967,4726,/public/home/tangyu408/Qwen_DCU_Worker_0/workload_profile/algorithmic_trace/traces/20260729T050800Z-fx-89687ae2-R02-qwen35-27b-eager-row0-hcu0/events/events.970967.jsonl
decision:00019,20260729T050800Z-fx-89687ae2-R02,pra2026-bh408@3d036144-16-32K-row0-greedy1024,3d03614452cd0a925abc82a7686560ff80252dfa,enforce_eager,0,rank0,HCU0:TCA23906041001,chatcmpl-bench-7f1746b7-0-9eeec82b,19,20260729T050800Z-fx-89687ae2-R02:rank0:schedule:19,batch:6fe80a648bb579e4c276cdc8,19,,,,decode,1,20597,20598,scheduler,scheduler_step,schedule_tokens,scheduled:1,loaded_decoder,0;1;2;3;4;5;6;7;8;9;10;11;12;13;14;15;16;17;18;19;20;21;22;23;24;25;26;27;28;29;30;31;32;33;34;35;36;37;38;39;40;41;42;43;44;45;46;47;48;49;50;51;52;53;54;55;56;57;58;59;60;61;62;63,joined_request_step_forward_and_loaded_layers,"{""num_computed_after"":20598,""preempted_req_count"":0,""prompt_len"":20585,""running_count"":1,""status"":""RUNNING"",""waiting_count"":0}",970967,5060,/public/home/tangyu408/Qwen_DCU_Worker_0/workload_profile/algorithmic_trace/traces/20260729T050800Z-fx-89687ae2-R02-qwen35-27b-eager-row0-hcu0/events/events.970967.jsonl
decision:00020,20260729T050800Z-fx-89687ae2-R02,pra2026-bh408@3d036144-16-32K-row0-greedy1024,3d03614452cd0a925abc82a7686560ff80252dfa,enforce_eager,0,rank0,HCU0:TCA23906041001,chatcmpl-bench-7f1746b7-0-9eeec82b,20,20260729T050800Z-fx-89687ae2-R02:rank0:schedule:20,batch:1608721d8733d5385b12554f,20,,,,decode,1,20598,20599,scheduler,scheduler_step,schedule_tokens,scheduled:1,loaded_decoder,0;1;2;3;4;5;6;7;8;9;10;11;12;13;14;15;16;17;18;19;20;21;22;23;24;25;26;27;28;29;30;31;32;33;34;35;36;37;38;39;40;41;42;43;44;45;46;47;48;49;50;51;52;53;54;55;56;57;58;59;60;61;62;63,joined_request_step_forward_and_loaded_layers,"{""num_computed_after"":20599,""preempted_req_count"":0,""prompt_len"":20585,""running_count"":1,""status"":""RUNNING"",""waiting_count"":0}",970967,5394,/public/home/tangyu408/Qwen_DCU_Worker_0/workload_profile/algorithmic_trace/traces/20260729T050800Z-fx-89687ae2-R02-qwen35-27b-eager-row0-hcu0/events/events.970967.jsonl
decision:00021,20260729T050800Z-fx-89687ae2-R02,pra2026-bh408@3d036144-16-32K-row0-greedy1024,3d03614452cd0a925abc82a7686560ff80252dfa,enforce_eager,0,rank0,HCU0:TCA23906041001,chatcmpl-bench-7f1746b7-0-9eeec82b,21,20260729T050800Z-fx-89687ae2-R02:rank0:schedule:21,batch:a5424a50a6d9b9e115285c55,21,,,,decode,1,20599,20600,scheduler,scheduler_step,schedule_tokens,scheduled:1,loaded_decoder,0;1;2;3;4;5;6;7;8;9;10;11;12;13;14;15;16;17;18;19;20;21;22;23;24;25;26;27;28;29;30;31;32;33;34;35;36;37;38;39;40;41;42;43;44;45;46;47;48;49;50;51;52;53;54;55;56;57;58;59;60;61;62;63,joined_request_step_forward_and_loaded_layers,"{""num_computed_after"":20600,""preempted_req_count"":0,""prompt_len"":20585,""running_count"":1,""status"":""RUNNING"",""waiting_count"":0}",970967,5728,/public/home/tangyu408/Qwen_DCU_Worker_0/workload_profile/algorithmic_trace/traces/20260729T050800Z-fx-89687ae2-R02-qwen35-27b-eager-row0-hcu0/events/events.970967.jsonl
decision:00022,20260729T050800Z-fx-89687ae2-R02,pra2026-bh408@3d036144-16-32K-row0-greedy1024,3d03614452cd0a925abc82a7686560ff80252dfa,enforce_eager,0,rank0,HCU0:TCA23906041001,chatcmpl-bench-7f1746b7-0-9eeec82b,22,20260729T050800Z-fx-89687ae2-R02:rank0:schedule:22,batch:ee0eeff31398fcb74ed73d8b,22,,,,decode,1,20600,20601,scheduler,scheduler_step,schedule_tokens,scheduled:1,loaded_decoder,0;1;2;3;4;5;6;7;8;9;10;11;12;13;14;15;16;17;18;19;20;21;22;23;24;25;26;27;28;29;30;31;32;33;34;35;36;37;38;39;40;41;42;43;44;45;46;47;48;49;50;51;52;53;54;55;56;57;58;59;60;61;62;63,joined_request_step_forward_and_loaded_layers,"{""num_computed_after"":20601,""preempted_req_count"":0,""prompt_len"":20585,""running_count"":1,""status"":""RUNNING"",""waiting_count"":0}",970967,6062,/public/home/tangyu408/Qwen_DCU_Worker_0/workload_profile/algorithmic_trace/traces/20260729T050800Z-fx-89687ae2-R02-qwen35-27b-eager-row0-hcu0/events/events.970967.jsonl
decision:00023,20260729T050800Z-fx-89687ae2-R02,pra2026-bh408@3d036144-16-32K-row0-greedy1024,3d03614452cd0a925abc82a7686560ff80252dfa,enforce_eager,0,rank0,HCU0:TCA23906041001,chatcmpl-bench-7f1746b7-0-9eeec82b,23,20260729T050800Z-fx-89687ae2-R02:rank0:schedule:23,batch:78813fabdbd8ec1e1e652c9c,23,,,,decode,1,20601,20602,scheduler,scheduler_step,schedule_tokens,scheduled:1,loaded_decoder,0;1;2;3;4;5;6;7;8;9;10;11;12;13;14;15;16;17;18;19;20;21;22;23;24;25;26;27;28;29;30;31;32;33;34;35;36;37;38;39;40;41;42;43;44;45;46;47;48;49;50;51;52;53;54;55;56;57;58;59;60;61;62;63,joined_request_step_forward_and_loaded_layers,"{""num_computed_after"":20602,""preempted_req_count"":0,""prompt_len"":20585,""running_count"":1,""status"":""RUNNING"",""waiting_count"":0}",970967,6396,/public/home/tangyu408/Qwen_DCU_Worker_0/workload_profile/algorithmic_trace/traces/20260729T050800Z-fx-89687ae2-R02-qwen35-27b-eager-row0-hcu0/events/events.970967.jsonl
decision:00024,20260729T050800Z-fx-89687ae2-R02,pra2026-bh408@3d036144-16-32K-row0-greedy1024,3d03614452cd0a925abc82a7686560ff80252dfa,enforce_eager,0,rank0,HCU0:TCA23906041001,chatcmpl-bench-7f1746b7-0-9eeec82b,24,20260729T050800Z-fx-89687ae2-R02:rank0:schedule:24,batch:36abbc89f38e024433e99e5b,24,,,,decode,1,20602,20603,scheduler,scheduler_step,schedule_tokens,scheduled:1,loaded_decoder,0;1;2;3;4;5;6;7;8;9;10;11;12;13;14;15;16;17;18;19;20;21;22;23;24;25;26;27;28;29;30;31;32;33;34;35;36;37;38;39;40;41;42;43;44;45;46;47;48;49;50;51;52;53;54;55;56;57;58;59;60;61;62;63,joined_request_step_forward_and_loaded_layers,"{""num_computed_after"":20603,""preempted_req_count"":0,""prompt_len"":20585,""running_count"":1,""status"":""RUNNING"",""waiting_count"":0}",970967,6730,/public/home/tangyu408/Qwen_DCU_Worker_0/workload_profile/algorithmic_trace/traces/20260729T050800Z-fx-89687ae2-R02-qwen35-27b-eager-row0-hcu0/events/events.970967.jsonl
decision:00025,20260729T050800Z-fx-89687ae2-R02,pra2026-bh408@3d036144-16-32K-row0-greedy1024,3d03614452cd0a925abc82a7686560ff80252dfa,enforce_eager,0,rank0,HCU0:TCA23906041001,chatcmpl-bench-7f1746b7-0-9eeec82b,25,20260729T050800Z-fx-89687ae2-R02:rank0:schedule:25,batch:11aa5a48bb0ec5f2b43ada7c,25,,,,decode,1,20603,20604,scheduler,scheduler_step,schedule_tokens,scheduled:1,loaded_decoder,0;1;2;3;4;5;6;7;8;9;10;11;12;13;14;15;16;17;18;19;20;21;22;23;24;25;26;27;28;29;30;31;32;33;34;35;36;37;38;39;40;41;42;43;44;45;46;47;48;49;50;51;52;53;54;55;56;57;58;59;60;61;62;63,joined_request_step_forward_and_loaded_layers,"{""num_computed_after"":20604,""preempted_req_count"":0,""prompt_len"":20585,""running_count"":1,""status"":""RUNNING"",""waiting_count"":0}",970967,7064,/public/home/tangyu408/Qwen_DCU_Worker_0/workload_profile/algorithmic_trace/traces/20260729T050800Z-fx-89687ae2-R02-qwen35-27b-eager-row0-hcu0/events/events.970967.jsonl
decision:00026,20260729T050800Z-fx-89687ae2-R02,pra2026-bh408@3d036144-16-32K-row0-greedy1024,3d03614452cd0a925abc82a7686560ff80252dfa,enforce_eager,0,rank0,HCU0:TCA23906041001,chatcmpl-bench-7f1746b7-0-9eeec82b,26,20260729T050800Z-fx-89687ae2-R02:rank0:schedule:26,batch:b2ebbdc55d6285df3f2df3e5,26,,,,decode,1,20604,20605,scheduler,scheduler_step,schedule_tokens,scheduled:1,loaded_decoder,0;1;2;3;4;5;6;7;8;9;10;11;12;13;14;15;16;17;18;19;20;21;22;23;24;25;26;27;28;29;30;31;32;33;34;35;36;37;38;39;40;41;42;43;44;45;46;47;48;49;50;51;52;53;54;55;56;57;58;59;60;61;62;63,joined_request_step_forward_and_loaded_layers,"{""num_computed_after"":20605,""preempted_req_count"":0,""prompt_len"":20585,""running_count"":1,""status"":""RUNNING"",""waiting_count"":0}",970967,7398,/public/home/tangyu408/Qwen_DCU_Worker_0/workload_profile/algorithmic_trace/traces/20260729T050800Z-fx-89687ae2-R02-qwen35-27b-eager-row0-hcu0/events/events.970967.jsonl
decision:00027,20260729T050800Z-fx-89687ae2-R02,pra2026-bh408@3d036144-16-32K-row0-greedy1024,3d03614452cd0a925abc82a7686560ff80252dfa,enforce_eager,0,rank0,HCU0:TCA23906041001,chatcmpl-bench-7f1746b7-0-9eeec82b,27,20260729T050800Z-fx-89687ae2-R02:rank0:schedule:27,batch:1fe81a3becec57cf1be4df8d,27,,,,decode,1,20605,20606,scheduler,scheduler_step,schedule_tokens,scheduled:1,loaded_decoder,0;1;2;3;4;5;6;7;8;9;10;11;12;13;14;15;16;17;18;19;20;21;22;23;24;25;26;27;28;29;30;31;32;33;34;35;36;37;38;39;40;41;42;43;44;45;46;47;48;49;50;51;52;53;54;55;56;57;58;59;60;61;62;63,joined_request_step_forward_and_loaded_layers,"{""num_computed_after"":20606,""preempted_req_count"":0,""prompt_len"":20585,""running_count"":1,""status"":""RUNNING"",""waiting_count"":0}",970967,7732,/public/home/tangyu408/Qwen_DCU_Worker_0/workload_profile/algorithmic_trace/traces/20260729T050800Z-fx-89687ae2-R02-qwen35-27b-eager-row0-hcu0/events/events.970967.jsonl
decision:00028,20260729T050800Z-fx-89687ae2-R02,pra2026-bh408@3d036144-16-32K-row0-greedy1024,3d03614452cd0a925abc82a7686560ff80252dfa,enforce_eager,0,rank0,HCU0:TCA23906041001,chatcmpl-bench-7f1746b7-0-9eeec82b,28,20260729T050800Z-fx-89687ae2-R02:rank0:schedule:28,batch:72521f82babaa9450ba77a28,28,,,,decode,1,20606,20607,scheduler,scheduler_step,schedule_tokens,scheduled:1,loaded_decoder,0;1;2;3;4;5;6;7;8;9;10;11;12;13;14;15;16;17;18;19;20;21;22;23;24;25;26;27;28;29;30;31;32;33;34;35;36;37;38;39;40;41;42;43;44;45;46;47;48;49;50;51;52;53;54;55;56;57;58;59;60;61;62;63,joined_request_step_forward_and_loaded_layers,"{""num_computed_after"":20607,""preempted_req_count"":0,""prompt_len"":20585,""running_count"":1,""status"":""RUNNING"",""waiting_count"":0}",970967,8066,/public/home/tangyu408/Qwen_DCU_Worker_0/workload_profile/algorithmic_trace/traces/20260729T050800Z-fx-89687ae2-R02-qwen35-27b-eager-row0-hcu0/events/events.970967.jsonl
decision:00029,20260729T050800Z-fx-89687ae2-R02,pra2026-bh408@3d036144-16-32K-row0-greedy1024,3d03614452cd0a925abc82a7686560ff80252dfa,enforce_eager,0,rank0,HCU0:TCA23906041001,chatcmpl-bench-7f1746b7-0-9eeec82b,29,20260729T050800Z-fx-89687ae2-R02:rank0:schedule:29,batch:ff8077c1fff4dbadc829b7f3,29,,,,decode,1,20607,20608,scheduler,scheduler_step,schedule_tokens,scheduled:1,loaded_decoder,0;1;2;3;4;5;6;7;8;9;10;11;12;13;14;15;16;17;18;19;20;21;22;23;24;25;26;27;28;29;30;31;32;33;34;35;36;37;38;39;40;41;42;43;44;45;46;47;48;49;50;51;52;53;54;55;56;57;58;59;60;61;62;63,joined_request_step_forward_and_loaded_layers,"{""num_computed_after"":20608,""preempted_req_count"":0,""prompt_len"":20585,""running_count"":1,""status"":""RUNNING"",""waiting_count"":0}",970967,8400,/public/home/tangyu408/Qwen_DCU_Worker_0/workload_profile/algorithmic_trace/traces/20260729T050800Z-fx-89687ae2-R02-qwen35-27b-eager-row0-hcu0/events/events.970967.jsonl
decision:00030,20260729T050800Z-fx-89687ae2-R02,pra2026-bh408@3d036144-16-32K-row0-greedy1024,3d03614452cd0a925abc82a7686560ff80252dfa,enforce_eager,0,rank0,HCU0:TCA23906041001,,30,20260729T050800Z-fx-89687ae2-R02:rank0:schedule:30,batch:a37eb3750a8d43ea90cf3159,30,,,,empty,0,,,scheduler,scheduler_step,schedule_empty,async_drain,no_request,,explicit_empty_non_request_exception,"{""running_count"":0}",970967,8734,/public/home/tangyu408/Qwen_DCU_Worker_0/workload_profile/algorithmic_trace/traces/20260729T050800Z-fx-89687ae2-R02-qwen35-27b-eager-row0-hcu0/events/events.970967.jsonl
decision:00031,20260729T050800Z-fx-89687ae2-R02,pra2026-bh408@3d036144-16-32K-row0-greedy1024,3d03614452cd0a925abc82a7686560ff80252dfa,enforce_eager,0,rank0,HCU0:TCA23906041001,chatcmpl-bench-7f1746b7-0-9eeec82b,1,20260729T050800Z-fx-89687ae2-R02:rank0:schedule:1,batch:b655c45f3b212e0ac7431efa,1,,,,prefill_chunk,4096,0,4096,cache_state,kv_get_computed_blocks,prefix_cache_lookup,computed_tokens:0,loaded_hybrid_cache_groups,0;1;2;3;4;5;6;7;8;9;10;11;12;13;14;15;16;17;18;19;20;21;22;23;24;25;26;27;28;29;30;31;32;33;34;35;36;37;38;39;40;41;42;43;44;45;46;47;48;49;50;51;52;53;54;55;56;57;58;59;60;61;62;63,joined_request_step_forward_and_loaded_layers,"{""block_counts"":[0,0,0,0],""cache_usage"":0.0,""computed_tokens"":0}",970967,6,/public/home/tangyu408/Qwen_DCU_Worker_0/workload_profile/algorithmic_trace/traces/20260729T050800Z-fx-89687ae2-R02-qwen35-27b-eager-row0-hcu0/events/events.970967.jsonl
decision:00032,20260729T050800Z-fx-89687ae2-R02,pra2026-bh408@3d036144-16-32K-row0-greedy1024,3d03614452cd0a925abc82a7686560ff80252dfa,enforce_eager,0,rank0,HCU0:TCA23906041001,chatcmpl-bench-7f1746b7-0-9eeec82b,1,20260729T050800Z-fx-89687ae2-R02:rank0:schedule:1,batch:b655c45f3b212e0ac7431efa,1,,,,prefill_chunk,4096,0,4096,cache_state,kv_allocate_slots,allocate_slots,allocated:True,loaded_hybrid_cache_groups,0;1;2;3;4;5;6;7;8;9;10;11;12;13;14;15;16;17;18;19;20;21;22;23;24;25;26;27;28;29;30;31;32;33;34;35;36;37;38;39;40;41;42;43;44;45;46;47;48;49;50;51;52;53;54;55;56;57;58;59;60;61;62;63,joined_request_step_forward_and_loaded_layers,"{""block_counts"":[1,1,1,6],""cache_usage"":0.06521739130434778,""free_blocks_after"":129,""free_blocks_before"":138}",970967,7,/public/home/tangyu408/Qwen_DCU_Worker_0/workload_profile/algorithmic_trace/traces/20260729T050800Z-fx-89687ae2-R02-qwen35-27b-eager-row0-hcu0/events/events.970967.jsonl
decision:00033,20260729T050800Z-fx-89687ae2-R02,pra2026-bh408@3d036144-16-32K-row0-greedy1024,3d03614452cd0a925abc82a7686560ff80252dfa,enforce_eager,0,rank0,HCU0:TCA23906041001,chatcmpl-bench-7f1746b7-0-9eeec82b,2,20260729T050800Z-fx-89687ae2-R02:rank0:schedule:2,batch:bfd49d0e5fc15e669f70e5a5,2,,,,prefill_chunk,4096,4096,8192,cache_state,kv_allocate_slots,allocate_slots,allocated:True,loaded_hybrid_cache_groups,0;1;2;3;4;5;6;7;8;9;10;11;12;13;14;15;16;17;18;19;20;21;22;23;24;25;26;27;28;29;30;31;32;33;34;35;36;37;38;39;40;41;42;43;44;45;46;47;48;49;50;51;52;53;54;55;56;57;58;59;60;61;62;63,joined_request_step_forward_and_loaded_layers,"{""block_counts"":[0,0,0,5],""cache_usage"":0.10144927536231885,""free_blocks_after"":124,""free_blocks_before"":129}",970967,180,/public/home/tangyu408/Qwen_DCU_Worker_0/workload_profile/algorithmic_trace/traces/20260729T050800Z-fx-89687ae2-R02-qwen35-27b-eager-row0-hcu0/events/events.970967.jsonl
decision:00034,20260729T050800Z-fx-89687ae2-R02,pra2026-bh408@3d036144-16-32K-row0-greedy1024,3d03614452cd0a925abc82a7686560ff80252dfa,enforce_eager,0,rank0,HCU0:TCA23906041001,chatcmpl-bench-7f1746b7-0-9eeec82b,3,20260729T050800Z-fx-89687ae2-R02:rank0:schedule:3,batch:a243ac6ac732b547527c78dd,3,,,,prefill_chunk,4096,8192,12288,cache_state,kv_allocate_slots,allocate_slots,allocated:True,loaded_hybrid_cache_groups,0;1;2;3;4;5;6;7;8;9;10;11;12;13;14;15;16;17;18;19;20;21;22;23;24;25;26;27;28;29;30;31;32;33;34;35;36;37;38;39;40;41;42;43;44;45;46;47;48;49;50;51;52;53;54;55;56;57;58;59;60;61;62;63,joined_request_step_forward_and_loaded_layers,"{""block_counts"":[0,0,0,5],""cache_usage"":0.1376811594202898,""free_blocks_after"":119,""free_blocks_before"":124}",970967,354,/public/home/tangyu408/Qwen_DCU_Worker_0/workload_profile/algorithmic_trace/traces/20260729T050800Z-fx-89687ae2-R02-qwen35-27b-eager-row0-hcu0/events/events.970967.jsonl
decision:00035,20260729T050800Z-fx-89687ae2-R02,pra2026-bh408@3d036144-16-32K-row0-greedy1024,3d03614452cd0a925abc82a7686560ff80252dfa,enforce_eager,0,rank0,HCU0:TCA23906041001,chatcmpl-bench-7f1746b7-0-9eeec82b,4,20260729T050800Z-fx-89687ae2-R02:rank0:schedule:4,batch:41534ff61363b90816b2da50,4,,,,prefill_chunk,4096,12288,16384,cache_state,kv_allocate_slots,allocate_slots,allocated:True,loaded_hybrid_cache_groups,0;1;2;3;4;5;6;7;8;9;10;11;12;13;14;15;16;17;18;19;20;21;22;23;24;25;26;27;28;29;30;31;32;33;34;35;36;37;38;39;40;41;42;43;44;45;46;47;48;49;50;51;52;53;54;55;56;57;58;59;60;61;62;63,joined_request_step_forward_and_loaded_layers,"{""block_counts"":[0,0,0,5],""cache_usage"":0.17391304347826086,""free_blocks_after"":114,""free_blocks_before"":119}",970967,528,/public/home/tangyu408/Qwen_DCU_Worker_0/workload_profile/algorithmic_trace/traces/20260729T050800Z-fx-89687ae2-R02-qwen35-27b-eager-row0-hcu0/events/events.970967.jsonl
decision:00036,20260729T050800Z-fx-89687ae2-R02,pra2026-bh408@3d036144-16-32K-row0-greedy1024,3d03614452cd0a925abc82a7686560ff80252dfa,enforce_eager,0,rank0,HCU0:TCA23906041001,chatcmpl-bench-7f1746b7-0-9eeec82b,5,20260729T050800Z-fx-89687ae2-R02:rank0:schedule:5,batch:f9efb17b5693218d44033573,5,,,,prefill_chunk,4096,16384,20480,cache_state,kv_allocate_slots,allocate_slots,allocated:True,loaded_hybrid_cache_groups,0;1;2;3;4;5;6;7;8;9;10;11;12;13;14;15;16;17;18;19;20;21;22;23;24;25;26;27;28;29;30;31;32;33;34;35;36;37;38;39;40;41;42;43;44;45;46;47;48;49;50;51;52;53;54;55;56;57;58;59;60;61;62;63,joined_request_step_forward_and_loaded_layers,"{""block_counts"":[0,0,0,6],""cache_usage"":0.21739130434782605,""free_blocks_after"":108,""free_blocks_before"":114}",970967,702,/public/home/tangyu408/Qwen_DCU_Worker_0/workload_profile/algorithmic_trace/traces/20260729T050800Z-fx-89687ae2-R02-qwen35-27b-eager-row0-hcu0/events/events.970967.jsonl
decision:00037,20260729T050800Z-fx-89687ae2-R02,pra2026-bh408@3d036144-16-32K-row0-greedy1024,3d03614452cd0a925abc82a7686560ff80252dfa,enforce_eager,0,rank0,HCU0:TCA23906041001,chatcmpl-bench-7f1746b7-0-9eeec82b,6,20260729T050800Z-fx-89687ae2-R02:rank0:schedule:6,batch:c73cd7e400961f58c09e85a8,6,,,,prefill_chunk,105,20480,20585,cache_state,kv_allocate_slots,allocate_slots,allocated:True,loaded_hybrid_cache_groups,0;1;2;3;4;5;6;7;8;9;10;11;12;13;14;15;16;17;18;19;20;21;22;23;24;25;26;27;28;29;30;31;32;33;34;35;36;37;38;39;40;41;42;43;44;45;46;47;48;49;50;51;52;53;54;55;56;57;58;59;60;61;62;63,joined_request_step_forward_and_loaded_layers,"{""block_counts"":[0,0,0,0],""cache_usage"":0.21739130434782605,""free_blocks_after"":108,""free_blocks_before"":108}",970967,876,/public/home/tangyu408/Qwen_DCU_Worker_0/workload_profile/algorithmic_trace/traces/20260729T050800Z-fx-89687ae2-R02-qwen35-27b-eager-row0-hcu0/events/events.970967.jsonl
decision:00038,20260729T050800Z-fx-89687ae2-R02,pra2026-bh408@3d036144-16-32K-row0-greedy1024,3d03614452cd0a925abc82a7686560ff80252dfa,enforce_eager,0,rank0,HCU0:TCA23906041001,chatcmpl-bench-7f1746b7-0-9eeec82b,7,20260729T050800Z-fx-89687ae2-R02:rank0:schedule:7,batch:3b46a4491b7a697518068bc9,7,,,,decode,1,20585,20586,cache_state,kv_allocate_slots,allocate_slots,allocated:True,loaded_hybrid_cache_groups,0;1;2;3;4;5;6;7;8;9;10;11;12;13;14;15;16;17;18;19;20;21;22;23;24;25;26;27;28;29;30;31;32;33;34;35;36;37;38;39;40;41;42;43;44;45;46;47;48;49;50;51;52;53;54;55;56;57;58;59;60;61;62;63,joined_request_step_forward_and_loaded_layers,"{""block_counts"":[0,0,0,0],""cache_usage"":0.21739130434782605,""free_blocks_after"":108,""free_blocks_before"":108}",970967,1050,/public/home/tangyu408/Qwen_DCU_Worker_0/workload_profile/algorithmic_trace/traces/20260729T050800Z-fx-89687ae2-R02-qwen35-27b-eager-row0-hcu0/events/events.970967.jsonl
decision:00039,20260729T050800Z-fx-89687ae2-R02,pra2026-bh408@3d036144-16-32K-row0-greedy1024,3d03614452cd0a925abc82a7686560ff80252dfa,enforce_eager,0,rank0,HCU0:TCA23906041001,chatcmpl-bench-7f1746b7-0-9eeec82b,8,20260729T050800Z-fx-89687ae2-R02:rank0:schedule:8,batch:6b9c2bc163802110c3a93d6a,8,,,,decode,1,20586,20587,cache_state,kv_allocate_slots,allocate_slots,allocated:True,loaded_hybrid_cache_groups,0;1;2;3;4;5;6;7;8;9;10;11;12;13;14;15;16;17;18;19;20;21;22;23;24;25;26;27;28;29;30;31;32;33;34;35;36;37;38;39;40;41;42;43;44;45;46;47;48;49;50;51;52;53;54;55;56;57;58;59;60;61;62;63,joined_request_step_forward_and_loaded_layers,"{""block_counts"":[0,0,0,0],""cache_usage"":0.21739130434782605,""free_blocks_after"":108,""free_blocks_before"":108}",970967,1384,/public/home/tangyu408/Qwen_DCU_Worker_0/workload_profile/algorithmic_trace/traces/20260729T050800Z-fx-89687ae2-R02-qwen35-27b-eager-row0-hcu0/events/events.970967.jsonl
decision:00040,20260729T050800Z-fx-89687ae2-R02,pra2026-bh408@3d036144-16-32K-row0-greedy1024,3d03614452cd0a925abc82a7686560ff80252dfa,enforce_eager,0,rank0,HCU0:TCA23906041001,chatcmpl-bench-7f1746b7-0-9eeec82b,9,20260729T050800Z-fx-89687ae2-R02:rank0:schedule:9,batch:8c79e79943f13046409450d6,9,,,,decode,1,20587,20588,cache_state,kv_allocate_slots,allocate_slots,allocated:True,loaded_hybrid_cache_groups,0;1;2;3;4;5;6;7;8;9;10;11;12;13;14;15;16;17;18;19;20;21;22;23;24;25;26;27;28;29;30;31;32;33;34;35;36;37;38;39;40;41;42;43;44;45;46;47;48;49;50;51;52;53;54;55;56;57;58;59;60;61;62;63,joined_request_step_forward_and_loaded_layers,"{""block_counts"":[0,0,0,0],""cache_usage"":0.21739130434782605,""free_blocks_after"":108,""free_blocks_before"":108}",970967,1718,/public/home/tangyu408/Qwen_DCU_Worker_0/workload_profile/algorithmic_trace/traces/20260729T050800Z-fx-89687ae2-R02-qwen35-27b-eager-row0-hcu0/events/events.970967.jsonl
decision:00041,20260729T050800Z-fx-89687ae2-R02,pra2026-bh408@3d036144-16-32K-row0-greedy1024,3d03614452cd0a925abc82a7686560ff80252dfa,enforce_eager,0,rank0,HCU0:TCA23906041001,chatcmpl-bench-7f1746b7-0-9eeec82b,10,20260729T050800Z-fx-89687ae2-R02:rank0:schedule:10,batch:a7662b656dc4ae29276d92b7,10,,,,decode,1,20588,20589,cache_state,kv_allocate_slots,allocate_slots,allocated:True,loaded_hybrid_cache_groups,0;1;2;3;4;5;6;7;8;9;10;11;12;13;14;15;16;17;18;19;20;21;22;23;24;25;26;27;28;29;30;31;32;33;34;35;36;37;38;39;40;41;42;43;44;45;46;47;48;49;50;51;52;53;54;55;56;57;58;59;60;61;62;63,joined_request_step_forward_and_loaded_layers,"{""block_counts"":[0,0,0,0],""cache_usage"":0.21739130434782605,""free_blocks_after"":108,""free_blocks_before"":108}",970967,2052,/public/home/tangyu408/Qwen_DCU_Worker_0/workload_profile/algorithmic_trace/traces/20260729T050800Z-fx-89687ae2-R02-qwen35-27b-eager-row0-hcu0/events/events.970967.jsonl
decision:00042,20260729T050800Z-fx-89687ae2-R02,pra2026-bh408@3d036144-16-32K-row0-greedy1024,3d03614452cd0a925abc82a7686560ff80252dfa,enforce_eager,0,rank0,HCU0:TCA23906041001,chatcmpl-bench-7f1746b7-0-9eeec82b,11,20260729T050800Z-fx-89687ae2-R02:rank0:schedule:11,batch:f5ab0e40a3f692f5782cba54,11,,,,decode,1,20589,20590,cache_state,kv_allocate_slots,allocate_slots,allocated:True,loaded_hybrid_cache_groups,0;1;2;3;4;5;6;7;8;9;10;11;12;13;14;15;16;17;18;19;20;21;22;23;24;25;26;27;28;29;30;31;32;33;34;35;36;37;38;39;40;41;42;43;44;45;46;47;48;49;50;51;52;53;54;55;56;57;58;59;60;61;62;63,joined_request_step_forward_and_loaded_layers,"{""block_counts"":[0,0,0,0],""cache_usage"":0.21739130434782605,""free_blocks_after"":108,""free_blocks_before"":108}",970967,2386,/public/home/tangyu408/Qwen_DCU_Worker_0/workload_profile/algorithmic_trace/traces/20260729T050800Z-fx-89687ae2-R02-qwen35-27b-eager-row0-hcu0/events/events.970967.jsonl
decision:00043,20260729T050800Z-fx-89687ae2-R02,pra2026-bh408@3d036144-16-32K-row0-greedy1024,3d03614452cd0a925abc82a7686560ff80252dfa,enforce_eager,0,rank0,HCU0:TCA23906041001,chatcmpl-bench-7f1746b7-0-9eeec82b,12,20260729T050800Z-fx-89687ae2-R02:rank0:schedule:12,batch:a48b18cb4f27f8096384caa0,12,,,,decode,1,20590,20591,cache_state,kv_allocate_slots,allocate_slots,allocated:True,loaded_hybrid_cache_groups,0;1;2;3;4;5;6;7;8;9;10;11;12;13;14;15;16;17;18;19;20;21;22;23;24;25;26;27;28;29;30;31;32;33;34;35;36;37;38;39;40;41;42;43;44;45;46;47;48;49;50;51;52;53;54;55;56;57;58;59;60;61;62;63,joined_request_step_forward_and_loaded_layers,"{""block_counts"":[0,0,0,0],""cache_usage"":0.21739130434782605,""free_blocks_after"":108,""free_blocks_before"":108}",970967,2720,/public/home/tangyu408/Qwen_DCU_Worker_0/workload_profile/algorithmic_trace/traces/20260729T050800Z-fx-89687ae2-R02-qwen35-27b-eager-row0-hcu0/events/events.970967.jsonl
decision:00044,20260729T050800Z-fx-89687ae2-R02,pra2026-bh408@3d036144-16-32K-row0-greedy1024,3d03614452cd0a925abc82a7686560ff80252dfa,enforce_eager,0,rank0,HCU0:TCA23906041001,chatcmpl-bench-7f1746b7-0-9eeec82b,13,20260729T050800Z-fx-89687ae2-R02:rank0:schedule:13,batch:8ff9d020967316b76245df48,13,,,,decode,1,20591,20592,cache_state,kv_allocate_slots,allocate_slots,allocated:True,loaded_hybrid_cache_groups,0;1;2;3;4;5;6;7;8;9;10;11;12;13;14;15;16;17;18;19;20;21;22;23;24;25;26;27;28;29;30;31;32;33;34;35;36;37;38;39;40;41;42;43;44;45;46;47;48;49;50;51;52;53;54;55;56;57;58;59;60;61;62;63,joined_request_step_forward_and_loaded_layers,"{""block_counts"":[0,0,0,0],""cache_usage"":0.21739130434782605,""free_blocks_after"":108,""free_blocks_before"":108}",970967,3054,/public/home/tangyu408/Qwen_DCU_Worker_0/workload_profile/algorithmic_trace/traces/20260729T050800Z-fx-89687ae2-R02-qwen35-27b-eager-row0-hcu0/events/events.970967.jsonl
decision:00045,20260729T050800Z-fx-89687ae2-R02,pra2026-bh408@3d036144-16-32K-row0-greedy1024,3d03614452cd0a925abc82a7686560ff80252dfa,enforce_eager,0,rank0,HCU0:TCA23906041001,chatcmpl-bench-7f1746b7-0-9eeec82b,14,20260729T050800Z-fx-89687ae2-R02:rank0:schedule:14,batch:b3beb11dd9b0ab888dd8dc91,14,,,,decode,1,20592,20593,cache_state,kv_allocate_slots,allocate_slots,allocated:True,loaded_hybrid_cache_groups,0;1;2;3;4;5;6;7;8;9;10;11;12;13;14;15;16;17;18;19;20;21;22;23;24;25;26;27;28;29;30;31;32;33;34;35;36;37;38;39;40;41;42;43;44;45;46;47;48;49;50;51;52;53;54;55;56;57;58;59;60;61;62;63,joined_request_step_forward_and_loaded_layers,"{""block_counts"":[0,0,0,0],""cache_usage"":0.21739130434782605,""free_blocks_after"":108,""free_blocks_before"":108}",970967,3388,/public/home/tangyu408/Qwen_DCU_Worker_0/workload_profile/algorithmic_trace/traces/20260729T050800Z-fx-89687ae2-R02-qwen35-27b-eager-row0-hcu0/events/events.970967.jsonl
decision:00046,20260729T050800Z-fx-89687ae2-R02,pra2026-bh408@3d036144-16-32K-row0-greedy1024,3d03614452cd0a925abc82a7686560ff80252dfa,enforce_eager,0,rank0,HCU0:TCA23906041001,chatcmpl-bench-7f1746b7-0-9eeec82b,15,20260729T050800Z-fx-89687ae2-R02:rank0:schedule:15,batch:4af35f18b20237534540b417,15,,,,decode,1,20593,20594,cache_state,kv_allocate_slots,allocate_slots,allocated:True,loaded_hybrid_cache_groups,0;1;2;3;4;5;6;7;8;9;10;11;12;13;14;15;16;17;18;19;20;21;22;23;24;25;26;27;28;29;30;31;32;33;34;35;36;37;38;39;40;41;42;43;44;45;46;47;48;49;50;51;52;53;54;55;56;57;58;59;60;61;62;63,joined_request_step_forward_and_loaded_layers,"{""block_counts"":[0,0,0,0],""cache_usage"":0.21739130434782605,""free_blocks_after"":108,""free_blocks_before"":108}",970967,3722,/public/home/tangyu408/Qwen_DCU_Worker_0/workload_profile/algorithmic_trace/traces/20260729T050800Z-fx-89687ae2-R02-qwen35-27b-eager-row0-hcu0/events/events.970967.jsonl
decision:00047,20260729T050800Z-fx-89687ae2-R02,pra2026-bh408@3d036144-16-32K-row0-greedy1024,3d03614452cd0a925abc82a7686560ff80252dfa,enforce_eager,0,rank0,HCU0:TCA23906041001,chatcmpl-bench-7f1746b7-0-9eeec82b,16,20260729T050800Z-fx-89687ae2-R02:rank0:schedule:16,batch:162e22d54309dc940f5cdc50,16,,,,decode,1,20594,20595,cache_state,kv_allocate_slots,allocate_slots,allocated:True,loaded_hybrid_cache_groups,0;1;2;3;4;5;6;7;8;9;10;11;12;13;14;15;16;17;18;19;20;21;22;23;24;25;26;27;28;29;30;31;32;33;34;35;36;37;38;39;40;41;42;43;44;45;46;47;48;49;50;51;52;53;54;55;56;57;58;59;60;61;62;63,joined_request_step_forward_and_loaded_layers,"{""block_counts"":[0,0,0,0],""cache_usage"":0.21739130434782605,""free_blocks_after"":108,""free_blocks_before"":108}",970967,4056,/public/home/tangyu408/Qwen_DCU_Worker_0/workload_profile/algorithmic_trace/traces/20260729T050800Z-fx-89687ae2-R02-qwen35-27b-eager-row0-hcu0/events/events.970967.jsonl
decision:00048,20260729T050800Z-fx-89687ae2-R02,pra2026-bh408@3d036144-16-32K-row0-greedy1024,3d03614452cd0a925abc82a7686560ff80252dfa,enforce_eager,0,rank0,HCU0:TCA23906041001,chatcmpl-bench-7f1746b7-0-9eeec82b,17,20260729T050800Z-fx-89687ae2-R02:rank0:schedule:17,batch:3bedd4eb38f49155ba5b6621,17,,,,decode,1,20595,20596,cache_state,kv_allocate_slots,allocate_slots,allocated:True,loaded_hybrid_cache_groups,0;1;2;3;4;5;6;7;8;9;10;11;12;13;14;15;16;17;18;19;20;21;22;23;24;25;26;27;28;29;30;31;32;33;34;35;36;37;38;39;40;41;42;43;44;45;46;47;48;49;50;51;52;53;54;55;56;57;58;59;60;61;62;63,joined_request_step_forward_and_loaded_layers,"{""block_counts"":[0,0,0,0],""cache_usage"":0.21739130434782605,""free_blocks_after"":108,""free_blocks_before"":108}",970967,4390,/public/home/tangyu408/Qwen_DCU_Worker_0/workload_profile/algorithmic_trace/traces/20260729T050800Z-fx-89687ae2-R02-qwen35-27b-eager-row0-hcu0/events/events.970967.jsonl
decision:00049,20260729T050800Z-fx-89687ae2-R02,pra2026-bh408@3d036144-16-32K-row0-greedy1024,3d03614452cd0a925abc82a7686560ff80252dfa,enforce_eager,0,rank0,HCU0:TCA23906041001,chatcmpl-bench-7f1746b7-0-9eeec82b,18,20260729T050800Z-fx-89687ae2-R02:rank0:schedule:18,batch:1d62dedc9ff74506551a7b9e,18,,,,decode,1,20596,20597,cache_state,kv_allocate_slots,allocate_slots,allocated:True,loaded_hybrid_cache_groups,0;1;2;3;4;5;6;7;8;9;10;11;12;13;14;15;16;17;18;19;20;21;22;23;24;25;26;27;28;29;30;31;32;33;34;35;36;37;38;39;40;41;42;43;44;45;46;47;48;49;50;51;52;53;54;55;56;57;58;59;60;61;62;63,joined_request_step_forward_and_loaded_layers,"{""block_counts"":[0,0,0,0],""cache_usage"":0.21739130434782605,""free_blocks_after"":108,""free_blocks_before"":108}",970967,4724,/public/home/tangyu408/Qwen_DCU_Worker_0/workload_profile/algorithmic_trace/traces/20260729T050800Z-fx-89687ae2-R02-qwen35-27b-eager-row0-hcu0/events/events.970967.jsonl
decision:00050,20260729T050800Z-fx-89687ae2-R02,pra2026-bh408@3d036144-16-32K-row0-greedy1024,3d03614452cd0a925abc82a7686560ff80252dfa,enforce_eager,0,rank0,HCU0:TCA23906041001,chatcmpl-bench-7f1746b7-0-9eeec82b,19,20260729T050800Z-fx-89687ae2-R02:rank0:schedule:19,batch:6fe80a648bb579e4c276cdc8,19,,,,decode,1,20597,20598,cache_state,kv_allocate_slots,allocate_slots,allocated:True,loaded_hybrid_cache_groups,0;1;2;3;4;5;6;7;8;9;10;11;12;13;14;15;16;17;18;19;20;21;22;23;24;25;26;27;28;29;30;31;32;33;34;35;36;37;38;39;40;41;42;43;44;45;46;47;48;49;50;51;52;53;54;55;56;57;58;59;60;61;62;63,joined_request_step_forward_and_loaded_layers,"{""block_counts"":[0,0,0,0],""cache_usage"":0.21739130434782605,""free_blocks_after"":108,""free_blocks_before"":108}",970967,5058,/public/home/tangyu408/Qwen_DCU_Worker_0/workload_profile/algorithmic_trace/traces/20260729T050800Z-fx-89687ae2-R02-qwen35-27b-eager-row0-hcu0/events/events.970967.jsonl
decision:00051,20260729T050800Z-fx-89687ae2-R02,pra2026-bh408@3d036144-16-32K-row0-greedy1024,3d03614452cd0a925abc82a7686560ff80252dfa,enforce_eager,0,rank0,HCU0:TCA23906041001,chatcmpl-bench-7f1746b7-0-9eeec82b,20,20260729T050800Z-fx-89687ae2-R02:rank0:schedule:20,batch:1608721d8733d5385b12554f,20,,,,decode,1,20598,20599,cache_state,kv_allocate_slots,allocate_slots,allocated:True,loaded_hybrid_cache_groups,0;1;2;3;4;5;6;7;8;9;10;11;12;13;14;15;16;17;18;19;20;21;22;23;24;25;26;27;28;29;30;31;32;33;34;35;36;37;38;39;40;41;42;43;44;45;46;47;48;49;50;51;52;53;54;55;56;57;58;59;60;61;62;63,joined_request_step_forward_and_loaded_layers,"{""block_counts"":[0,0,0,0],""cache_usage"":0.21739130434782605,""free_blocks_after"":108,""free_blocks_before"":108}",970967,5392,/public/home/tangyu408/Qwen_DCU_Worker_0/workload_profile/algorithmic_trace/traces/20260729T050800Z-fx-89687ae2-R02-qwen35-27b-eager-row0-hcu0/events/events.970967.jsonl
decision:00052,20260729T050800Z-fx-89687ae2-R02,pra2026-bh408@3d036144-16-32K-row0-greedy1024,3d03614452cd0a925abc82a7686560ff80252dfa,enforce_eager,0,rank0,HCU0:TCA23906041001,chatcmpl-bench-7f1746b7-0-9eeec82b,21,20260729T050800Z-fx-89687ae2-R02:rank0:schedule:21,batch:a5424a50a6d9b9e115285c55,21,,,,decode,1,20599,20600,cache_state,kv_allocate_slots,allocate_slots,allocated:True,loaded_hybrid_cache_groups,0;1;2;3;4;5;6;7;8;9;10;11;12;13;14;15;16;17;18;19;20;21;22;23;24;25;26;27;28;29;30;31;32;33;34;35;36;37;38;39;40;41;42;43;44;45;46;47;48;49;50;51;52;53;54;55;56;57;58;59;60;61;62;63,joined_request_step_forward_and_loaded_layers,"{""block_counts"":[0,0,0,0],""cache_usage"":0.21739130434782605,""free_blocks_after"":108,""free_blocks_before"":108}",970967,5726,/public/home/tangyu408/Qwen_DCU_Worker_0/workload_profile/algorithmic_trace/traces/20260729T050800Z-fx-89687ae2-R02-qwen35-27b-eager-row0-hcu0/events/events.970967.jsonl
decision:00053,20260729T050800Z-fx-89687ae2-R02,pra2026-bh408@3d036144-16-32K-row0-greedy1024,3d03614452cd0a925abc82a7686560ff80252dfa,enforce_eager,0,rank0,HCU0:TCA23906041001,chatcmpl-bench-7f1746b7-0-9eeec82b,22,20260729T050800Z-fx-89687ae2-R02:rank0:schedule:22,batch:ee0eeff31398fcb74ed73d8b,22,,,,decode,1,20600,20601,cache_state,kv_allocate_slots,allocate_slots,allocated:True,loaded_hybrid_cache_groups,0;1;2;3;4;5;6;7;8;9;10;11;12;13;14;15;16;17;18;19;20;21;22;23;24;25;26;27;28;29;30;31;32;33;34;35;36;37;38;39;40;41;42;43;44;45;46;47;48;49;50;51;52;53;54;55;56;57;58;59;60;61;62;63,joined_request_step_forward_and_loaded_layers,"{""block_counts"":[0,0,0,0],""cache_usage"":0.21739130434782605,""free_blocks_after"":108,""free_blocks_before"":108}",970967,6060,/public/home/tangyu408/Qwen_DCU_Worker_0/workload_profile/algorithmic_trace/traces/20260729T050800Z-fx-89687ae2-R02-qwen35-27b-eager-row0-hcu0/events/events.970967.jsonl
decision:00054,20260729T050800Z-fx-89687ae2-R02,pra2026-bh408@3d036144-16-32K-row0-greedy1024,3d03614452cd0a925abc82a7686560ff80252dfa,enforce_eager,0,rank0,HCU0:TCA23906041001,chatcmpl-bench-7f1746b7-0-9eeec82b,23,20260729T050800Z-fx-89687ae2-R02:rank0:schedule:23,batch:78813fabdbd8ec1e1e652c9c,23,,,,decode,1,20601,20602,cache_state,kv_allocate_slots,allocate_slots,allocated:True,loaded_hybrid_cache_groups,0;1;2;3;4;5;6;7;8;9;10;11;12;13;14;15;16;17;18;19;20;21;22;23;24;25;26;27;28;29;30;31;32;33;34;35;36;37;38;39;40;41;42;43;44;45;46;47;48;49;50;51;52;53;54;55;56;57;58;59;60;61;62;63,joined_request_step_forward_and_loaded_layers,"{""block_counts"":[0,0,0,0],""cache_usage"":0.21739130434782605,""free_blocks_after"":108,""free_blocks_before"":108}",970967,6394,/public/home/tangyu408/Qwen_DCU_Worker_0/workload_profile/algorithmic_trace/traces/20260729T050800Z-fx-89687ae2-R02-qwen35-27b-eager-row0-hcu0/events/events.970967.jsonl
decision:00055,20260729T050800Z-fx-89687ae2-R02,pra2026-bh408@3d036144-16-32K-row0-greedy1024,3d03614452cd0a925abc82a7686560ff80252dfa,enforce_eager,0,rank0,HCU0:TCA23906041001,chatcmpl-bench-7f1746b7-0-9eeec82b,24,20260729T050800Z-fx-89687ae2-R02:rank0:schedule:24,batch:36abbc89f38e024433e99e5b,24,,,,decode,1,20602,20603,cache_state,kv_allocate_slots,allocate_slots,allocated:True,loaded_hybrid_cache_groups,0;1;2;3;4;5;6;7;8;9;10;11;12;13;14;15;16;17;18;19;20;21;22;23;24;25;26;27;28;29;30;31;32;33;34;35;36;37;38;39;40;41;42;43;44;45;46;47;48;49;50;51;52;53;54;55;56;57;58;59;60;61;62;63,joined_request_step_forward_and_loaded_layers,"{""block_counts"":[0,0,0,0],""cache_usage"":0.21739130434782605,""free_blocks_after"":108,""free_blocks_before"":108}",970967,6728,/public/home/tangyu408/Qwen_DCU_Worker_0/workload_profile/algorithmic_trace/traces/20260729T050800Z-fx-89687ae2-R02-qwen35-27b-eager-row0-hcu0/events/events.970967.jsonl
decision:00056,20260729T050800Z-fx-89687ae2-R02,pra2026-bh408@3d036144-16-32K-row0-greedy1024,3d03614452cd0a925abc82a7686560ff80252dfa,enforce_eager,0,rank0,HCU0:TCA23906041001,chatcmpl-bench-7f1746b7-0-9eeec82b,25,20260729T050800Z-fx-89687ae2-R02:rank0:schedule:25,batch:11aa5a48bb0ec5f2b43ada7c,25,,,,decode,1,20603,20604,cache_state,kv_allocate_slots,allocate_slots,allocated:True,loaded_hybrid_cache_groups,0;1;2;3;4;5;6;7;8;9;10;11;12;13;14;15;16;17;18;19;20;21;22;23;24;25;26;27;28;29;30;31;32;33;34;35;36;37;38;39;40;41;42;43;44;45;46;47;48;49;50;51;52;53;54;55;56;57;58;59;60;61;62;63,joined_request_step_forward_and_loaded_layers,"{""block_counts"":[0,0,0,0],""cache_usage"":0.21739130434782605,""free_blocks_after"":108,""free_blocks_before"":108}",970967,7062,/public/home/tangyu408/Qwen_DCU_Worker_0/workload_profile/algorithmic_trace/traces/20260729T050800Z-fx-89687ae2-R02-qwen35-27b-eager-row0-hcu0/events/events.970967.jsonl
decision:00057,20260729T050800Z-fx-89687ae2-R02,pra2026-bh408@3d036144-16-32K-row0-greedy1024,3d03614452cd0a925abc82a7686560ff80252dfa,enforce_eager,0,rank0,HCU0:TCA23906041001,chatcmpl-bench-7f1746b7-0-9eeec82b,26,20260729T050800Z-fx-89687ae2-R02:rank0:schedule:26,batch:b2ebbdc55d6285df3f2df3e5,26,,,,decode,1,20604,20605,cache_state,kv_allocate_slots,allocate_slots,allocated:True,loaded_hybrid_cache_groups,0;1;2;3;4;5;6;7;8;9;10;11;12;13;14;15;16;17;18;19;20;21;22;23;24;25;26;27;28;29;30;31;32;33;34;35;36;37;38;39;40;41;42;43;44;45;46;47;48;49;50;51;52;53;54;55;56;57;58;59;60;61;62;63,joined_request_step_forward_and_loaded_layers,"{""block_counts"":[0,0,0,0],""cache_usage"":0.21739130434782605,""free_blocks_after"":108,""free_blocks_before"":108}",970967,7396,/public/home/tangyu408/Qwen_DCU_Worker_0/workload_profile/algorithmic_trace/traces/20260729T050800Z-fx-89687ae2-R02-qwen35-27b-eager-row0-hcu0/events/events.970967.jsonl
decision:00058,20260729T050800Z-fx-89687ae2-R02,pra2026-bh408@3d036144-16-32K-row0-greedy1024,3d03614452cd0a925abc82a7686560ff80252dfa,enforce_eager,0,rank0,HCU0:TCA23906041001,chatcmpl-bench-7f1746b7-0-9eeec82b,27,20260729T050800Z-fx-89687ae2-R02:rank0:schedule:27,batch:1fe81a3becec57cf1be4df8d,27,,,,decode,1,20605,20606,cache_state,kv_allocate_slots,allocate_slots,allocated:True,loaded_hybrid_cache_groups,0;1;2;3;4;5;6;7;8;9;10;11;12;13;14;15;16;17;18;19;20;21;22;23;24;25;26;27;28;29;30;31;32;33;34;35;36;37;38;39;40;41;42;43;44;45;46;47;48;49;50;51;52;53;54;55;56;57;58;59;60;61;62;63,joined_request_step_forward_and_loaded_layers,"{""block_counts"":[0,0,0,0],""cache_usage"":0.21739130434782605,""free_blocks_after"":108,""free_blocks_before"":108}",970967,7730,/public/home/tangyu408/Qwen_DCU_Worker_0/workload_profile/algorithmic_trace/traces/20260729T050800Z-fx-89687ae2-R02-qwen35-27b-eager-row0-hcu0/events/events.970967.jsonl
decision:00059,20260729T050800Z-fx-89687ae2-R02,pra2026-bh408@3d036144-16-32K-row0-greedy1024,3d03614452cd0a925abc82a7686560ff80252dfa,enforce_eager,0,rank0,HCU0:TCA23906041001,chatcmpl-bench-7f1746b7-0-9eeec82b,28,20260729T050800Z-fx-89687ae2-R02:rank0:schedule:28,batch:72521f82babaa9450ba77a28,28,,,,decode,1,20606,20607,cache_state,kv_allocate_slots,allocate_slots,allocated:True,loaded_hybrid_cache_groups,0;1;2;3;4;5;6;7;8;9;10;11;12;13;14;15;16;17;18;19;20;21;22;23;24;25;26;27;28;29;30;31;32;33;34;35;36;37;38;39;40;41;42;43;44;45;46;47;48;49;50;51;52;53;54;55;56;57;58;59;60;61;62;63,joined_request_step_forward_and_loaded_layers,"{""block_counts"":[0,0,0,0],""cache_usage"":0.21739130434782605,""free_blocks_after"":108,""free_blocks_before"":108}",970967,8064,/public/home/tangyu408/Qwen_DCU_Worker_0/workload_profile/algorithmic_trace/traces/20260729T050800Z-fx-89687ae2-R02-qwen35-27b-eager-row0-hcu0/events/events.970967.jsonl
decision:00060,20260729T050800Z-fx-89687ae2-R02,pra2026-bh408@3d036144-16-32K-row0-greedy1024,3d03614452cd0a925abc82a7686560ff80252dfa,enforce_eager,0,rank0,HCU0:TCA23906041001,chatcmpl-bench-7f1746b7-0-9eeec82b,29,20260729T050800Z-fx-89687ae2-R02:rank0:schedule:29,batch:ff8077c1fff4dbadc829b7f3,29,,,,decode,1,20607,20608,cache_state,kv_allocate_slots,allocate_slots,allocated:True,loaded_hybrid_cache_groups,0;1;2;3;4;5;6;7;8;9;10;11;12;13;14;15;16;17;18;19;20;21;22;23;24;25;26;27;28;29;30;31;32;33;34;35;36;37;38;39;40;41;42;43;44;45;46;47;48;49;50;51;52;53;54;55;56;57;58;59;60;61;62;63,joined_request_step_forward_and_loaded_layers,"{""block_counts"":[0,0,0,0],""cache_usage"":0.21739130434782605,""free_blocks_after"":108,""free_blocks_before"":108}",970967,8398,/public/home/tangyu408/Qwen_DCU_Worker_0/workload_profile/algorithmic_trace/traces/20260729T050800Z-fx-89687ae2-R02-qwen35-27b-eager-row0-hcu0/events/events.970967.jsonl
decision:00061,20260729T050800Z-fx-89687ae2-R02,pra2026-bh408@3d036144-16-32K-row0-greedy1024,3d03614452cd0a925abc82a7686560ff80252dfa,enforce_eager,0,rank0,HCU0:TCA23906041001,chatcmpl-bench-7f1746b7-0-9eeec82b,29,20260729T050800Z-fx-89687ae2-R02:rank0:schedule:29,batch:ff8077c1fff4dbadc829b7f3,29,,,,decode,0,20607,20607,cache_state,kv_free,free_request_cache,freed_blocks:30,loaded_hybrid_cache_groups,0;1;2;3;4;5;6;7;8;9;10;11;12;13;14;15;16;17;18;19;20;21;22;23;24;25;26;27;28;29;30;31;32;33;34;35;36;37;38;39;40;41;42;43;44;45;46;47;48;49;50;51;52;53;54;55;56;57;58;59;60;61;62;63,joined_request_step_forward_and_loaded_layers,"{""cache_usage_after"":0.0,""cache_usage_before"":0.21739130434782605,""free_blocks_after"":138,""free_blocks_before"":108,""freed_block_count"":30,""request_status"":""FINISHED_STOPPED""}",970967,8729,/public/home/tangyu408/Qwen_DCU_Worker_0/workload_profile/algorithmic_trace/traces/20260729T050800Z-fx-89687ae2-R02-qwen35-27b-eager-row0-hcu0/events/events.970967.jsonl
decision:00062,20260729T050800Z-fx-89687ae2-R02,pra2026-bh408@3d036144-16-32K-row0-greedy1024,3d03614452cd0a925abc82a7686560ff80252dfa,enforce_eager,0,rank0,HCU0:TCA23906041001,chatcmpl-bench-7f1746b7-0-9eeec82b,1,20260729T050800Z-fx-89687ae2-R02:rank0:schedule:1,batch:b655c45f3b212e0ac7431efa,1,,,,prefill_chunk,4096,0,4096,model_route,qwen35_gdn_forward,select_linear_attention_route,Qwen3_5GatedDeltaNet,linear_attention,0;1;2;4;5;6;8;9;10;12;13;14;16;17;18;20;21;22;24;25;26;28;29;30;32;33;34;36;37;38;40;41;42;44;45;46;48;49;50;52;53;54;56;57;58;60;61;62,joined_request_step_forward_and_affected_layers,"{""call_count"":48,""expected_loaded_layer_ids"":[0,1,2,4,5,6,8,9,10,12,13,14,16,17,18,20,21,22,24,25,26,28,29,30,32,33,34,36,37,38,40,41,42,44,45,46,48,49,50,52,53,54,56,57,58,60,61,62]}",970967,14,/public/home/tangyu408/Qwen_DCU_Worker_0/workload_profile/algorithmic_trace/traces/20260729T050800Z-fx-89687ae2-R02-qwen35-27b-eager-row0-hcu0/events/events.970967.jsonl
decision:00063,20260729T050800Z-fx-89687ae2-R02,pra2026-bh408@3d036144-16-32K-row0-greedy1024,3d03614452cd0a925abc82a7686560ff80252dfa,enforce_eager,0,rank0,HCU0:TCA23906041001,chatcmpl-bench-7f1746b7-0-9eeec82b,2,20260729T050800Z-fx-89687ae2-R02:rank0:schedule:2,batch:bfd49d0e5fc15e669f70e5a5,2,,,,prefill_chunk,4096,4096,8192,model_route,qwen35_gdn_forward,select_linear_attention_route,Qwen3_5GatedDeltaNet,linear_attention,0;1;2;4;5;6;8;9;10;12;13;14;16;17;18;20;21;22;24;25;26;28;29;30;32;33;34;36;37;38;40;41;42;44;45;46;48;49;50;52;53;54;56;57;58;60;61;62,joined_request_step_forward_and_affected_layers,"{""call_count"":48,""expected_loaded_layer_ids"":[0,1,2,4,5,6,8,9,10,12,13,14,16,17,18,20,21,22,24,25,26,28,29,30,32,33,34,36,37,38,40,41,42,44,45,46,48,49,50,52,53,54,56,57,58,60,61,62]}",970967,187,/public/home/tangyu408/Qwen_DCU_Worker_0/workload_profile/algorithmic_trace/traces/20260729T050800Z-fx-89687ae2-R02-qwen35-27b-eager-row0-hcu0/events/events.970967.jsonl
decision:00064,20260729T050800Z-fx-89687ae2-R02,pra2026-bh408@3d036144-16-32K-row0-greedy1024,3d03614452cd0a925abc82a7686560ff80252dfa,enforce_eager,0,rank0,HCU0:TCA23906041001,chatcmpl-bench-7f1746b7-0-9eeec82b,3,20260729T050800Z-fx-89687ae2-R02:rank0:schedule:3,batch:a243ac6ac732b547527c78dd,3,,,,prefill_chunk,4096,8192,12288,model_route,qwen35_gdn_forward,select_linear_attention_route,Qwen3_5GatedDeltaNet,linear_attention,0;1;2;4;5;6;8;9;10;12;13;14;16;17;18;20;21;22;24;25;26;28;29;30;32;33;34;36;37;38;40;41;42;44;45;46;48;49;50;52;53;54;56;57;58;60;61;62,joined_request_step_forward_and_affected_layers,"{""call_count"":48,""expected_loaded_layer_ids"":[0,1,2,4,5,6,8,9,10,12,13,14,16,17,18,20,21,22,24,25,26,28,29,30,32,33,34,36,37,38,40,41,42,44,45,46,48,49,50,52,53,54,56,57,58,60,61,62]}",970967,361,/public/home/tangyu408/Qwen_DCU_Worker_0/workload_profile/algorithmic_trace/traces/20260729T050800Z-fx-89687ae2-R02-qwen35-27b-eager-row0-hcu0/events/events.970967.jsonl
decision:00065,20260729T050800Z-fx-89687ae2-R02,pra2026-bh408@3d036144-16-32K-row0-greedy1024,3d03614452cd0a925abc82a7686560ff80252dfa,enforce_eager,0,rank0,HCU0:TCA23906041001,chatcmpl-bench-7f1746b7-0-9eeec82b,4,20260729T050800Z-fx-89687ae2-R02:rank0:schedule:4,batch:41534ff61363b90816b2da50,4,,,,prefill_chunk,4096,12288,16384,model_route,qwen35_gdn_forward,select_linear_attention_route,Qwen3_5GatedDeltaNet,linear_attention,0;1;2;4;5;6;8;9;10;12;13;14;16;17;18;20;21;22;24;25;26;28;29;30;32;33;34;36;37;38;40;41;42;44;45;46;48;49;50;52;53;54;56;57;58;60;61;62,joined_request_step_forward_and_affected_layers,"{""call_count"":48,""expected_loaded_layer_ids"":[0,1,2,4,5,6,8,9,10,12,13,14,16,17,18,20,21,22,24,25,26,28,29,30,32,33,34,36,37,38,40,41,42,44,45,46,48,49,50,52,53,54,56,57,58,60,61,62]}",970967,535,/public/home/tangyu408/Qwen_DCU_Worker_0/workload_profile/algorithmic_trace/traces/20260729T050800Z-fx-89687ae2-R02-qwen35-27b-eager-row0-hcu0/events/events.970967.jsonl
decision:00066,20260729T050800Z-fx-89687ae2-R02,pra2026-bh408@3d036144-16-32K-row0-greedy1024,3d03614452cd0a925abc82a7686560ff80252dfa,enforce_eager,0,rank0,HCU0:TCA23906041001,chatcmpl-bench-7f1746b7-0-9eeec82b,5,20260729T050800Z-fx-89687ae2-R02:rank0:schedule:5,batch:f9efb17b5693218d44033573,5,,,,prefill_chunk,4096,16384,20480,model_route,qwen35_gdn_forward,select_linear_attention_route,Qwen3_5GatedDeltaNet,linear_attention,0;1;2;4;5;6;8;9;10;12;13;14;16;17;18;20;21;22;24;25;26;28;29;30;32;33;34;36;37;38;40;41;42;44;45;46;48;49;50;52;53;54;56;57;58;60;61;62,joined_request_step_forward_and_affected_layers,"{""call_count"":48,""expected_loaded_layer_ids"":[0,1,2,4,5,6,8,9,10,12,13,14,16,17,18,20,21,22,24,25,26,28,29,30,32,33,34,36,37,38,40,41,42,44,45,46,48,49,50,52,53,54,56,57,58,60,61,62]}",970967,709,/public/home/tangyu408/Qwen_DCU_Worker_0/workload_profile/algorithmic_trace/traces/20260729T050800Z-fx-89687ae2-R02-qwen35-27b-eager-row0-hcu0/events/events.970967.jsonl
decision:00067,20260729T050800Z-fx-89687ae2-R02,pra2026-bh408@3d036144-16-32K-row0-greedy1024,3d03614452cd0a925abc82a7686560ff80252dfa,enforce_eager,0,rank0,HCU0:TCA23906041001,chatcmpl-bench-7f1746b7-0-9eeec82b,6,20260729T050800Z-fx-89687ae2-R02:rank0:schedule:6,batch:c73cd7e400961f58c09e85a8,6,,,,prefill_chunk,105,20480,20585,model_route,qwen35_gdn_forward,select_linear_attention_route,Qwen3_5GatedDeltaNet,linear_attention,0;1;2;4;5;6;8;9;10;12;13;14;16;17;18;20;21;22;24;25;26;28;29;30;32;33;34;36;37;38;40;41;42;44;45;46;48;49;50;52;53;54;56;57;58;60;61;62,joined_request_step_forward_and_affected_layers,"{""call_count"":48,""expected_loaded_layer_ids"":[0,1,2,4,5,6,8,9,10,12,13,14,16,17,18,20,21,22,24,25,26,28,29,30,32,33,34,36,37,38,40,41,42,44,45,46,48,49,50,52,53,54,56,57,58,60,61,62]}",970967,883,/public/home/tangyu408/Qwen_DCU_Worker_0/workload_profile/algorithmic_trace/traces/20260729T050800Z-fx-89687ae2-R02-qwen35-27b-eager-row0-hcu0/events/events.970967.jsonl
decision:00068,20260729T050800Z-fx-89687ae2-R02,pra2026-bh408@3d036144-16-32K-row0-greedy1024,3d03614452cd0a925abc82a7686560ff80252dfa,enforce_eager,0,rank0,HCU0:TCA23906041001,chatcmpl-bench-7f1746b7-0-9eeec82b,7,20260729T050800Z-fx-89687ae2-R02:rank0:schedule:7,batch:3b46a4491b7a697518068bc9,7,,,,decode,1,20585,20586,model_route,qwen35_gdn_forward,select_linear_attention_route,Qwen3_5GatedDeltaNet,linear_attention,0;1;2;4;5;6;8;9;10;12;13;14;16;17;18;20;21;22;24;25;26;28;29;30;32;33;34;36;37;38;40;41;42;44;45;46;48;49;50;52;53;54;56;57;58;60;61;62,joined_request_step_forward_and_affected_layers,"{""call_count"":48,""expected_loaded_layer_ids"":[0,1,2,4,5,6,8,9,10,12,13,14,16,17,18,20,21,22,24,25,26,28,29,30,32,33,34,36,37,38,40,41,42,44,45,46,48,49,50,52,53,54,56,57,58,60,61,62]}",970967,1059,/public/home/tangyu408/Qwen_DCU_Worker_0/workload_profile/algorithmic_trace/traces/20260729T050800Z-fx-89687ae2-R02-qwen35-27b-eager-row0-hcu0/events/events.970967.jsonl
decision:00069,20260729T050800Z-fx-89687ae2-R02,pra2026-bh408@3d036144-16-32K-row0-greedy1024,3d03614452cd0a925abc82a7686560ff80252dfa,enforce_eager,0,rank0,HCU0:TCA23906041001,chatcmpl-bench-7f1746b7-0-9eeec82b,8,20260729T050800Z-fx-89687ae2-R02:rank0:schedule:8,batch:6b9c2bc163802110c3a93d6a,8,,,,decode,1,20586,20587,model_route,qwen35_gdn_forward,select_linear_attention_route,Qwen3_5GatedDeltaNet,linear_attention,0;1;2;4;5;6;8;9;10;12;13;14;16;17;18;20;21;22;24;25;26;28;29;30;32;33;34;36;37;38;40;41;42;44;45;46;48;49;50;52;53;54;56;57;58;60;61;62,joined_request_step_forward_and_affected_layers,"{""call_count"":48,""expected_loaded_layer_ids"":[0,1,2,4,5,6,8,9,10,12,13,14,16,17,18,20,21,22,24,25,26,28,29,30,32,33,34,36,37,38,40,41,42,44,45,46,48,49,50,52,53,54,56,57,58,60,61,62]}",970967,1393,/public/home/tangyu408/Qwen_DCU_Worker_0/workload_profile/algorithmic_trace/traces/20260729T050800Z-fx-89687ae2-R02-qwen35-27b-eager-row0-hcu0/events/events.970967.jsonl
decision:00070,20260729T050800Z-fx-89687ae2-R02,pra2026-bh408@3d036144-16-32K-row0-greedy1024,3d03614452cd0a925abc82a7686560ff80252dfa,enforce_eager,0,rank0,HCU0:TCA23906041001,chatcmpl-bench-7f1746b7-0-9eeec82b,9,20260729T050800Z-fx-89687ae2-R02:rank0:schedule:9,batch:8c79e79943f13046409450d6,9,,,,decode,1,20587,20588,model_route,qwen35_gdn_forward,select_linear_attention_route,Qwen3_5GatedDeltaNet,linear_attention,0;1;2;4;5;6;8;9;10;12;13;14;16;17;18;20;21;22;24;25;26;28;29;30;32;33;34;36;37;38;40;41;42;44;45;46;48;49;50;52;53;54;56;57;58;60;61;62,joined_request_step_forward_and_affected_layers,"{""call_count"":48,""expected_loaded_layer_ids"":[0,1,2,4,5,6,8,9,10,12,13,14,16,17,18,20,21,22,24,25,26,28,29,30,32,33,34,36,37,38,40,41,42,44,45,46,48,49,50,52,53,54,56,57,58,60,61,62]}",970967,1727,/public/home/tangyu408/Qwen_DCU_Worker_0/workload_profile/algorithmic_trace/traces/20260729T050800Z-fx-89687ae2-R02-qwen35-27b-eager-row0-hcu0/events/events.970967.jsonl
decision:00071,20260729T050800Z-fx-89687ae2-R02,pra2026-bh408@3d036144-16-32K-row0-greedy1024,3d03614452cd0a925abc82a7686560ff80252dfa,enforce_eager,0,rank0,HCU0:TCA23906041001,chatcmpl-bench-7f1746b7-0-9eeec82b,10,20260729T050800Z-fx-89687ae2-R02:rank0:schedule:10,batch:a7662b656dc4ae29276d92b7,10,,,,decode,1,20588,20589,model_route,qwen35_gdn_forward,select_linear_attention_route,Qwen3_5GatedDeltaNet,linear_attention,0;1;2;4;5;6;8;9;10;12;13;14;16;17;18;20;21;22;24;25;26;28;29;30;32;33;34;36;37;38;40;41;42;44;45;46;48;49;50;52;53;54;56;57;58;60;61;62,joined_request_step_forward_and_affected_layers,"{""call_count"":48,""expected_loaded_layer_ids"":[0,1,2,4,5,6,8,9,10,12,13,14,16,17,18,20,21,22,24,25,26,28,29,30,32,33,34,36,37,38,40,41,42,44,45,46,48,49,50,52,53,54,56,57,58,60,61,62]}",970967,2061,/public/home/tangyu408/Qwen_DCU_Worker_0/workload_profile/algorithmic_trace/traces/20260729T050800Z-fx-89687ae2-R02-qwen35-27b-eager-row0-hcu0/events/events.970967.jsonl
decision:00072,20260729T050800Z-fx-89687ae2-R02,pra2026-bh408@3d036144-16-32K-row0-greedy1024,3d03614452cd0a925abc82a7686560ff80252dfa,enforce_eager,0,rank0,HCU0:TCA23906041001,chatcmpl-bench-7f1746b7-0-9eeec82b,11,20260729T050800Z-fx-89687ae2-R02:rank0:schedule:11,batch:f5ab0e40a3f692f5782cba54,11,,,,decode,1,20589,20590,model_route,qwen35_gdn_forward,select_linear_attention_route,Qwen3_5GatedDeltaNet,linear_attention,0;1;2;4;5;6;8;9;10;12;13;14;16;17;18;20;21;22;24;25;26;28;29;30;32;33;34;36;37;38;40;41;42;44;45;46;48;49;50;52;53;54;56;57;58;60;61;62,joined_request_step_forward_and_affected_layers,"{""call_count"":48,""expected_loaded_layer_ids"":[0,1,2,4,5,6,8,9,10,12,13,14,16,17,18,20,21,22,24,25,26,28,29,30,32,33,34,36,37,38,40,41,42,44,45,46,48,49,50,52,53,54,56,57,58,60,61,62]}",970967,2395,/public/home/tangyu408/Qwen_DCU_Worker_0/workload_profile/algorithmic_trace/traces/20260729T050800Z-fx-89687ae2-R02-qwen35-27b-eager-row0-hcu0/events/events.970967.jsonl
decision:00073,20260729T050800Z-fx-89687ae2-R02,pra2026-bh408@3d036144-16-32K-row0-greedy1024,3d03614452cd0a925abc82a7686560ff80252dfa,enforce_eager,0,rank0,HCU0:TCA23906041001,chatcmpl-bench-7f1746b7-0-9eeec82b,12,20260729T050800Z-fx-89687ae2-R02:rank0:schedule:12,batch:a48b18cb4f27f8096384caa0,12,,,,decode,1,20590,20591,model_route,qwen35_gdn_forward,select_linear_attention_route,Qwen3_5GatedDeltaNet,linear_attention,0;1;2;4;5;6;8;9;10;12;13;14;16;17;18;20;21;22;24;25;26;28;29;30;32;33;34;36;37;38;40;41;42;44;45;46;48;49;50;52;53;54;56;57;58;60;61;62,joined_request_step_forward_and_affected_layers,"{""call_count"":48,""expected_loaded_layer_ids"":[0,1,2,4,5,6,8,9,10,12,13,14,16,17,18,20,21,22,24,25,26,28,29,30,32,33,34,36,37,38,40,41,42,44,45,46,48,49,50,52,53,54,56,57,58,60,61,62]}",970967,2729,/public/home/tangyu408/Qwen_DCU_Worker_0/workload_profile/algorithmic_trace/traces/20260729T050800Z-fx-89687ae2-R02-qwen35-27b-eager-row0-hcu0/events/events.970967.jsonl
decision:00074,20260729T050800Z-fx-89687ae2-R02,pra2026-bh408@3d036144-16-32K-row0-greedy1024,3d03614452cd0a925abc82a7686560ff80252dfa,enforce_eager,0,rank0,HCU0:TCA23906041001,chatcmpl-bench-7f1746b7-0-9eeec82b,13,20260729T050800Z-fx-89687ae2-R02:rank0:schedule:13,batch:8ff9d020967316b76245df48,13,,,,decode,1,20591,20592,model_route,qwen35_gdn_forward,select_linear_attention_route,Qwen3_5GatedDeltaNet,linear_attention,0;1;2;4;5;6;8;9;10;12;13;14;16;17;18;20;21;22;24;25;26;28;29;30;32;33;34;36;37;38;40;41;42;44;45;46;48;49;50;52;53;54;56;57;58;60;61;62,joined_request_step_forward_and_affected_layers,"{""call_count"":48,""expected_loaded_layer_ids"":[0,1,2,4,5,6,8,9,10,12,13,14,16,17,18,20,21,22,24,25,26,28,29,30,32,33,34,36,37,38,40,41,42,44,45,46,48,49,50,52,53,54,56,57,58,60,61,62]}",970967,3063,/public/home/tangyu408/Qwen_DCU_Worker_0/workload_profile/algorithmic_trace/traces/20260729T050800Z-fx-89687ae2-R02-qwen35-27b-eager-row0-hcu0/events/events.970967.jsonl
decision:00075,20260729T050800Z-fx-89687ae2-R02,pra2026-bh408@3d036144-16-32K-row0-greedy1024,3d03614452cd0a925abc82a7686560ff80252dfa,enforce_eager,0,rank0,HCU0:TCA23906041001,chatcmpl-bench-7f1746b7-0-9eeec82b,14,20260729T050800Z-fx-89687ae2-R02:rank0:schedule:14,batch:b3beb11dd9b0ab888dd8dc91,14,,,,decode,1,20592,20593,model_route,qwen35_gdn_forward,select_linear_attention_route,Qwen3_5GatedDeltaNet,linear_attention,0;1;2;4;5;6;8;9;10;12;13;14;16;17;18;20;21;22;24;25;26;28;29;30;32;33;34;36;37;38;40;41;42;44;45;46;48;49;50;52;53;54;56;57;58;60;61;62,joined_request_step_forward_and_affected_layers,"{""call_count"":48,""expected_loaded_layer_ids"":[0,1,2,4,5,6,8,9,10,12,13,14,16,17,18,20,21,22,24,25,26,28,29,30,32,33,34,36,37,38,40,41,42,44,45,46,48,49,50,52,53,54,56,57,58,60,61,62]}",970967,3397,/public/home/tangyu408/Qwen_DCU_Worker_0/workload_profile/algorithmic_trace/traces/20260729T050800Z-fx-89687ae2-R02-qwen35-27b-eager-row0-hcu0/events/events.970967.jsonl
decision:00076,20260729T050800Z-fx-89687ae2-R02,pra2026-bh408@3d036144-16-32K-row0-greedy1024,3d03614452cd0a925abc82a7686560ff80252dfa,enforce_eager,0,rank0,HCU0:TCA23906041001,chatcmpl-bench-7f1746b7-0-9eeec82b,15,20260729T050800Z-fx-89687ae2-R02:rank0:schedule:15,batch:4af35f18b20237534540b417,15,,,,decode,1,20593,20594,model_route,qwen35_gdn_forward,select_linear_attention_route,Qwen3_5GatedDeltaNet,linear_attention,0;1;2;4;5;6;8;9;10;12;13;14;16;17;18;20;21;22;24;25;26;28;29;30;32;33;34;36;37;38;40;41;42;44;45;46;48;49;50;52;53;54;56;57;58;60;61;62,joined_request_step_forward_and_affected_layers,"{""call_count"":48,""expected_loaded_layer_ids"":[0,1,2,4,5,6,8,9,10,12,13,14,16,17,18,20,21,22,24,25,26,28,29,30,32,33,34,36,37,38,40,41,42,44,45,46,48,49,50,52,53,54,56,57,58,60,61,62]}",970967,3731,/public/home/tangyu408/Qwen_DCU_Worker_0/workload_profile/algorithmic_trace/traces/20260729T050800Z-fx-89687ae2-R02-qwen35-27b-eager-row0-hcu0/events/events.970967.jsonl
decision:00077,20260729T050800Z-fx-89687ae2-R02,pra2026-bh408@3d036144-16-32K-row0-greedy1024,3d03614452cd0a925abc82a7686560ff80252dfa,enforce_eager,0,rank0,HCU0:TCA23906041001,chatcmpl-bench-7f1746b7-0-9eeec82b,16,20260729T050800Z-fx-89687ae2-R02:rank0:schedule:16,batch:162e22d54309dc940f5cdc50,16,,,,decode,1,20594,20595,model_route,qwen35_gdn_forward,select_linear_attention_route,Qwen3_5GatedDeltaNet,linear_attention,0;1;2;4;5;6;8;9;10;12;13;14;16;17;18;20;21;22;24;25;26;28;29;30;32;33;34;36;37;38;40;41;42;44;45;46;48;49;50;52;53;54;56;57;58;60;61;62,joined_request_step_forward_and_affected_layers,"{""call_count"":48,""expected_loaded_layer_ids"":[0,1,2,4,5,6,8,9,10,12,13,14,16,17,18,20,21,22,24,25,26,28,29,30,32,33,34,36,37,38,40,41,42,44,45,46,48,49,50,52,53,54,56,57,58,60,61,62]}",970967,4065,/public/home/tangyu408/Qwen_DCU_Worker_0/workload_profile/algorithmic_trace/traces/20260729T050800Z-fx-89687ae2-R02-qwen35-27b-eager-row0-hcu0/events/events.970967.jsonl
decision:00078,20260729T050800Z-fx-89687ae2-R02,pra2026-bh408@3d036144-16-32K-row0-greedy1024,3d03614452cd0a925abc82a7686560ff80252dfa,enforce_eager,0,rank0,HCU0:TCA23906041001,chatcmpl-bench-7f1746b7-0-9eeec82b,17,20260729T050800Z-fx-89687ae2-R02:rank0:schedule:17,batch:3bedd4eb38f49155ba5b6621,17,,,,decode,1,20595,20596,model_route,qwen35_gdn_forward,select_linear_attention_route,Qwen3_5GatedDeltaNet,linear_attention,0;1;2;4;5;6;8;9;10;12;13;14;16;17;18;20;21;22;24;25;26;28;29;30;32;33;34;36;37;38;40;41;42;44;45;46;48;49;50;52;53;54;56;57;58;60;61;62,joined_request_step_forward_and_affected_layers,"{""call_count"":48,""expected_loaded_layer_ids"":[0,1,2,4,5,6,8,9,10,12,13,14,16,17,18,20,21,22,24,25,26,28,29,30,32,33,34,36,37,38,40,41,42,44,45,46,48,49,50,52,53,54,56,57,58,60,61,62]}",970967,4399,/public/home/tangyu408/Qwen_DCU_Worker_0/workload_profile/algorithmic_trace/traces/20260729T050800Z-fx-89687ae2-R02-qwen35-27b-eager-row0-hcu0/events/events.970967.jsonl
decision:00079,20260729T050800Z-fx-89687ae2-R02,pra2026-bh408@3d036144-16-32K-row0-greedy1024,3d03614452cd0a925abc82a7686560ff80252dfa,enforce_eager,0,rank0,HCU0:TCA23906041001,chatcmpl-bench-7f1746b7-0-9eeec82b,18,20260729T050800Z-fx-89687ae2-R02:rank0:schedule:18,batch:1d62dedc9ff74506551a7b9e,18,,,,decode,1,20596,20597,model_route,qwen35_gdn_forward,select_linear_attention_route,Qwen3_5GatedDeltaNet,linear_attention,0;1;2;4;5;6;8;9;10;12;13;14;16;17;18;20;21;22;24;25;26;28;29;30;32;33;34;36;37;38;40;41;42;44;45;46;48;49;50;52;53;54;56;57;58;60;61;62,joined_request_step_forward_and_affected_layers,"{""call_count"":48,""expected_loaded_layer_ids"":[0,1,2,4,5,6,8,9,10,12,13,14,16,17,18,20,21,22,24,25,26,28,29,30,32,33,34,36,37,38,40,41,42,44,45,46,48,49,50,52,53,54,56,57,58,60,61,62]}",970967,4733,/public/home/tangyu408/Qwen_DCU_Worker_0/workload_profile/algorithmic_trace/traces/20260729T050800Z-fx-89687ae2-R02-qwen35-27b-eager-row0-hcu0/events/events.970967.jsonl
decision:00080,20260729T050800Z-fx-89687ae2-R02,pra2026-bh408@3d036144-16-32K-row0-greedy1024,3d03614452cd0a925abc82a7686560ff80252dfa,enforce_eager,0,rank0,HCU0:TCA23906041001,chatcmpl-bench-7f1746b7-0-9eeec82b,19,20260729T050800Z-fx-89687ae2-R02:rank0:schedule:19,batch:6fe80a648bb579e4c276cdc8,19,,,,decode,1,20597,20598,model_route,qwen35_gdn_forward,select_linear_attention_route,Qwen3_5GatedDeltaNet,linear_attention,0;1;2;4;5;6;8;9;10;12;13;14;16;17;18;20;21;22;24;25;26;28;29;30;32;33;34;36;37;38;40;41;42;44;45;46;48;49;50;52;53;54;56;57;58;60;61;62,joined_request_step_forward_and_affected_layers,"{""call_count"":48,""expected_loaded_layer_ids"":[0,1,2,4,5,6,8,9,10,12,13,14,16,17,18,20,21,22,24,25,26,28,29,30,32,33,34,36,37,38,40,41,42,44,45,46,48,49,50,52,53,54,56,57,58,60,61,62]}",970967,5067,/public/home/tangyu408/Qwen_DCU_Worker_0/workload_profile/algorithmic_trace/traces/20260729T050800Z-fx-89687ae2-R02-qwen35-27b-eager-row0-hcu0/events/events.970967.jsonl
decision:00081,20260729T050800Z-fx-89687ae2-R02,pra2026-bh408@3d036144-16-32K-row0-greedy1024,3d03614452cd0a925abc82a7686560ff80252dfa,enforce_eager,0,rank0,HCU0:TCA23906041001,chatcmpl-bench-7f1746b7-0-9eeec82b,20,20260729T050800Z-fx-89687ae2-R02:rank0:schedule:20,batch:1608721d8733d5385b12554f,20,,,,decode,1,20598,20599,model_route,qwen35_gdn_forward,select_linear_attention_route,Qwen3_5GatedDeltaNet,linear_attention,0;1;2;4;5;6;8;9;10;12;13;14;16;17;18;20;21;22;24;25;26;28;29;30;32;33;34;36;37;38;40;41;42;44;45;46;48;49;50;52;53;54;56;57;58;60;61;62,joined_request_step_forward_and_affected_layers,"{""call_count"":48,""expected_loaded_layer_ids"":[0,1,2,4,5,6,8,9,10,12,13,14,16,17,18,20,21,22,24,25,26,28,29,30,32,33,34,36,37,38,40,41,42,44,45,46,48,49,50,52,53,54,56,57,58,60,61,62]}",970967,5401,/public/home/tangyu408/Qwen_DCU_Worker_0/workload_profile/algorithmic_trace/traces/20260729T050800Z-fx-89687ae2-R02-qwen35-27b-eager-row0-hcu0/events/events.970967.jsonl
decision:00082,20260729T050800Z-fx-89687ae2-R02,pra2026-bh408@3d036144-16-32K-row0-greedy1024,3d03614452cd0a925abc82a7686560ff80252dfa,enforce_eager,0,rank0,HCU0:TCA23906041001,chatcmpl-bench-7f1746b7-0-9eeec82b,21,20260729T050800Z-fx-89687ae2-R02:rank0:schedule:21,batch:a5424a50a6d9b9e115285c55,21,,,,decode,1,20599,20600,model_route,qwen35_gdn_forward,select_linear_attention_route,Qwen3_5GatedDeltaNet,linear_attention,0;1;2;4;5;6;8;9;10;12;13;14;16;17;18;20;21;22;24;25;26;28;29;30;32;33;34;36;37;38;40;41;42;44;45;46;48;49;50;52;53;54;56;57;58;60;61;62,joined_request_step_forward_and_affected_layers,"{""call_count"":48,""expected_loaded_layer_ids"":[0,1,2,4,5,6,8,9,10,12,13,14,16,17,18,20,21,22,24,25,26,28,29,30,32,33,34,36,37,38,40,41,42,44,45,46,48,49,50,52,53,54,56,57,58,60,61,62]}",970967,5735,/public/home/tangyu408/Qwen_DCU_Worker_0/workload_profile/algorithmic_trace/traces/20260729T050800Z-fx-89687ae2-R02-qwen35-27b-eager-row0-hcu0/events/events.970967.jsonl
decision:00083,20260729T050800Z-fx-89687ae2-R02,pra2026-bh408@3d036144-16-32K-row0-greedy1024,3d03614452cd0a925abc82a7686560ff80252dfa,enforce_eager,0,rank0,HCU0:TCA23906041001,chatcmpl-bench-7f1746b7-0-9eeec82b,22,20260729T050800Z-fx-89687ae2-R02:rank0:schedule:22,batch:ee0eeff31398fcb74ed73d8b,22,,,,decode,1,20600,20601,model_route,qwen35_gdn_forward,select_linear_attention_route,Qwen3_5GatedDeltaNet,linear_attention,0;1;2;4;5;6;8;9;10;12;13;14;16;17;18;20;21;22;24;25;26;28;29;30;32;33;34;36;37;38;40;41;42;44;45;46;48;49;50;52;53;54;56;57;58;60;61;62,joined_request_step_forward_and_affected_layers,"{""call_count"":48,""expected_loaded_layer_ids"":[0,1,2,4,5,6,8,9,10,12,13,14,16,17,18,20,21,22,24,25,26,28,29,30,32,33,34,36,37,38,40,41,42,44,45,46,48,49,50,52,53,54,56,57,58,60,61,62]}",970967,6069,/public/home/tangyu408/Qwen_DCU_Worker_0/workload_profile/algorithmic_trace/traces/20260729T050800Z-fx-89687ae2-R02-qwen35-27b-eager-row0-hcu0/events/events.970967.jsonl
decision:00084,20260729T050800Z-fx-89687ae2-R02,pra2026-bh408@3d036144-16-32K-row0-greedy1024,3d03614452cd0a925abc82a7686560ff80252dfa,enforce_eager,0,rank0,HCU0:TCA23906041001,chatcmpl-bench-7f1746b7-0-9eeec82b,23,20260729T050800Z-fx-89687ae2-R02:rank0:schedule:23,batch:78813fabdbd8ec1e1e652c9c,23,,,,decode,1,20601,20602,model_route,qwen35_gdn_forward,select_linear_attention_route,Qwen3_5GatedDeltaNet,linear_attention,0;1;2;4;5;6;8;9;10;12;13;14;16;17;18;20;21;22;24;25;26;28;29;30;32;33;34;36;37;38;40;41;42;44;45;46;48;49;50;52;53;54;56;57;58;60;61;62,joined_request_step_forward_and_affected_layers,"{""call_count"":48,""expected_loaded_layer_ids"":[0,1,2,4,5,6,8,9,10,12,13,14,16,17,18,20,21,22,24,25,26,28,29,30,32,33,34,36,37,38,40,41,42,44,45,46,48,49,50,52,53,54,56,57,58,60,61,62]}",970967,6403,/public/home/tangyu408/Qwen_DCU_Worker_0/workload_profile/algorithmic_trace/traces/20260729T050800Z-fx-89687ae2-R02-qwen35-27b-eager-row0-hcu0/events/events.970967.jsonl
decision:00085,20260729T050800Z-fx-89687ae2-R02,pra2026-bh408@3d036144-16-32K-row0-greedy1024,3d03614452cd0a925abc82a7686560ff80252dfa,enforce_eager,0,rank0,HCU0:TCA23906041001,chatcmpl-bench-7f1746b7-0-9eeec82b,24,20260729T050800Z-fx-89687ae2-R02:rank0:schedule:24,batch:36abbc89f38e024433e99e5b,24,,,,decode,1,20602,20603,model_route,qwen35_gdn_forward,select_linear_attention_route,Qwen3_5GatedDeltaNet,linear_attention,0;1;2;4;5;6;8;9;10;12;13;14;16;17;18;20;21;22;24;25;26;28;29;30;32;33;34;36;37;38;40;41;42;44;45;46;48;49;50;52;53;54;56;57;58;60;61;62,joined_request_step_forward_and_affected_layers,"{""call_count"":48,""expected_loaded_layer_ids"":[0,1,2,4,5,6,8,9,10,12,13,14,16,17,18,20,21,22,24,25,26,28,29,30,32,33,34,36,37,38,40,41,42,44,45,46,48,49,50,52,53,54,56,57,58,60,61,62]}",970967,6737,/public/home/tangyu408/Qwen_DCU_Worker_0/workload_profile/algorithmic_trace/traces/20260729T050800Z-fx-89687ae2-R02-qwen35-27b-eager-row0-hcu0/events/events.970967.jsonl
decision:00086,20260729T050800Z-fx-89687ae2-R02,pra2026-bh408@3d036144-16-32K-row0-greedy1024,3d03614452cd0a925abc82a7686560ff80252dfa,enforce_eager,0,rank0,HCU0:TCA23906041001,chatcmpl-bench-7f1746b7-0-9eeec82b,25,20260729T050800Z-fx-89687ae2-R02:rank0:schedule:25,batch:11aa5a48bb0ec5f2b43ada7c,25,,,,decode,1,20603,20604,model_route,qwen35_gdn_forward,select_linear_attention_route,Qwen3_5GatedDeltaNet,linear_attention,0;1;2;4;5;6;8;9;10;12;13;14;16;17;18;20;21;22;24;25;26;28;29;30;32;33;34;36;37;38;40;41;42;44;45;46;48;49;50;52;53;54;56;57;58;60;61;62,joined_request_step_forward_and_affected_layers,"{""call_count"":48,""expected_loaded_layer_ids"":[0,1,2,4,5,6,8,9,10,12,13,14,16,17,18,20,21,22,24,25,26,28,29,30,32,33,34,36,37,38,40,41,42,44,45,46,48,49,50,52,53,54,56,57,58,60,61,62]}",970967,7071,/public/home/tangyu408/Qwen_DCU_Worker_0/workload_profile/algorithmic_trace/traces/20260729T050800Z-fx-89687ae2-R02-qwen35-27b-eager-row0-hcu0/events/events.970967.jsonl
decision:00087,20260729T050800Z-fx-89687ae2-R02,pra2026-bh408@3d036144-16-32K-row0-greedy1024,3d03614452cd0a925abc82a7686560ff80252dfa,enforce_eager,0,rank0,HCU0:TCA23906041001,chatcmpl-bench-7f1746b7-0-9eeec82b,26,20260729T050800Z-fx-89687ae2-R02:rank0:schedule:26,batch:b2ebbdc55d6285df3f2df3e5,26,,,,decode,1,20604,20605,model_route,qwen35_gdn_forward,select_linear_attention_route,Qwen3_5GatedDeltaNet,linear_attention,0;1;2;4;5;6;8;9;10;12;13;14;16;17;18;20;21;22;24;25;26;28;29;30;32;33;34;36;37;38;40;41;42;44;45;46;48;49;50;52;53;54;56;57;58;60;61;62,joined_request_step_forward_and_affected_layers,"{""call_count"":48,""expected_loaded_layer_ids"":[0,1,2,4,5,6,8,9,10,12,13,14,16,17,18,20,21,22,24,25,26,28,29,30,32,33,34,36,37,38,40,41,42,44,45,46,48,49,50,52,53,54,56,57,58,60,61,62]}",970967,7405,/public/home/tangyu408/Qwen_DCU_Worker_0/workload_profile/algorithmic_trace/traces/20260729T050800Z-fx-89687ae2-R02-qwen35-27b-eager-row0-hcu0/events/events.970967.jsonl
decision:00088,20260729T050800Z-fx-89687ae2-R02,pra2026-bh408@3d036144-16-32K-row0-greedy1024,3d03614452cd0a925abc82a7686560ff80252dfa,enforce_eager,0,rank0,HCU0:TCA23906041001,chatcmpl-bench-7f1746b7-0-9eeec82b,27,20260729T050800Z-fx-89687ae2-R02:rank0:schedule:27,batch:1fe81a3becec57cf1be4df8d,27,,,,decode,1,20605,20606,model_route,qwen35_gdn_forward,select_linear_attention_route,Qwen3_5GatedDeltaNet,linear_attention,0;1;2;4;5;6;8;9;10;12;13;14;16;17;18;20;21;22;24;25;26;28;29;30;32;33;34;36;37;38;40;41;42;44;45;46;48;49;50;52;53;54;56;57;58;60;61;62,joined_request_step_forward_and_affected_layers,"{""call_count"":48,""expected_loaded_layer_ids"":[0,1,2,4,5,6,8,9,10,12,13,14,16,17,18,20,21,22,24,25,26,28,29,30,32,33,34,36,37,38,40,41,42,44,45,46,48,49,50,52,53,54,56,57,58,60,61,62]}",970967,7739,/public/home/tangyu408/Qwen_DCU_Worker_0/workload_profile/algorithmic_trace/traces/20260729T050800Z-fx-89687ae2-R02-qwen35-27b-eager-row0-hcu0/events/events.970967.jsonl
decision:00089,20260729T050800Z-fx-89687ae2-R02,pra2026-bh408@3d036144-16-32K-row0-greedy1024,3d03614452cd0a925abc82a7686560ff80252dfa,enforce_eager,0,rank0,HCU0:TCA23906041001,chatcmpl-bench-7f1746b7-0-9eeec82b,28,20260729T050800Z-fx-89687ae2-R02:rank0:schedule:28,batch:72521f82babaa9450ba77a28,28,,,,decode,1,20606,20607,model_route,qwen35_gdn_forward,select_linear_attention_route,Qwen3_5GatedDeltaNet,linear_attention,0;1;2;4;5;6;8;9;10;12;13;14;16;17;18;20;21;22;24;25;26;28;29;30;32;33;34;36;37;38;40;41;42;44;45;46;48;49;50;52;53;54;56;57;58;60;61;62,joined_request_step_forward_and_affected_layers,"{""call_count"":48,""expected_loaded_layer_ids"":[0,1,2,4,5,6,8,9,10,12,13,14,16,17,18,20,21,22,24,25,26,28,29,30,32,33,34,36,37,38,40,41,42,44,45,46,48,49,50,52,53,54,56,57,58,60,61,62]}",970967,8073,/public/home/tangyu408/Qwen_DCU_Worker_0/workload_profile/algorithmic_trace/traces/20260729T050800Z-fx-89687ae2-R02-qwen35-27b-eager-row0-hcu0/events/events.970967.jsonl
decision:00090,20260729T050800Z-fx-89687ae2-R02,pra2026-bh408@3d036144-16-32K-row0-greedy1024,3d03614452cd0a925abc82a7686560ff80252dfa,enforce_eager,0,rank0,HCU0:TCA23906041001,chatcmpl-bench-7f1746b7-0-9eeec82b,29,20260729T050800Z-fx-89687ae2-R02:rank0:schedule:29,batch:ff8077c1fff4dbadc829b7f3,29,,,,decode,1,20607,20608,model_route,qwen35_gdn_forward,select_linear_attention_route,Qwen3_5GatedDeltaNet,linear_attention,0;1;2;4;5;6;8;9;10;12;13;14;16;17;18;20;21;22;24;25;26;28;29;30;32;33;34;36;37;38;40;41;42;44;45;46;48;49;50;52;53;54;56;57;58;60;61;62,joined_request_step_forward_and_affected_layers,"{""call_count"":48,""expected_loaded_layer_ids"":[0,1,2,4,5,6,8,9,10,12,13,14,16,17,18,20,21,22,24,25,26,28,29,30,32,33,34,36,37,38,40,41,42,44,45,46,48,49,50,52,53,54,56,57,58,60,61,62]}",970967,8407,/public/home/tangyu408/Qwen_DCU_Worker_0/workload_profile/algorithmic_trace/traces/20260729T050800Z-fx-89687ae2-R02-qwen35-27b-eager-row0-hcu0/events/events.970967.jsonl
decision:00091,20260729T050800Z-fx-89687ae2-R02,pra2026-bh408@3d036144-16-32K-row0-greedy1024,3d03614452cd0a925abc82a7686560ff80252dfa,enforce_eager,0,rank0,HCU0:TCA23906041001,chatcmpl-bench-7f1746b7-0-9eeec82b,1,20260729T050800Z-fx-89687ae2-R02:rank0:schedule:1,batch:b655c45f3b212e0ac7431efa,1,,,,prefill_chunk,4096,0,4096,model_route,attention_forward_begin,select_full_attention_route,RocmAiterUnifiedAttentionImpl,full_attention,3;7;11;15;19;23;27;31;35;39;43;47;51;55;59;63,joined_request_step_forward_and_affected_layers,"{""call_count"":16,""expected_loaded_layer_ids"":[3,7,11,15,19,23,27,31,35,39,43,47,51,55,59,63]}",970967,20,/public/home/tangyu408/Qwen_DCU_Worker_0/workload_profile/algorithmic_trace/traces/20260729T050800Z-fx-89687ae2-R02-qwen35-27b-eager-row0-hcu0/events/events.970967.jsonl
decision:00092,20260729T050800Z-fx-89687ae2-R02,pra2026-bh408@3d036144-16-32K-row0-greedy1024,3d03614452cd0a925abc82a7686560ff80252dfa,enforce_eager,0,rank0,HCU0:TCA23906041001,chatcmpl-bench-7f1746b7-0-9eeec82b,2,20260729T050800Z-fx-89687ae2-R02:rank0:schedule:2,batch:bfd49d0e5fc15e669f70e5a5,2,,,,prefill_chunk,4096,4096,8192,model_route,attention_forward_begin,select_full_attention_route,RocmAiterUnifiedAttentionImpl,full_attention,3;7;11;15;19;23;27;31;35;39;43;47;51;55;59;63,joined_request_step_forward_and_affected_layers,"{""call_count"":16,""expected_loaded_layer_ids"":[3,7,11,15,19,23,27,31,35,39,43,47,51,55,59,63]}",970967,193,/public/home/tangyu408/Qwen_DCU_Worker_0/workload_profile/algorithmic_trace/traces/20260729T050800Z-fx-89687ae2-R02-qwen35-27b-eager-row0-hcu0/events/events.970967.jsonl
decision:00093,20260729T050800Z-fx-89687ae2-R02,pra2026-bh408@3d036144-16-32K-row0-greedy1024,3d03614452cd0a925abc82a7686560ff80252dfa,enforce_eager,0,rank0,HCU0:TCA23906041001,chatcmpl-bench-7f1746b7-0-9eeec82b,3,20260729T050800Z-fx-89687ae2-R02:rank0:schedule:3,batch:a243ac6ac732b547527c78dd,3,,,,prefill_chunk,4096,8192,12288,model_route,attention_forward_begin,select_full_attention_route,RocmAiterUnifiedAttentionImpl,full_attention,3;7;11;15;19;23;27;31;35;39;43;47;51;55;59;63,joined_request_step_forward_and_affected_layers,"{""call_count"":16,""expected_loaded_layer_ids"":[3,7,11,15,19,23,27,31,35,39,43,47,51,55,59,63]}",970967,367,/public/home/tangyu408/Qwen_DCU_Worker_0/workload_profile/algorithmic_trace/traces/20260729T050800Z-fx-89687ae2-R02-qwen35-27b-eager-row0-hcu0/events/events.970967.jsonl
decision:00094,20260729T050800Z-fx-89687ae2-R02,pra2026-bh408@3d036144-16-32K-row0-greedy1024,3d03614452cd0a925abc82a7686560ff80252dfa,enforce_eager,0,rank0,HCU0:TCA23906041001,chatcmpl-bench-7f1746b7-0-9eeec82b,4,20260729T050800Z-fx-89687ae2-R02:rank0:schedule:4,batch:41534ff61363b90816b2da50,4,,,,prefill_chunk,4096,12288,16384,model_route,attention_forward_begin,select_full_attention_route,RocmAiterUnifiedAttentionImpl,full_attention,3;7;11;15;19;23;27;31;35;39;43;47;51;55;59;63,joined_request_step_forward_and_affected_layers,"{""call_count"":16,""expected_loaded_layer_ids"":[3,7,11,15,19,23,27,31,35,39,43,47,51,55,59,63]}",970967,541,/public/home/tangyu408/Qwen_DCU_Worker_0/workload_profile/algorithmic_trace/traces/20260729T050800Z-fx-89687ae2-R02-qwen35-27b-eager-row0-hcu0/events/events.970967.jsonl
decision:00095,20260729T050800Z-fx-89687ae2-R02,pra2026-bh408@3d036144-16-32K-row0-greedy1024,3d03614452cd0a925abc82a7686560ff80252dfa,enforce_eager,0,rank0,HCU0:TCA23906041001,chatcmpl-bench-7f1746b7-0-9eeec82b,5,20260729T050800Z-fx-89687ae2-R02:rank0:schedule:5,batch:f9efb17b5693218d44033573,5,,,,prefill_chunk,4096,16384,20480,model_route,attention_forward_begin,select_full_attention_route,RocmAiterUnifiedAttentionImpl,full_attention,3;7;11;15;19;23;27;31;35;39;43;47;51;55;59;63,joined_request_step_forward_and_affected_layers,"{""call_count"":16,""expected_loaded_layer_ids"":[3,7,11,15,19,23,27,31,35,39,43,47,51,55,59,63]}",970967,715,/public/home/tangyu408/Qwen_DCU_Worker_0/workload_profile/algorithmic_trace/traces/20260729T050800Z-fx-89687ae2-R02-qwen35-27b-eager-row0-hcu0/events/events.970967.jsonl
decision:00096,20260729T050800Z-fx-89687ae2-R02,pra2026-bh408@3d036144-16-32K-row0-greedy1024,3d03614452cd0a925abc82a7686560ff80252dfa,enforce_eager,0,rank0,HCU0:TCA23906041001,chatcmpl-bench-7f1746b7-0-9eeec82b,6,20260729T050800Z-fx-89687ae2-R02:rank0:schedule:6,batch:c73cd7e400961f58c09e85a8,6,,,,prefill_chunk,105,20480,20585,model_route,attention_forward_begin,select_full_attention_route,RocmAiterUnifiedAttentionImpl,full_attention,3;7;11;15;19;23;27;31;35;39;43;47;51;55;59;63,joined_request_step_forward_and_affected_layers,"{""call_count"":16,""expected_loaded_layer_ids"":[3,7,11,15,19,23,27,31,35,39,43,47,51,55,59,63]}",970967,889,/public/home/tangyu408/Qwen_DCU_Worker_0/workload_profile/algorithmic_trace/traces/20260729T050800Z-fx-89687ae2-R02-qwen35-27b-eager-row0-hcu0/events/events.970967.jsonl
decision:00097,20260729T050800Z-fx-89687ae2-R02,pra2026-bh408@3d036144-16-32K-row0-greedy1024,3d03614452cd0a925abc82a7686560ff80252dfa,enforce_eager,0,rank0,HCU0:TCA23906041001,chatcmpl-bench-7f1746b7-0-9eeec82b,7,20260729T050800Z-fx-89687ae2-R02:rank0:schedule:7,batch:3b46a4491b7a697518068bc9,7,,,,decode,1,20585,20586,model_route,attention_forward_begin,select_full_attention_route,RocmAiterUnifiedAttentionImpl,full_attention,3;7;11;15;19;23;27;31;35;39;43;47;51;55;59;63,joined_request_step_forward_and_affected_layers,"{""call_count"":16,""expected_loaded_layer_ids"":[3,7,11,15,19,23,27,31,35,39,43,47,51,55,59,63]}",970967,1073,/public/home/tangyu408/Qwen_DCU_Worker_0/workload_profile/algorithmic_trace/traces/20260729T050800Z-fx-89687ae2-R02-qwen35-27b-eager-row0-hcu0/events/events.970967.jsonl
decision:00098,20260729T050800Z-fx-89687ae2-R02,pra2026-bh408@3d036144-16-32K-row0-greedy1024,3d03614452cd0a925abc82a7686560ff80252dfa,enforce_eager,0,rank0,HCU0:TCA23906041001,chatcmpl-bench-7f1746b7-0-9eeec82b,8,20260729T050800Z-fx-89687ae2-R02:rank0:schedule:8,batch:6b9c2bc163802110c3a93d6a,8,,,,decode,1,20586,20587,model_route,attention_forward_begin,select_full_attention_route,RocmAiterUnifiedAttentionImpl,full_attention,3;7;11;15;19;23;27;31;35;39;43;47;51;55;59;63,joined_request_step_forward_and_affected_layers,"{""call_count"":16,""expected_loaded_layer_ids"":[3,7,11,15,19,23,27,31,35,39,43,47,51,55,59,63]}",970967,1407,/public/home/tangyu408/Qwen_DCU_Worker_0/workload_profile/algorithmic_trace/traces/20260729T050800Z-fx-89687ae2-R02-qwen35-27b-eager-row0-hcu0/events/events.970967.jsonl
decision:00099,20260729T050800Z-fx-89687ae2-R02,pra2026-bh408@3d036144-16-32K-row0-greedy1024,3d03614452cd0a925abc82a7686560ff80252dfa,enforce_eager,0,rank0,HCU0:TCA23906041001,chatcmpl-bench-7f1746b7-0-9eeec82b,9,20260729T050800Z-fx-89687ae2-R02:rank0:schedule:9,batch:8c79e79943f13046409450d6,9,,,,decode,1,20587,20588,model_route,attention_forward_begin,select_full_attention_route,RocmAiterUnifiedAttentionImpl,full_attention,3;7;11;15;19;23;27;31;35;39;43;47;51;55;59;63,joined_request_step_forward_and_affected_layers,"{""call_count"":16,""expected_loaded_layer_ids"":[3,7,11,15,19,23,27,31,35,39,43,47,51,55,59,63]}",970967,1741,/public/home/tangyu408/Qwen_DCU_Worker_0/workload_profile/algorithmic_trace/traces/20260729T050800Z-fx-89687ae2-R02-qwen35-27b-eager-row0-hcu0/events/events.970967.jsonl
decision:00100,20260729T050800Z-fx-89687ae2-R02,pra2026-bh408@3d036144-16-32K-row0-greedy1024,3d03614452cd0a925abc82a7686560ff80252dfa,enforce_eager,0,rank0,HCU0:TCA23906041001,chatcmpl-bench-7f1746b7-0-9eeec82b,10,20260729T050800Z-fx-89687ae2-R02:rank0:schedule:10,batch:a7662b656dc4ae29276d92b7,10,,,,decode,1,20588,20589,model_route,attention_forward_begin,select_full_attention_route,RocmAiterUnifiedAttentionImpl,full_attention,3;7;11;15;19;23;27;31;35;39;43;47;51;55;59;63,joined_request_step_forward_and_affected_layers,"{""call_count"":16,""expected_loaded_layer_ids"":[3,7,11,15,19,23,27,31,35,39,43,47,51,55,59,63]}",970967,2075,/public/home/tangyu408/Qwen_DCU_Worker_0/workload_profile/algorithmic_trace/traces/20260729T050800Z-fx-89687ae2-R02-qwen35-27b-eager-row0-hcu0/events/events.970967.jsonl
decision:00101,20260729T050800Z-fx-89687ae2-R02,pra2026-bh408@3d036144-16-32K-row0-greedy1024,3d03614452cd0a925abc82a7686560ff80252dfa,enforce_eager,0,rank0,HCU0:TCA23906041001,chatcmpl-bench-7f1746b7-0-9eeec82b,11,20260729T050800Z-fx-89687ae2-R02:rank0:schedule:11,batch:f5ab0e40a3f692f5782cba54,11,,,,decode,1,20589,20590,model_route,attention_forward_begin,select_full_attention_route,RocmAiterUnifiedAttentionImpl,full_attention,3;7;11;15;19;23;27;31;35;39;43;47;51;55;59;63,joined_request_step_forward_and_affected_layers,"{""call_count"":16,""expected_loaded_layer_ids"":[3,7,11,15,19,23,27,31,35,39,43,47,51,55,59,63]}",970967,2409,/public/home/tangyu408/Qwen_DCU_Worker_0/workload_profile/algorithmic_trace/traces/20260729T050800Z-fx-89687ae2-R02-qwen35-27b-eager-row0-hcu0/events/events.970967.jsonl
decision:00102,20260729T050800Z-fx-89687ae2-R02,pra2026-bh408@3d036144-16-32K-row0-greedy1024,3d03614452cd0a925abc82a7686560ff80252dfa,enforce_eager,0,rank0,HCU0:TCA23906041001,chatcmpl-bench-7f1746b7-0-9eeec82b,12,20260729T050800Z-fx-89687ae2-R02:rank0:schedule:12,batch:a48b18cb4f27f8096384caa0,12,,,,decode,1,20590,20591,model_route,attention_forward_begin,select_full_attention_route,RocmAiterUnifiedAttentionImpl,full_attention,3;7;11;15;19;23;27;31;35;39;43;47;51;55;59;63,joined_request_step_forward_and_affected_layers,"{""call_count"":16,""expected_loaded_layer_ids"":[3,7,11,15,19,23,27,31,35,39,43,47,51,55,59,63]}",970967,2743,/public/home/tangyu408/Qwen_DCU_Worker_0/workload_profile/algorithmic_trace/traces/20260729T050800Z-fx-89687ae2-R02-qwen35-27b-eager-row0-hcu0/events/events.970967.jsonl
decision:00103,20260729T050800Z-fx-89687ae2-R02,pra2026-bh408@3d036144-16-32K-row0-greedy1024,3d03614452cd0a925abc82a7686560ff80252dfa,enforce_eager,0,rank0,HCU0:TCA23906041001,chatcmpl-bench-7f1746b7-0-9eeec82b,13,20260729T050800Z-fx-89687ae2-R02:rank0:schedule:13,batch:8ff9d020967316b76245df48,13,,,,decode,1,20591,20592,model_route,attention_forward_begin,select_full_attention_route,RocmAiterUnifiedAttentionImpl,full_attention,3;7;11;15;19;23;27;31;35;39;43;47;51;55;59;63,joined_request_step_forward_and_affected_layers,"{""call_count"":16,""expected_loaded_layer_ids"":[3,7,11,15,19,23,27,31,35,39,43,47,51,55,59,63]}",970967,3077,/public/home/tangyu408/Qwen_DCU_Worker_0/workload_profile/algorithmic_trace/traces/20260729T050800Z-fx-89687ae2-R02-qwen35-27b-eager-row0-hcu0/events/events.970967.jsonl
decision:00104,20260729T050800Z-fx-89687ae2-R02,pra2026-bh408@3d036144-16-32K-row0-greedy1024,3d03614452cd0a925abc82a7686560ff80252dfa,enforce_eager,0,rank0,HCU0:TCA23906041001,chatcmpl-bench-7f1746b7-0-9eeec82b,14,20260729T050800Z-fx-89687ae2-R02:rank0:schedule:14,batch:b3beb11dd9b0ab888dd8dc91,14,,,,decode,1,20592,20593,model_route,attention_forward_begin,select_full_attention_route,RocmAiterUnifiedAttentionImpl,full_attention,3;7;11;15;19;23;27;31;35;39;43;47;51;55;59;63,joined_request_step_forward_and_affected_layers,"{""call_count"":16,""expected_loaded_layer_ids"":[3,7,11,15,19,23,27,31,35,39,43,47,51,55,59,63]}",970967,3411,/public/home/tangyu408/Qwen_DCU_Worker_0/workload_profile/algorithmic_trace/traces/20260729T050800Z-fx-89687ae2-R02-qwen35-27b-eager-row0-hcu0/events/events.970967.jsonl
decision:00105,20260729T050800Z-fx-89687ae2-R02,pra2026-bh408@3d036144-16-32K-row0-greedy1024,3d03614452cd0a925abc82a7686560ff80252dfa,enforce_eager,0,rank0,HCU0:TCA23906041001,chatcmpl-bench-7f1746b7-0-9eeec82b,15,20260729T050800Z-fx-89687ae2-R02:rank0:schedule:15,batch:4af35f18b20237534540b417,15,,,,decode,1,20593,20594,model_route,attention_forward_begin,select_full_attention_route,RocmAiterUnifiedAttentionImpl,full_attention,3;7;11;15;19;23;27;31;35;39;43;47;51;55;59;63,joined_request_step_forward_and_affected_layers,"{""call_count"":16,""expected_loaded_layer_ids"":[3,7,11,15,19,23,27,31,35,39,43,47,51,55,59,63]}",970967,3745,/public/home/tangyu408/Qwen_DCU_Worker_0/workload_profile/algorithmic_trace/traces/20260729T050800Z-fx-89687ae2-R02-qwen35-27b-eager-row0-hcu0/events/events.970967.jsonl
decision:00106,20260729T050800Z-fx-89687ae2-R02,pra2026-bh408@3d036144-16-32K-row0-greedy1024,3d03614452cd0a925abc82a7686560ff80252dfa,enforce_eager,0,rank0,HCU0:TCA23906041001,chatcmpl-bench-7f1746b7-0-9eeec82b,16,20260729T050800Z-fx-89687ae2-R02:rank0:schedule:16,batch:162e22d54309dc940f5cdc50,16,,,,decode,1,20594,20595,model_route,attention_forward_begin,select_full_attention_route,RocmAiterUnifiedAttentionImpl,full_attention,3;7;11;15;19;23;27;31;35;39;43;47;51;55;59;63,joined_request_step_forward_and_affected_layers,"{""call_count"":16,""expected_loaded_layer_ids"":[3,7,11,15,19,23,27,31,35,39,43,47,51,55,59,63]}",970967,4079,/public/home/tangyu408/Qwen_DCU_Worker_0/workload_profile/algorithmic_trace/traces/20260729T050800Z-fx-89687ae2-R02-qwen35-27b-eager-row0-hcu0/events/events.970967.jsonl
decision:00107,20260729T050800Z-fx-89687ae2-R02,pra2026-bh408@3d036144-16-32K-row0-greedy1024,3d03614452cd0a925abc82a7686560ff80252dfa,enforce_eager,0,rank0,HCU0:TCA23906041001,chatcmpl-bench-7f1746b7-0-9eeec82b,17,20260729T050800Z-fx-89687ae2-R02:rank0:schedule:17,batch:3bedd4eb38f49155ba5b6621,17,,,,decode,1,20595,20596,model_route,attention_forward_begin,select_full_attention_route,RocmAiterUnifiedAttentionImpl,full_attention,3;7;11;15;19;23;27;31;35;39;43;47;51;55;59;63,joined_request_step_forward_and_affected_layers,"{""call_count"":16,""expected_loaded_layer_ids"":[3,7,11,15,19,23,27,31,35,39,43,47,51,55,59,63]}",970967,4413,/public/home/tangyu408/Qwen_DCU_Worker_0/workload_profile/algorithmic_trace/traces/20260729T050800Z-fx-89687ae2-R02-qwen35-27b-eager-row0-hcu0/events/events.970967.jsonl
decision:00108,20260729T050800Z-fx-89687ae2-R02,pra2026-bh408@3d036144-16-32K-row0-greedy1024,3d03614452cd0a925abc82a7686560ff80252dfa,enforce_eager,0,rank0,HCU0:TCA23906041001,chatcmpl-bench-7f1746b7-0-9eeec82b,18,20260729T050800Z-fx-89687ae2-R02:rank0:schedule:18,batch:1d62dedc9ff74506551a7b9e,18,,,,decode,1,20596,20597,model_route,attention_forward_begin,select_full_attention_route,RocmAiterUnifiedAttentionImpl,full_attention,3;7;11;15;19;23;27;31;35;39;43;47;51;55;59;63,joined_request_step_forward_and_affected_layers,"{""call_count"":16,""expected_loaded_layer_ids"":[3,7,11,15,19,23,27,31,35,39,43,47,51,55,59,63]}",970967,4747,/public/home/tangyu408/Qwen_DCU_Worker_0/workload_profile/algorithmic_trace/traces/20260729T050800Z-fx-89687ae2-R02-qwen35-27b-eager-row0-hcu0/events/events.970967.jsonl
decision:00109,20260729T050800Z-fx-89687ae2-R02,pra2026-bh408@3d036144-16-32K-row0-greedy1024,3d03614452cd0a925abc82a7686560ff80252dfa,enforce_eager,0,rank0,HCU0:TCA23906041001,chatcmpl-bench-7f1746b7-0-9eeec82b,19,20260729T050800Z-fx-89687ae2-R02:rank0:schedule:19,batch:6fe80a648bb579e4c276cdc8,19,,,,decode,1,20597,20598,model_route,attention_forward_begin,select_full_attention_route,RocmAiterUnifiedAttentionImpl,full_attention,3;7;11;15;19;23;27;31;35;39;43;47;51;55;59;63,joined_request_step_forward_and_affected_layers,"{""call_count"":16,""expected_loaded_layer_ids"":[3,7,11,15,19,23,27,31,35,39,43,47,51,55,59,63]}",970967,5081,/public/home/tangyu408/Qwen_DCU_Worker_0/workload_profile/algorithmic_trace/traces/20260729T050800Z-fx-89687ae2-R02-qwen35-27b-eager-row0-hcu0/events/events.970967.jsonl
decision:00110,20260729T050800Z-fx-89687ae2-R02,pra2026-bh408@3d036144-16-32K-row0-greedy1024,3d03614452cd0a925abc82a7686560ff80252dfa,enforce_eager,0,rank0,HCU0:TCA23906041001,chatcmpl-bench-7f1746b7-0-9eeec82b,20,20260729T050800Z-fx-89687ae2-R02:rank0:schedule:20,batch:1608721d8733d5385b12554f,20,,,,decode,1,20598,20599,model_route,attention_forward_begin,select_full_attention_route,RocmAiterUnifiedAttentionImpl,full_attention,3;7;11;15;19;23;27;31;35;39;43;47;51;55;59;63,joined_request_step_forward_and_affected_layers,"{""call_count"":16,""expected_loaded_layer_ids"":[3,7,11,15,19,23,27,31,35,39,43,47,51,55,59,63]}",970967,5415,/public/home/tangyu408/Qwen_DCU_Worker_0/workload_profile/algorithmic_trace/traces/20260729T050800Z-fx-89687ae2-R02-qwen35-27b-eager-row0-hcu0/events/events.970967.jsonl
decision:00111,20260729T050800Z-fx-89687ae2-R02,pra2026-bh408@3d036144-16-32K-row0-greedy1024,3d03614452cd0a925abc82a7686560ff80252dfa,enforce_eager,0,rank0,HCU0:TCA23906041001,chatcmpl-bench-7f1746b7-0-9eeec82b,21,20260729T050800Z-fx-89687ae2-R02:rank0:schedule:21,batch:a5424a50a6d9b9e115285c55,21,,,,decode,1,20599,20600,model_route,attention_forward_begin,select_full_attention_route,RocmAiterUnifiedAttentionImpl,full_attention,3;7;11;15;19;23;27;31;35;39;43;47;51;55;59;63,joined_request_step_forward_and_affected_layers,"{""call_count"":16,""expected_loaded_layer_ids"":[3,7,11,15,19,23,27,31,35,39,43,47,51,55,59,63]}",970967,5749,/public/home/tangyu408/Qwen_DCU_Worker_0/workload_profile/algorithmic_trace/traces/20260729T050800Z-fx-89687ae2-R02-qwen35-27b-eager-row0-hcu0/events/events.970967.jsonl
decision:00112,20260729T050800Z-fx-89687ae2-R02,pra2026-bh408@3d036144-16-32K-row0-greedy1024,3d03614452cd0a925abc82a7686560ff80252dfa,enforce_eager,0,rank0,HCU0:TCA23906041001,chatcmpl-bench-7f1746b7-0-9eeec82b,22,20260729T050800Z-fx-89687ae2-R02:rank0:schedule:22,batch:ee0eeff31398fcb74ed73d8b,22,,,,decode,1,20600,20601,model_route,attention_forward_begin,select_full_attention_route,RocmAiterUnifiedAttentionImpl,full_attention,3;7;11;15;19;23;27;31;35;39;43;47;51;55;59;63,joined_request_step_forward_and_affected_layers,"{""call_count"":16,""expected_loaded_layer_ids"":[3,7,11,15,19,23,27,31,35,39,43,47,51,55,59,63]}",970967,6083,/public/home/tangyu408/Qwen_DCU_Worker_0/workload_profile/algorithmic_trace/traces/20260729T050800Z-fx-89687ae2-R02-qwen35-27b-eager-row0-hcu0/events/events.970967.jsonl
decision:00113,20260729T050800Z-fx-89687ae2-R02,pra2026-bh408@3d036144-16-32K-row0-greedy1024,3d03614452cd0a925abc82a7686560ff80252dfa,enforce_eager,0,rank0,HCU0:TCA23906041001,chatcmpl-bench-7f1746b7-0-9eeec82b,23,20260729T050800Z-fx-89687ae2-R02:rank0:schedule:23,batch:78813fabdbd8ec1e1e652c9c,23,,,,decode,1,20601,20602,model_route,attention_forward_begin,select_full_attention_route,RocmAiterUnifiedAttentionImpl,full_attention,3;7;11;15;19;23;27;31;35;39;43;47;51;55;59;63,joined_request_step_forward_and_affected_layers,"{""call_count"":16,""expected_loaded_layer_ids"":[3,7,11,15,19,23,27,31,35,39,43,47,51,55,59,63]}",970967,6417,/public/home/tangyu408/Qwen_DCU_Worker_0/workload_profile/algorithmic_trace/traces/20260729T050800Z-fx-89687ae2-R02-qwen35-27b-eager-row0-hcu0/events/events.970967.jsonl
decision:00114,20260729T050800Z-fx-89687ae2-R02,pra2026-bh408@3d036144-16-32K-row0-greedy1024,3d03614452cd0a925abc82a7686560ff80252dfa,enforce_eager,0,rank0,HCU0:TCA23906041001,chatcmpl-bench-7f1746b7-0-9eeec82b,24,20260729T050800Z-fx-89687ae2-R02:rank0:schedule:24,batch:36abbc89f38e024433e99e5b,24,,,,decode,1,20602,20603,model_route,attention_forward_begin,select_full_attention_route,RocmAiterUnifiedAttentionImpl,full_attention,3;7;11;15;19;23;27;31;35;39;43;47;51;55;59;63,joined_request_step_forward_and_affected_layers,"{""call_count"":16,""expected_loaded_layer_ids"":[3,7,11,15,19,23,27,31,35,39,43,47,51,55,59,63]}",970967,6751,/public/home/tangyu408/Qwen_DCU_Worker_0/workload_profile/algorithmic_trace/traces/20260729T050800Z-fx-89687ae2-R02-qwen35-27b-eager-row0-hcu0/events/events.970967.jsonl
decision:00115,20260729T050800Z-fx-89687ae2-R02,pra2026-bh408@3d036144-16-32K-row0-greedy1024,3d03614452cd0a925abc82a7686560ff80252dfa,enforce_eager,0,rank0,HCU0:TCA23906041001,chatcmpl-bench-7f1746b7-0-9eeec82b,25,20260729T050800Z-fx-89687ae2-R02:rank0:schedule:25,batch:11aa5a48bb0ec5f2b43ada7c,25,,,,decode,1,20603,20604,model_route,attention_forward_begin,select_full_attention_route,RocmAiterUnifiedAttentionImpl,full_attention,3;7;11;15;19;23;27;31;35;39;43;47;51;55;59;63,joined_request_step_forward_and_affected_layers,"{""call_count"":16,""expected_loaded_layer_ids"":[3,7,11,15,19,23,27,31,35,39,43,47,51,55,59,63]}",970967,7085,/public/home/tangyu408/Qwen_DCU_Worker_0/workload_profile/algorithmic_trace/traces/20260729T050800Z-fx-89687ae2-R02-qwen35-27b-eager-row0-hcu0/events/events.970967.jsonl
decision:00116,20260729T050800Z-fx-89687ae2-R02,pra2026-bh408@3d036144-16-32K-row0-greedy1024,3d03614452cd0a925abc82a7686560ff80252dfa,enforce_eager,0,rank0,HCU0:TCA23906041001,chatcmpl-bench-7f1746b7-0-9eeec82b,26,20260729T050800Z-fx-89687ae2-R02:rank0:schedule:26,batch:b2ebbdc55d6285df3f2df3e5,26,,,,decode,1,20604,20605,model_route,attention_forward_begin,select_full_attention_route,RocmAiterUnifiedAttentionImpl,full_attention,3;7;11;15;19;23;27;31;35;39;43;47;51;55;59;63,joined_request_step_forward_and_affected_layers,"{""call_count"":16,""expected_loaded_layer_ids"":[3,7,11,15,19,23,27,31,35,39,43,47,51,55,59,63]}",970967,7419,/public/home/tangyu408/Qwen_DCU_Worker_0/workload_profile/algorithmic_trace/traces/20260729T050800Z-fx-89687ae2-R02-qwen35-27b-eager-row0-hcu0/events/events.970967.jsonl
decision:00117,20260729T050800Z-fx-89687ae2-R02,pra2026-bh408@3d036144-16-32K-row0-greedy1024,3d03614452cd0a925abc82a7686560ff80252dfa,enforce_eager,0,rank0,HCU0:TCA23906041001,chatcmpl-bench-7f1746b7-0-9eeec82b,27,20260729T050800Z-fx-89687ae2-R02:rank0:schedule:27,batch:1fe81a3becec57cf1be4df8d,27,,,,decode,1,20605,20606,model_route,attention_forward_begin,select_full_attention_route,RocmAiterUnifiedAttentionImpl,full_attention,3;7;11;15;19;23;27;31;35;39;43;47;51;55;59;63,joined_request_step_forward_and_affected_layers,"{""call_count"":16,""expected_loaded_layer_ids"":[3,7,11,15,19,23,27,31,35,39,43,47,51,55,59,63]}",970967,7753,/public/home/tangyu408/Qwen_DCU_Worker_0/workload_profile/algorithmic_trace/traces/20260729T050800Z-fx-89687ae2-R02-qwen35-27b-eager-row0-hcu0/events/events.970967.jsonl
decision:00118,20260729T050800Z-fx-89687ae2-R02,pra2026-bh408@3d036144-16-32K-row0-greedy1024,3d03614452cd0a925abc82a7686560ff80252dfa,enforce_eager,0,rank0,HCU0:TCA23906041001,chatcmpl-bench-7f1746b7-0-9eeec82b,28,20260729T050800Z-fx-89687ae2-R02:rank0:schedule:28,batch:72521f82babaa9450ba77a28,28,,,,decode,1,20606,20607,model_route,attention_forward_begin,select_full_attention_route,RocmAiterUnifiedAttentionImpl,full_attention,3;7;11;15;19;23;27;31;35;39;43;47;51;55;59;63,joined_request_step_forward_and_affected_layers,"{""call_count"":16,""expected_loaded_layer_ids"":[3,7,11,15,19,23,27,31,35,39,43,47,51,55,59,63]}",970967,8087,/public/home/tangyu408/Qwen_DCU_Worker_0/workload_profile/algorithmic_trace/traces/20260729T050800Z-fx-89687ae2-R02-qwen35-27b-eager-row0-hcu0/events/events.970967.jsonl
decision:00119,20260729T050800Z-fx-89687ae2-R02,pra2026-bh408@3d036144-16-32K-row0-greedy1024,3d03614452cd0a925abc82a7686560ff80252dfa,enforce_eager,0,rank0,HCU0:TCA23906041001,chatcmpl-bench-7f1746b7-0-9eeec82b,29,20260729T050800Z-fx-89687ae2-R02:rank0:schedule:29,batch:ff8077c1fff4dbadc829b7f3,29,,,,decode,1,20607,20608,model_route,attention_forward_begin,select_full_attention_route,RocmAiterUnifiedAttentionImpl,full_attention,3;7;11;15;19;23;27;31;35;39;43;47;51;55;59;63,joined_request_step_forward_and_affected_layers,"{""call_count"":16,""expected_loaded_layer_ids"":[3,7,11,15,19,23,27,31,35,39,43,47,51,55,59,63]}",970967,8421,/public/home/tangyu408/Qwen_DCU_Worker_0/workload_profile/algorithmic_trace/traces/20260729T050800Z-fx-89687ae2-R02-qwen35-27b-eager-row0-hcu0/events/events.970967.jsonl
decision:00120,20260729T050800Z-fx-89687ae2-R02,pra2026-bh408@3d036144-16-32K-row0-greedy1024,3d03614452cd0a925abc82a7686560ff80252dfa,enforce_eager,0,rank0,HCU0:TCA23906041001,chatcmpl-bench-7f1746b7-0-9eeec82b,1,20260729T050800Z-fx-89687ae2-R02:rank0:schedule:1,batch:b655c45f3b212e0ac7431efa,1,,,,prefill_chunk,4096,0,4096,sampling,sample_tokens,sample_tokens,AsyncGPUModelRunnerOutput,model_output,,joined_request_step_forward,"{""input_batch"":{""num_computed_tokens_cpu"":{""head"":[0,0,0,0,0,0,0,0],""len"":128,""tail"":[0,0,0,0,0,0,0,0]},""num_prompt_tokens"":{""head"":[20585,0,0,0,0,0,0,0],""len"":128,""tail"":[0,0,0,0,0,0,0,0]},""num_reqs"":1,""num_scheduled_tokens"":null,""num_tokens_no_spec"":{""head"":[20585,0,0,0,0,0,0,0],""len"":128,""tail"":[0,0,0,0,0,0,0,0]},""req_ids"":[""chatcmpl-bench-7f1746b7-0-9eeec82b""]}}",970967,177,/public/home/tangyu408/Qwen_DCU_Worker_0/workload_profile/algorithmic_trace/traces/20260729T050800Z-fx-89687ae2-R02-qwen35-27b-eager-row0-hcu0/events/events.970967.jsonl
decision:00121,20260729T050800Z-fx-89687ae2-R02,pra2026-bh408@3d036144-16-32K-row0-greedy1024,3d03614452cd0a925abc82a7686560ff80252dfa,enforce_eager,0,rank0,HCU0:TCA23906041001,chatcmpl-bench-7f1746b7-0-9eeec82b,2,20260729T050800Z-fx-89687ae2-R02:rank0:schedule:2,batch:bfd49d0e5fc15e669f70e5a5,2,,,,prefill_chunk,4096,4096,8192,sampling,sample_tokens,sample_tokens,AsyncGPUModelRunnerOutput,model_output,,joined_request_step_forward,"{""input_batch"":{""num_computed_tokens_cpu"":{""head"":[4096,0,0,0,0,0,0,0],""len"":128,""tail"":[0,0,0,0,0,0,0,0]},""num_prompt_tokens"":{""head"":[20585,0,0,0,0,0,0,0],""len"":128,""tail"":[0,0,0,0,0,0,0,0]},""num_reqs"":1,""num_scheduled_tokens"":null,""num_tokens_no_spec"":{""head"":[20585,0,0,0,0,0,0,0],""len"":128,""tail"":[0,0,0,0,0,0,0,0]},""req_ids"":[""chatcmpl-bench-7f1746b7-0-9eeec82b""]}}",970967,350,/public/home/tangyu408/Qwen_DCU_Worker_0/workload_profile/algorithmic_trace/traces/20260729T050800Z-fx-89687ae2-R02-qwen35-27b-eager-row0-hcu0/events/events.970967.jsonl
decision:00122,20260729T050800Z-fx-89687ae2-R02,pra2026-bh408@3d036144-16-32K-row0-greedy1024,3d03614452cd0a925abc82a7686560ff80252dfa,enforce_eager,0,rank0,HCU0:TCA23906041001,chatcmpl-bench-7f1746b7-0-9eeec82b,3,20260729T050800Z-fx-89687ae2-R02:rank0:schedule:3,batch:a243ac6ac732b547527c78dd,3,,,,prefill_chunk,4096,8192,12288,sampling,sample_tokens,sample_tokens,AsyncGPUModelRunnerOutput,model_output,,joined_request_step_forward,"{""input_batch"":{""num_computed_tokens_cpu"":{""head"":[8192,0,0,0,0,0,0,0],""len"":128,""tail"":[0,0,0,0,0,0,0,0]},""num_prompt_tokens"":{""head"":[20585,0,0,0,0,0,0,0],""len"":128,""tail"":[0,0,0,0,0,0,0,0]},""num_reqs"":1,""num_scheduled_tokens"":null,""num_tokens_no_spec"":{""head"":[20585,0,0,0,0,0,0,0],""len"":128,""tail"":[0,0,0,0,0,0,0,0]},""req_ids"":[""chatcmpl-bench-7f1746b7-0-9eeec82b""]}}",970967,524,/public/home/tangyu408/Qwen_DCU_Worker_0/workload_profile/algorithmic_trace/traces/20260729T050800Z-fx-89687ae2-R02-qwen35-27b-eager-row0-hcu0/events/events.970967.jsonl
decision:00123,20260729T050800Z-fx-89687ae2-R02,pra2026-bh408@3d036144-16-32K-row0-greedy1024,3d03614452cd0a925abc82a7686560ff80252dfa,enforce_eager,0,rank0,HCU0:TCA23906041001,chatcmpl-bench-7f1746b7-0-9eeec82b,4,20260729T050800Z-fx-89687ae2-R02:rank0:schedule:4,batch:41534ff61363b90816b2da50,4,,,,prefill_chunk,4096,12288,16384,sampling,sample_tokens,sample_tokens,AsyncGPUModelRunnerOutput,model_output,,joined_request_step_forward,"{""input_batch"":{""num_computed_tokens_cpu"":{""head"":[12288,0,0,0,0,0,0,0],""len"":128,""tail"":[0,0,0,0,0,0,0,0]},""num_prompt_tokens"":{""head"":[20585,0,0,0,0,0,0,0],""len"":128,""tail"":[0,0,0,0,0,0,0,0]},""num_reqs"":1,""num_scheduled_tokens"":null,""num_tokens_no_spec"":{""head"":[20585,0,0,0,0,0,0,0],""len"":128,""tail"":[0,0,0,0,0,0,0,0]},""req_ids"":[""chatcmpl-bench-7f1746b7-0-9eeec82b""]}}",970967,698,/public/home/tangyu408/Qwen_DCU_Worker_0/workload_profile/algorithmic_trace/traces/20260729T050800Z-fx-89687ae2-R02-qwen35-27b-eager-row0-hcu0/events/events.970967.jsonl
decision:00124,20260729T050800Z-fx-89687ae2-R02,pra2026-bh408@3d036144-16-32K-row0-greedy1024,3d03614452cd0a925abc82a7686560ff80252dfa,enforce_eager,0,rank0,HCU0:TCA23906041001,chatcmpl-bench-7f1746b7-0-9eeec82b,5,20260729T050800Z-fx-89687ae2-R02:rank0:schedule:5,batch:f9efb17b5693218d44033573,5,,,,prefill_chunk,4096,16384,20480,sampling,sample_tokens,sample_tokens,AsyncGPUModelRunnerOutput,model_output,,joined_request_step_forward,"{""input_batch"":{""num_computed_tokens_cpu"":{""head"":[16384,0,0,0,0,0,0,0],""len"":128,""tail"":[0,0,0,0,0,0,0,0]},""num_prompt_tokens"":{""head"":[20585,0,0,0,0,0,0,0],""len"":128,""tail"":[0,0,0,0,0,0,0,0]},""num_reqs"":1,""num_scheduled_tokens"":null,""num_tokens_no_spec"":{""head"":[20585,0,0,0,0,0,0,0],""len"":128,""tail"":[0,0,0,0,0,0,0,0]},""req_ids"":[""chatcmpl-bench-7f1746b7-0-9eeec82b""]}}",970967,872,/public/home/tangyu408/Qwen_DCU_Worker_0/workload_profile/algorithmic_trace/traces/20260729T050800Z-fx-89687ae2-R02-qwen35-27b-eager-row0-hcu0/events/events.970967.jsonl
decision:00125,20260729T050800Z-fx-89687ae2-R02,pra2026-bh408@3d036144-16-32K-row0-greedy1024,3d03614452cd0a925abc82a7686560ff80252dfa,enforce_eager,0,rank0,HCU0:TCA23906041001,chatcmpl-bench-7f1746b7-0-9eeec82b,6,20260729T050800Z-fx-89687ae2-R02:rank0:schedule:6,batch:c73cd7e400961f58c09e85a8,6,,,,prefill_chunk,105,20480,20585,sampling,sample_tokens,sample_tokens,AsyncGPUModelRunnerOutput,model_output,,joined_request_step_forward,"{""input_batch"":{""num_computed_tokens_cpu"":{""head"":[20480,0,0,0,0,0,0,0],""len"":128,""tail"":[0,0,0,0,0,0,0,0]},""num_prompt_tokens"":{""head"":[20585,0,0,0,0,0,0,0],""len"":128,""tail"":[0,0,0,0,0,0,0,0]},""num_reqs"":1,""num_scheduled_tokens"":null,""num_tokens_no_spec"":{""head"":[20586,0,0,0,0,0,0,0],""len"":128,""tail"":[0,0,0,0,0,0,0,0]},""req_ids"":[""chatcmpl-bench-7f1746b7-0-9eeec82b""]}}",970967,1046,/public/home/tangyu408/Qwen_DCU_Worker_0/workload_profile/algorithmic_trace/traces/20260729T050800Z-fx-89687ae2-R02-qwen35-27b-eager-row0-hcu0/events/events.970967.jsonl
decision:00126,20260729T050800Z-fx-89687ae2-R02,pra2026-bh408@3d036144-16-32K-row0-greedy1024,3d03614452cd0a925abc82a7686560ff80252dfa,enforce_eager,0,rank0,HCU0:TCA23906041001,chatcmpl-bench-7f1746b7-0-9eeec82b,7,20260729T050800Z-fx-89687ae2-R02:rank0:schedule:7,batch:3b46a4491b7a697518068bc9,7,,,,decode,1,20585,20586,sampling,sample_tokens,sample_tokens,AsyncGPUModelRunnerOutput,model_output,,joined_request_step_forward,"{""input_batch"":{""num_computed_tokens_cpu"":{""head"":[20585,0,0,0,0,0,0,0],""len"":128,""tail"":[0,0,0,0,0,0,0,0]},""num_prompt_tokens"":{""head"":[20585,0,0,0,0,0,0,0],""len"":128,""tail"":[0,0,0,0,0,0,0,0]},""num_reqs"":1,""num_scheduled_tokens"":null,""num_tokens_no_spec"":{""head"":[20587,0,0,0,0,0,0,0],""len"":128,""tail"":[0,0,0,0,0,0,0,0]},""req_ids"":[""chatcmpl-bench-7f1746b7-0-9eeec82b""]}}",970967,1380,/public/home/tangyu408/Qwen_DCU_Worker_0/workload_profile/algorithmic_trace/traces/20260729T050800Z-fx-89687ae2-R02-qwen35-27b-eager-row0-hcu0/events/events.970967.jsonl
decision:00127,20260729T050800Z-fx-89687ae2-R02,pra2026-bh408@3d036144-16-32K-row0-greedy1024,3d03614452cd0a925abc82a7686560ff80252dfa,enforce_eager,0,rank0,HCU0:TCA23906041001,chatcmpl-bench-7f1746b7-0-9eeec82b,8,20260729T050800Z-fx-89687ae2-R02:rank0:schedule:8,batch:6b9c2bc163802110c3a93d6a,8,,,,decode,1,20586,20587,sampling,sample_tokens,sample_tokens,AsyncGPUModelRunnerOutput,model_output,,joined_request_step_forward,"{""input_batch"":{""num_computed_tokens_cpu"":{""head"":[20586,0,0,0,0,0,0,0],""len"":128,""tail"":[0,0,0,0,0,0,0,0]},""num_prompt_tokens"":{""head"":[20585,0,0,0,0,0,0,0],""len"":128,""tail"":[0,0,0,0,0,0,0,0]},""num_reqs"":1,""num_scheduled_tokens"":null,""num_tokens_no_spec"":{""head"":[20588,0,0,0,0,0,0,0],""len"":128,""tail"":[0,0,0,0,0,0,0,0]},""req_ids"":[""chatcmpl-bench-7f1746b7-0-9eeec82b""]}}",970967,1714,/public/home/tangyu408/Qwen_DCU_Worker_0/workload_profile/algorithmic_trace/traces/20260729T050800Z-fx-89687ae2-R02-qwen35-27b-eager-row0-hcu0/events/events.970967.jsonl
decision:00128,20260729T050800Z-fx-89687ae2-R02,pra2026-bh408@3d036144-16-32K-row0-greedy1024,3d03614452cd0a925abc82a7686560ff80252dfa,enforce_eager,0,rank0,HCU0:TCA23906041001,chatcmpl-bench-7f1746b7-0-9eeec82b,9,20260729T050800Z-fx-89687ae2-R02:rank0:schedule:9,batch:8c79e79943f13046409450d6,9,,,,decode,1,20587,20588,sampling,sample_tokens,sample_tokens,AsyncGPUModelRunnerOutput,model_output,,joined_request_step_forward,"{""input_batch"":{""num_computed_tokens_cpu"":{""head"":[20587,0,0,0,0,0,0,0],""len"":128,""tail"":[0,0,0,0,0,0,0,0]},""num_prompt_tokens"":{""head"":[20585,0,0,0,0,0,0,0],""len"":128,""tail"":[0,0,0,0,0,0,0,0]},""num_reqs"":1,""num_scheduled_tokens"":null,""num_tokens_no_spec"":{""head"":[20589,0,0,0,0,0,0,0],""len"":128,""tail"":[0,0,0,0,0,0,0,0]},""req_ids"":[""chatcmpl-bench-7f1746b7-0-9eeec82b""]}}",970967,2048,/public/home/tangyu408/Qwen_DCU_Worker_0/workload_profile/algorithmic_trace/traces/20260729T050800Z-fx-89687ae2-R02-qwen35-27b-eager-row0-hcu0/events/events.970967.jsonl
decision:00129,20260729T050800Z-fx-89687ae2-R02,pra2026-bh408@3d036144-16-32K-row0-greedy1024,3d03614452cd0a925abc82a7686560ff80252dfa,enforce_eager,0,rank0,HCU0:TCA23906041001,chatcmpl-bench-7f1746b7-0-9eeec82b,10,20260729T050800Z-fx-89687ae2-R02:rank0:schedule:10,batch:a7662b656dc4ae29276d92b7,10,,,,decode,1,20588,20589,sampling,sample_tokens,sample_tokens,AsyncGPUModelRunnerOutput,model_output,,joined_request_step_forward,"{""input_batch"":{""num_computed_tokens_cpu"":{""head"":[20588,0,0,0,0,0,0,0],""len"":128,""tail"":[0,0,0,0,0,0,0,0]},""num_prompt_tokens"":{""head"":[20585,0,0,0,0,0,0,0],""len"":128,""tail"":[0,0,0,0,0,0,0,0]},""num_reqs"":1,""num_scheduled_tokens"":null,""num_tokens_no_spec"":{""head"":[20590,0,0,0,0,0,0,0],""len"":128,""tail"":[0,0,0,0,0,0,0,0]},""req_ids"":[""chatcmpl-bench-7f1746b7-0-9eeec82b""]}}",970967,2382,/public/home/tangyu408/Qwen_DCU_Worker_0/workload_profile/algorithmic_trace/traces/20260729T050800Z-fx-89687ae2-R02-qwen35-27b-eager-row0-hcu0/events/events.970967.jsonl
decision:00130,20260729T050800Z-fx-89687ae2-R02,pra2026-bh408@3d036144-16-32K-row0-greedy1024,3d03614452cd0a925abc82a7686560ff80252dfa,enforce_eager,0,rank0,HCU0:TCA23906041001,chatcmpl-bench-7f1746b7-0-9eeec82b,11,20260729T050800Z-fx-89687ae2-R02:rank0:schedule:11,batch:f5ab0e40a3f692f5782cba54,11,,,,decode,1,20589,20590,sampling,sample_tokens,sample_tokens,AsyncGPUModelRunnerOutput,model_output,,joined_request_step_forward,"{""input_batch"":{""num_computed_tokens_cpu"":{""head"":[20589,0,0,0,0,0,0,0],""len"":128,""tail"":[0,0,0,0,0,0,0,0]},""num_prompt_tokens"":{""head"":[20585,0,0,0,0,0,0,0],""len"":128,""tail"":[0,0,0,0,0,0,0,0]},""num_reqs"":1,""num_scheduled_tokens"":null,""num_tokens_no_spec"":{""head"":[20591,0,0,0,0,0,0,0],""len"":128,""tail"":[0,0,0,0,0,0,0,0]},""req_ids"":[""chatcmpl-bench-7f1746b7-0-9eeec82b""]}}",970967,2716,/public/home/tangyu408/Qwen_DCU_Worker_0/workload_profile/algorithmic_trace/traces/20260729T050800Z-fx-89687ae2-R02-qwen35-27b-eager-row0-hcu0/events/events.970967.jsonl
decision:00131,20260729T050800Z-fx-89687ae2-R02,pra2026-bh408@3d036144-16-32K-row0-greedy1024,3d03614452cd0a925abc82a7686560ff80252dfa,enforce_eager,0,rank0,HCU0:TCA23906041001,chatcmpl-bench-7f1746b7-0-9eeec82b,12,20260729T050800Z-fx-89687ae2-R02:rank0:schedule:12,batch:a48b18cb4f27f8096384caa0,12,,,,decode,1,20590,20591,sampling,sample_tokens,sample_tokens,AsyncGPUModelRunnerOutput,model_output,,joined_request_step_forward,"{""input_batch"":{""num_computed_tokens_cpu"":{""head"":[20590,0,0,0,0,0,0,0],""len"":128,""tail"":[0,0,0,0,0,0,0,0]},""num_prompt_tokens"":{""head"":[20585,0,0,0,0,0,0,0],""len"":128,""tail"":[0,0,0,0,0,0,0,0]},""num_reqs"":1,""num_scheduled_tokens"":null,""num_tokens_no_spec"":{""head"":[20592,0,0,0,0,0,0,0],""len"":128,""tail"":[0,0,0,0,0,0,0,0]},""req_ids"":[""chatcmpl-bench-7f1746b7-0-9eeec82b""]}}",970967,3050,/public/home/tangyu408/Qwen_DCU_Worker_0/workload_profile/algorithmic_trace/traces/20260729T050800Z-fx-89687ae2-R02-qwen35-27b-eager-row0-hcu0/events/events.970967.jsonl
decision:00132,20260729T050800Z-fx-89687ae2-R02,pra2026-bh408@3d036144-16-32K-row0-greedy1024,3d03614452cd0a925abc82a7686560ff80252dfa,enforce_eager,0,rank0,HCU0:TCA23906041001,chatcmpl-bench-7f1746b7-0-9eeec82b,13,20260729T050800Z-fx-89687ae2-R02:rank0:schedule:13,batch:8ff9d020967316b76245df48,13,,,,decode,1,20591,20592,sampling,sample_tokens,sample_tokens,AsyncGPUModelRunnerOutput,model_output,,joined_request_step_forward,"{""input_batch"":{""num_computed_tokens_cpu"":{""head"":[20591,0,0,0,0,0,0,0],""len"":128,""tail"":[0,0,0,0,0,0,0,0]},""num_prompt_tokens"":{""head"":[20585,0,0,0,0,0,0,0],""len"":128,""tail"":[0,0,0,0,0,0,0,0]},""num_reqs"":1,""num_scheduled_tokens"":null,""num_tokens_no_spec"":{""head"":[20593,0,0,0,0,0,0,0],""len"":128,""tail"":[0,0,0,0,0,0,0,0]},""req_ids"":[""chatcmpl-bench-7f1746b7-0-9eeec82b""]}}",970967,3384,/public/home/tangyu408/Qwen_DCU_Worker_0/workload_profile/algorithmic_trace/traces/20260729T050800Z-fx-89687ae2-R02-qwen35-27b-eager-row0-hcu0/events/events.970967.jsonl
decision:00133,20260729T050800Z-fx-89687ae2-R02,pra2026-bh408@3d036144-16-32K-row0-greedy1024,3d03614452cd0a925abc82a7686560ff80252dfa,enforce_eager,0,rank0,HCU0:TCA23906041001,chatcmpl-bench-7f1746b7-0-9eeec82b,14,20260729T050800Z-fx-89687ae2-R02:rank0:schedule:14,batch:b3beb11dd9b0ab888dd8dc91,14,,,,decode,1,20592,20593,sampling,sample_tokens,sample_tokens,AsyncGPUModelRunnerOutput,model_output,,joined_request_step_forward,"{""input_batch"":{""num_computed_tokens_cpu"":{""head"":[20592,0,0,0,0,0,0,0],""len"":128,""tail"":[0,0,0,0,0,0,0,0]},""num_prompt_tokens"":{""head"":[20585,0,0,0,0,0,0,0],""len"":128,""tail"":[0,0,0,0,0,0,0,0]},""num_reqs"":1,""num_scheduled_tokens"":null,""num_tokens_no_spec"":{""head"":[20594,0,0,0,0,0,0,0],""len"":128,""tail"":[0,0,0,0,0,0,0,0]},""req_ids"":[""chatcmpl-bench-7f1746b7-0-9eeec82b""]}}",970967,3718,/public/home/tangyu408/Qwen_DCU_Worker_0/workload_profile/algorithmic_trace/traces/20260729T050800Z-fx-89687ae2-R02-qwen35-27b-eager-row0-hcu0/events/events.970967.jsonl
decision:00134,20260729T050800Z-fx-89687ae2-R02,pra2026-bh408@3d036144-16-32K-row0-greedy1024,3d03614452cd0a925abc82a7686560ff80252dfa,enforce_eager,0,rank0,HCU0:TCA23906041001,chatcmpl-bench-7f1746b7-0-9eeec82b,15,20260729T050800Z-fx-89687ae2-R02:rank0:schedule:15,batch:4af35f18b20237534540b417,15,,,,decode,1,20593,20594,sampling,sample_tokens,sample_tokens,AsyncGPUModelRunnerOutput,model_output,,joined_request_step_forward,"{""input_batch"":{""num_computed_tokens_cpu"":{""head"":[20593,0,0,0,0,0,0,0],""len"":128,""tail"":[0,0,0,0,0,0,0,0]},""num_prompt_tokens"":{""head"":[20585,0,0,0,0,0,0,0],""len"":128,""tail"":[0,0,0,0,0,0,0,0]},""num_reqs"":1,""num_scheduled_tokens"":null,""num_tokens_no_spec"":{""head"":[20595,0,0,0,0,0,0,0],""len"":128,""tail"":[0,0,0,0,0,0,0,0]},""req_ids"":[""chatcmpl-bench-7f1746b7-0-9eeec82b""]}}",970967,4052,/public/home/tangyu408/Qwen_DCU_Worker_0/workload_profile/algorithmic_trace/traces/20260729T050800Z-fx-89687ae2-R02-qwen35-27b-eager-row0-hcu0/events/events.970967.jsonl
decision:00135,20260729T050800Z-fx-89687ae2-R02,pra2026-bh408@3d036144-16-32K-row0-greedy1024,3d03614452cd0a925abc82a7686560ff80252dfa,enforce_eager,0,rank0,HCU0:TCA23906041001,chatcmpl-bench-7f1746b7-0-9eeec82b,16,20260729T050800Z-fx-89687ae2-R02:rank0:schedule:16,batch:162e22d54309dc940f5cdc50,16,,,,decode,1,20594,20595,sampling,sample_tokens,sample_tokens,AsyncGPUModelRunnerOutput,model_output,,joined_request_step_forward,"{""input_batch"":{""num_computed_tokens_cpu"":{""head"":[20594,0,0,0,0,0,0,0],""len"":128,""tail"":[0,0,0,0,0,0,0,0]},""num_prompt_tokens"":{""head"":[20585,0,0,0,0,0,0,0],""len"":128,""tail"":[0,0,0,0,0,0,0,0]},""num_reqs"":1,""num_scheduled_tokens"":null,""num_tokens_no_spec"":{""head"":[20596,0,0,0,0,0,0,0],""len"":128,""tail"":[0,0,0,0,0,0,0,0]},""req_ids"":[""chatcmpl-bench-7f1746b7-0-9eeec82b""]}}",970967,4386,/public/home/tangyu408/Qwen_DCU_Worker_0/workload_profile/algorithmic_trace/traces/20260729T050800Z-fx-89687ae2-R02-qwen35-27b-eager-row0-hcu0/events/events.970967.jsonl
decision:00136,20260729T050800Z-fx-89687ae2-R02,pra2026-bh408@3d036144-16-32K-row0-greedy1024,3d03614452cd0a925abc82a7686560ff80252dfa,enforce_eager,0,rank0,HCU0:TCA23906041001,chatcmpl-bench-7f1746b7-0-9eeec82b,17,20260729T050800Z-fx-89687ae2-R02:rank0:schedule:17,batch:3bedd4eb38f49155ba5b6621,17,,,,decode,1,20595,20596,sampling,sample_tokens,sample_tokens,AsyncGPUModelRunnerOutput,model_output,,joined_request_step_forward,"{""input_batch"":{""num_computed_tokens_cpu"":{""head"":[20595,0,0,0,0,0,0,0],""len"":128,""tail"":[0,0,0,0,0,0,0,0]},""num_prompt_tokens"":{""head"":[20585,0,0,0,0,0,0,0],""len"":128,""tail"":[0,0,0,0,0,0,0,0]},""num_reqs"":1,""num_scheduled_tokens"":null,""num_tokens_no_spec"":{""head"":[20597,0,0,0,0,0,0,0],""len"":128,""tail"":[0,0,0,0,0,0,0,0]},""req_ids"":[""chatcmpl-bench-7f1746b7-0-9eeec82b""]}}",970967,4720,/public/home/tangyu408/Qwen_DCU_Worker_0/workload_profile/algorithmic_trace/traces/20260729T050800Z-fx-89687ae2-R02-qwen35-27b-eager-row0-hcu0/events/events.970967.jsonl
decision:00137,20260729T050800Z-fx-89687ae2-R02,pra2026-bh408@3d036144-16-32K-row0-greedy1024,3d03614452cd0a925abc82a7686560ff80252dfa,enforce_eager,0,rank0,HCU0:TCA23906041001,chatcmpl-bench-7f1746b7-0-9eeec82b,18,20260729T050800Z-fx-89687ae2-R02:rank0:schedule:18,batch:1d62dedc9ff74506551a7b9e,18,,,,decode,1,20596,20597,sampling,sample_tokens,sample_tokens,AsyncGPUModelRunnerOutput,model_output,,joined_request_step_forward,"{""input_batch"":{""num_computed_tokens_cpu"":{""head"":[20596,0,0,0,0,0,0,0],""len"":128,""tail"":[0,0,0,0,0,0,0,0]},""num_prompt_tokens"":{""head"":[20585,0,0,0,0,0,0,0],""len"":128,""tail"":[0,0,0,0,0,0,0,0]},""num_reqs"":1,""num_scheduled_tokens"":null,""num_tokens_no_spec"":{""head"":[20598,0,0,0,0,0,0,0],""len"":128,""tail"":[0,0,0,0,0,0,0,0]},""req_ids"":[""chatcmpl-bench-7f1746b7-0-9eeec82b""]}}",970967,5054,/public/home/tangyu408/Qwen_DCU_Worker_0/workload_profile/algorithmic_trace/traces/20260729T050800Z-fx-89687ae2-R02-qwen35-27b-eager-row0-hcu0/events/events.970967.jsonl
decision:00138,20260729T050800Z-fx-89687ae2-R02,pra2026-bh408@3d036144-16-32K-row0-greedy1024,3d03614452cd0a925abc82a7686560ff80252dfa,enforce_eager,0,rank0,HCU0:TCA23906041001,chatcmpl-bench-7f1746b7-0-9eeec82b,19,20260729T050800Z-fx-89687ae2-R02:rank0:schedule:19,batch:6fe80a648bb579e4c276cdc8,19,,,,decode,1,20597,20598,sampling,sample_tokens,sample_tokens,AsyncGPUModelRunnerOutput,model_output,,joined_request_step_forward,"{""input_batch"":{""num_computed_tokens_cpu"":{""head"":[20597,0,0,0,0,0,0,0],""len"":128,""tail"":[0,0,0,0,0,0,0,0]},""num_prompt_tokens"":{""head"":[20585,0,0,0,0,0,0,0],""len"":128,""tail"":[0,0,0,0,0,0,0,0]},""num_reqs"":1,""num_scheduled_tokens"":null,""num_tokens_no_spec"":{""head"":[20599,0,0,0,0,0,0,0],""len"":128,""tail"":[0,0,0,0,0,0,0,0]},""req_ids"":[""chatcmpl-bench-7f1746b7-0-9eeec82b""]}}",970967,5388,/public/home/tangyu408/Qwen_DCU_Worker_0/workload_profile/algorithmic_trace/traces/20260729T050800Z-fx-89687ae2-R02-qwen35-27b-eager-row0-hcu0/events/events.970967.jsonl
decision:00139,20260729T050800Z-fx-89687ae2-R02,pra2026-bh408@3d036144-16-32K-row0-greedy1024,3d03614452cd0a925abc82a7686560ff80252dfa,enforce_eager,0,rank0,HCU0:TCA23906041001,chatcmpl-bench-7f1746b7-0-9eeec82b,20,20260729T050800Z-fx-89687ae2-R02:rank0:schedule:20,batch:1608721d8733d5385b12554f,20,,,,decode,1,20598,20599,sampling,sample_tokens,sample_tokens,AsyncGPUModelRunnerOutput,model_output,,joined_request_step_forward,"{""input_batch"":{""num_computed_tokens_cpu"":{""head"":[20598,0,0,0,0,0,0,0],""len"":128,""tail"":[0,0,0,0,0,0,0,0]},""num_prompt_tokens"":{""head"":[20585,0,0,0,0,0,0,0],""len"":128,""tail"":[0,0,0,0,0,0,0,0]},""num_reqs"":1,""num_scheduled_tokens"":null,""num_tokens_no_spec"":{""head"":[20600,0,0,0,0,0,0,0],""len"":128,""tail"":[0,0,0,0,0,0,0,0]},""req_ids"":[""chatcmpl-bench-7f1746b7-0-9eeec82b""]}}",970967,5722,/public/home/tangyu408/Qwen_DCU_Worker_0/workload_profile/algorithmic_trace/traces/20260729T050800Z-fx-89687ae2-R02-qwen35-27b-eager-row0-hcu0/events/events.970967.jsonl
decision:00140,20260729T050800Z-fx-89687ae2-R02,pra2026-bh408@3d036144-16-32K-row0-greedy1024,3d03614452cd0a925abc82a7686560ff80252dfa,enforce_eager,0,rank0,HCU0:TCA23906041001,chatcmpl-bench-7f1746b7-0-9eeec82b,21,20260729T050800Z-fx-89687ae2-R02:rank0:schedule:21,batch:a5424a50a6d9b9e115285c55,21,,,,decode,1,20599,20600,sampling,sample_tokens,sample_tokens,AsyncGPUModelRunnerOutput,model_output,,joined_request_step_forward,"{""input_batch"":{""num_computed_tokens_cpu"":{""head"":[20599,0,0,0,0,0,0,0],""len"":128,""tail"":[0,0,0,0,0,0,0,0]},""num_prompt_tokens"":{""head"":[20585,0,0,0,0,0,0,0],""len"":128,""tail"":[0,0,0,0,0,0,0,0]},""num_reqs"":1,""num_scheduled_tokens"":null,""num_tokens_no_spec"":{""head"":[20601,0,0,0,0,0,0,0],""len"":128,""tail"":[0,0,0,0,0,0,0,0]},""req_ids"":[""chatcmpl-bench-7f1746b7-0-9eeec82b""]}}",970967,6056,/public/home/tangyu408/Qwen_DCU_Worker_0/workload_profile/algorithmic_trace/traces/20260729T050800Z-fx-89687ae2-R02-qwen35-27b-eager-row0-hcu0/events/events.970967.jsonl
decision:00141,20260729T050800Z-fx-89687ae2-R02,pra2026-bh408@3d036144-16-32K-row0-greedy1024,3d03614452cd0a925abc82a7686560ff80252dfa,enforce_eager,0,rank0,HCU0:TCA23906041001,chatcmpl-bench-7f1746b7-0-9eeec82b,22,20260729T050800Z-fx-89687ae2-R02:rank0:schedule:22,batch:ee0eeff31398fcb74ed73d8b,22,,,,decode,1,20600,20601,sampling,sample_tokens,sample_tokens,AsyncGPUModelRunnerOutput,model_output,,joined_request_step_forward,"{""input_batch"":{""num_computed_tokens_cpu"":{""head"":[20600,0,0,0,0,0,0,0],""len"":128,""tail"":[0,0,0,0,0,0,0,0]},""num_prompt_tokens"":{""head"":[20585,0,0,0,0,0,0,0],""len"":128,""tail"":[0,0,0,0,0,0,0,0]},""num_reqs"":1,""num_scheduled_tokens"":null,""num_tokens_no_spec"":{""head"":[20602,0,0,0,0,0,0,0],""len"":128,""tail"":[0,0,0,0,0,0,0,0]},""req_ids"":[""chatcmpl-bench-7f1746b7-0-9eeec82b""]}}",970967,6390,/public/home/tangyu408/Qwen_DCU_Worker_0/workload_profile/algorithmic_trace/traces/20260729T050800Z-fx-89687ae2-R02-qwen35-27b-eager-row0-hcu0/events/events.970967.jsonl
decision:00142,20260729T050800Z-fx-89687ae2-R02,pra2026-bh408@3d036144-16-32K-row0-greedy1024,3d03614452cd0a925abc82a7686560ff80252dfa,enforce_eager,0,rank0,HCU0:TCA23906041001,chatcmpl-bench-7f1746b7-0-9eeec82b,23,20260729T050800Z-fx-89687ae2-R02:rank0:schedule:23,batch:78813fabdbd8ec1e1e652c9c,23,,,,decode,1,20601,20602,sampling,sample_tokens,sample_tokens,AsyncGPUModelRunnerOutput,model_output,,joined_request_step_forward,"{""input_batch"":{""num_computed_tokens_cpu"":{""head"":[20601,0,0,0,0,0,0,0],""len"":128,""tail"":[0,0,0,0,0,0,0,0]},""num_prompt_tokens"":{""head"":[20585,0,0,0,0,0,0,0],""len"":128,""tail"":[0,0,0,0,0,0,0,0]},""num_reqs"":1,""num_scheduled_tokens"":null,""num_tokens_no_spec"":{""head"":[20603,0,0,0,0,0,0,0],""len"":128,""tail"":[0,0,0,0,0,0,0,0]},""req_ids"":[""chatcmpl-bench-7f1746b7-0-9eeec82b""]}}",970967,6724,/public/home/tangyu408/Qwen_DCU_Worker_0/workload_profile/algorithmic_trace/traces/20260729T050800Z-fx-89687ae2-R02-qwen35-27b-eager-row0-hcu0/events/events.970967.jsonl
decision:00143,20260729T050800Z-fx-89687ae2-R02,pra2026-bh408@3d036144-16-32K-row0-greedy1024,3d03614452cd0a925abc82a7686560ff80252dfa,enforce_eager,0,rank0,HCU0:TCA23906041001,chatcmpl-bench-7f1746b7-0-9eeec82b,24,20260729T050800Z-fx-89687ae2-R02:rank0:schedule:24,batch:36abbc89f38e024433e99e5b,24,,,,decode,1,20602,20603,sampling,sample_tokens,sample_tokens,AsyncGPUModelRunnerOutput,model_output,,joined_request_step_forward,"{""input_batch"":{""num_computed_tokens_cpu"":{""head"":[20602,0,0,0,0,0,0,0],""len"":128,""tail"":[0,0,0,0,0,0,0,0]},""num_prompt_tokens"":{""head"":[20585,0,0,0,0,0,0,0],""len"":128,""tail"":[0,0,0,0,0,0,0,0]},""num_reqs"":1,""num_scheduled_tokens"":null,""num_tokens_no_spec"":{""head"":[20604,0,0,0,0,0,0,0],""len"":128,""tail"":[0,0,0,0,0,0,0,0]},""req_ids"":[""chatcmpl-bench-7f1746b7-0-9eeec82b""]}}",970967,7058,/public/home/tangyu408/Qwen_DCU_Worker_0/workload_profile/algorithmic_trace/traces/20260729T050800Z-fx-89687ae2-R02-qwen35-27b-eager-row0-hcu0/events/events.970967.jsonl
decision:00144,20260729T050800Z-fx-89687ae2-R02,pra2026-bh408@3d036144-16-32K-row0-greedy1024,3d03614452cd0a925abc82a7686560ff80252dfa,enforce_eager,0,rank0,HCU0:TCA23906041001,chatcmpl-bench-7f1746b7-0-9eeec82b,25,20260729T050800Z-fx-89687ae2-R02:rank0:schedule:25,batch:11aa5a48bb0ec5f2b43ada7c,25,,,,decode,1,20603,20604,sampling,sample_tokens,sample_tokens,AsyncGPUModelRunnerOutput,model_output,,joined_request_step_forward,"{""input_batch"":{""num_computed_tokens_cpu"":{""head"":[20603,0,0,0,0,0,0,0],""len"":128,""tail"":[0,0,0,0,0,0,0,0]},""num_prompt_tokens"":{""head"":[20585,0,0,0,0,0,0,0],""len"":128,""tail"":[0,0,0,0,0,0,0,0]},""num_reqs"":1,""num_scheduled_tokens"":null,""num_tokens_no_spec"":{""head"":[20605,0,0,0,0,0,0,0],""len"":128,""tail"":[0,0,0,0,0,0,0,0]},""req_ids"":[""chatcmpl-bench-7f1746b7-0-9eeec82b""]}}",970967,7392,/public/home/tangyu408/Qwen_DCU_Worker_0/workload_profile/algorithmic_trace/traces/20260729T050800Z-fx-89687ae2-R02-qwen35-27b-eager-row0-hcu0/events/events.970967.jsonl
decision:00145,20260729T050800Z-fx-89687ae2-R02,pra2026-bh408@3d036144-16-32K-row0-greedy1024,3d03614452cd0a925abc82a7686560ff80252dfa,enforce_eager,0,rank0,HCU0:TCA23906041001,chatcmpl-bench-7f1746b7-0-9eeec82b,26,20260729T050800Z-fx-89687ae2-R02:rank0:schedule:26,batch:b2ebbdc55d6285df3f2df3e5,26,,,,decode,1,20604,20605,sampling,sample_tokens,sample_tokens,AsyncGPUModelRunnerOutput,model_output,,joined_request_step_forward,"{""input_batch"":{""num_computed_tokens_cpu"":{""head"":[20604,0,0,0,0,0,0,0],""len"":128,""tail"":[0,0,0,0,0,0,0,0]},""num_prompt_tokens"":{""head"":[20585,0,0,0,0,0,0,0],""len"":128,""tail"":[0,0,0,0,0,0,0,0]},""num_reqs"":1,""num_scheduled_tokens"":null,""num_tokens_no_spec"":{""head"":[20606,0,0,0,0,0,0,0],""len"":128,""tail"":[0,0,0,0,0,0,0,0]},""req_ids"":[""chatcmpl-bench-7f1746b7-0-9eeec82b""]}}",970967,7726,/public/home/tangyu408/Qwen_DCU_Worker_0/workload_profile/algorithmic_trace/traces/20260729T050800Z-fx-89687ae2-R02-qwen35-27b-eager-row0-hcu0/events/events.970967.jsonl
decision:00146,20260729T050800Z-fx-89687ae2-R02,pra2026-bh408@3d036144-16-32K-row0-greedy1024,3d03614452cd0a925abc82a7686560ff80252dfa,enforce_eager,0,rank0,HCU0:TCA23906041001,chatcmpl-bench-7f1746b7-0-9eeec82b,27,20260729T050800Z-fx-89687ae2-R02:rank0:schedule:27,batch:1fe81a3becec57cf1be4df8d,27,,,,decode,1,20605,20606,sampling,sample_tokens,sample_tokens,AsyncGPUModelRunnerOutput,model_output,,joined_request_step_forward,"{""input_batch"":{""num_computed_tokens_cpu"":{""head"":[20605,0,0,0,0,0,0,0],""len"":128,""tail"":[0,0,0,0,0,0,0,0]},""num_prompt_tokens"":{""head"":[20585,0,0,0,0,0,0,0],""len"":128,""tail"":[0,0,0,0,0,0,0,0]},""num_reqs"":1,""num_scheduled_tokens"":null,""num_tokens_no_spec"":{""head"":[20607,0,0,0,0,0,0,0],""len"":128,""tail"":[0,0,0,0,0,0,0,0]},""req_ids"":[""chatcmpl-bench-7f1746b7-0-9eeec82b""]}}",970967,8060,/public/home/tangyu408/Qwen_DCU_Worker_0/workload_profile/algorithmic_trace/traces/20260729T050800Z-fx-89687ae2-R02-qwen35-27b-eager-row0-hcu0/events/events.970967.jsonl
decision:00147,20260729T050800Z-fx-89687ae2-R02,pra2026-bh408@3d036144-16-32K-row0-greedy1024,3d03614452cd0a925abc82a7686560ff80252dfa,enforce_eager,0,rank0,HCU0:TCA23906041001,chatcmpl-bench-7f1746b7-0-9eeec82b,28,20260729T050800Z-fx-89687ae2-R02:rank0:schedule:28,batch:72521f82babaa9450ba77a28,28,,,,decode,1,20606,20607,sampling,sample_tokens,sample_tokens,AsyncGPUModelRunnerOutput,model_output,,joined_request_step_forward,"{""input_batch"":{""num_computed_tokens_cpu"":{""head"":[20606,0,0,0,0,0,0,0],""len"":128,""tail"":[0,0,0,0,0,0,0,0]},""num_prompt_tokens"":{""head"":[20585,0,0,0,0,0,0,0],""len"":128,""tail"":[0,0,0,0,0,0,0,0]},""num_reqs"":1,""num_scheduled_tokens"":null,""num_tokens_no_spec"":{""head"":[20608,0,0,0,0,0,0,0],""len"":128,""tail"":[0,0,0,0,0,0,0,0]},""req_ids"":[""chatcmpl-bench-7f1746b7-0-9eeec82b""]}}",970967,8394,/public/home/tangyu408/Qwen_DCU_Worker_0/workload_profile/algorithmic_trace/traces/20260729T050800Z-fx-89687ae2-R02-qwen35-27b-eager-row0-hcu0/events/events.970967.jsonl
decision:00148,20260729T050800Z-fx-89687ae2-R02,pra2026-bh408@3d036144-16-32K-row0-greedy1024,3d03614452cd0a925abc82a7686560ff80252dfa,enforce_eager,0,rank0,HCU0:TCA23906041001,chatcmpl-bench-7f1746b7-0-9eeec82b,29,20260729T050800Z-fx-89687ae2-R02:rank0:schedule:29,batch:ff8077c1fff4dbadc829b7f3,29,,,,decode,1,20607,20608,sampling,sample_tokens,sample_tokens,AsyncGPUModelRunnerOutput,model_output,,joined_request_step_forward,"{""input_batch"":{""num_computed_tokens_cpu"":{""head"":[20607,0,0,0,0,0,0,0],""len"":128,""tail"":[0,0,0,0,0,0,0,0]},""num_prompt_tokens"":{""head"":[20585,0,0,0,0,0,0,0],""len"":128,""tail"":[0,0,0,0,0,0,0,0]},""num_reqs"":1,""num_scheduled_tokens"":null,""num_tokens_no_spec"":{""head"":[20609,0,0,0,0,0,0,0],""len"":128,""tail"":[0,0,0,0,0,0,0,0]},""req_ids"":[""chatcmpl-bench-7f1746b7-0-9eeec82b""]}}",970967,8728,/public/home/tangyu408/Qwen_DCU_Worker_0/workload_profile/algorithmic_trace/traces/20260729T050800Z-fx-89687ae2-R02-qwen35-27b-eager-row0-hcu0/events/events.970967.jsonl
decision:00149,20260729T050800Z-fx-89687ae2-R02,pra2026-bh408@3d036144-16-32K-row0-greedy1024,3d03614452cd0a925abc82a7686560ff80252dfa,enforce_eager,0,rank0,HCU0:TCA23906041001,chatcmpl-bench-7f1746b7-0-9eeec82b,6,20260729T050800Z-fx-89687ae2-R02:rank0:schedule:6,batch:c73cd7e400961f58c09e85a8,6,,,1,prefill_chunk,105,20480,20585,host_output,scheduler_update_output,emit_sampled_output,stream_token,request_output,,joined_request_step_forward,"{""client_index"":0,""finish_reason"":""None"",""finished"":false,""new_token_count"":1,""new_token_head"":[760],""num_cached_tokens"":0,""request_id"":""chatcmpl-bench-7f1746b7-0-9eeec82b"",""stop_reason"":null}",970967,1381,/public/home/tangyu408/Qwen_DCU_Worker_0/workload_profile/algorithmic_trace/traces/20260729T050800Z-fx-89687ae2-R02-qwen35-27b-eager-row0-hcu0/events/events.970967.jsonl
decision:00150,20260729T050800Z-fx-89687ae2-R02,pra2026-bh408@3d036144-16-32K-row0-greedy1024,3d03614452cd0a925abc82a7686560ff80252dfa,enforce_eager,0,rank0,HCU0:TCA23906041001,chatcmpl-bench-7f1746b7-0-9eeec82b,7,20260729T050800Z-fx-89687ae2-R02:rank0:schedule:7,batch:3b46a4491b7a697518068bc9,7,,,2,decode,1,20585,20586,host_output,scheduler_update_output,emit_sampled_output,stream_token,request_output,,joined_request_step_forward,"{""client_index"":0,""finish_reason"":""None"",""finished"":false,""new_token_count"":1,""new_token_head"":[3175],""num_cached_tokens"":0,""request_id"":""chatcmpl-bench-7f1746b7-0-9eeec82b"",""stop_reason"":null}",970967,1715,/public/home/tangyu408/Qwen_DCU_Worker_0/workload_profile/algorithmic_trace/traces/20260729T050800Z-fx-89687ae2-R02-qwen35-27b-eager-row0-hcu0/events/events.970967.jsonl
decision:00151,20260729T050800Z-fx-89687ae2-R02,pra2026-bh408@3d036144-16-32K-row0-greedy1024,3d03614452cd0a925abc82a7686560ff80252dfa,enforce_eager,0,rank0,HCU0:TCA23906041001,chatcmpl-bench-7f1746b7-0-9eeec82b,8,20260729T050800Z-fx-89687ae2-R02:rank0:schedule:8,batch:6b9c2bc163802110c3a93d6a,8,,,3,decode,1,20586,20587,host_output,scheduler_update_output,emit_sampled_output,stream_token,request_output,,joined_request_step_forward,"{""client_index"":0,""finish_reason"":""None"",""finished"":false,""new_token_count"":1,""new_token_head"":[10642],""num_cached_tokens"":0,""request_id"":""chatcmpl-bench-7f1746b7-0-9eeec82b"",""stop_reason"":null}",970967,2049,/public/home/tangyu408/Qwen_DCU_Worker_0/workload_profile/algorithmic_trace/traces/20260729T050800Z-fx-89687ae2-R02-qwen35-27b-eager-row0-hcu0/events/events.970967.jsonl
decision:00152,20260729T050800Z-fx-89687ae2-R02,pra2026-bh408@3d036144-16-32K-row0-greedy1024,3d03614452cd0a925abc82a7686560ff80252dfa,enforce_eager,0,rank0,HCU0:TCA23906041001,chatcmpl-bench-7f1746b7-0-9eeec82b,9,20260729T050800Z-fx-89687ae2-R02:rank0:schedule:9,batch:8c79e79943f13046409450d6,9,,,4,decode,1,20587,20588,host_output,scheduler_update_output,emit_sampled_output,stream_token,request_output,,joined_request_step_forward,"{""client_index"":0,""finish_reason"":""None"",""finished"":false,""new_token_count"":1,""new_token_head"":[1324],""num_cached_tokens"":0,""request_id"":""chatcmpl-bench-7f1746b7-0-9eeec82b"",""stop_reason"":null}",970967,2383,/public/home/tangyu408/Qwen_DCU_Worker_0/workload_profile/algorithmic_trace/traces/20260729T050800Z-fx-89687ae2-R02-qwen35-27b-eager-row0-hcu0/events/events.970967.jsonl
decision:00153,20260729T050800Z-fx-89687ae2-R02,pra2026-bh408@3d036144-16-32K-row0-greedy1024,3d03614452cd0a925abc82a7686560ff80252dfa,enforce_eager,0,rank0,HCU0:TCA23906041001,chatcmpl-bench-7f1746b7-0-9eeec82b,10,20260729T050800Z-fx-89687ae2-R02:rank0:schedule:10,batch:a7662b656dc4ae29276d92b7,10,,,5,decode,1,20588,20589,host_output,scheduler_update_output,emit_sampled_output,stream_token,request_output,,joined_request_step_forward,"{""client_index"":0,""finish_reason"":""None"",""finished"":false,""new_token_count"":1,""new_token_head"":[364],""num_cached_tokens"":0,""request_id"":""chatcmpl-bench-7f1746b7-0-9eeec82b"",""stop_reason"":null}",970967,2717,/public/home/tangyu408/Qwen_DCU_Worker_0/workload_profile/algorithmic_trace/traces/20260729T050800Z-fx-89687ae2-R02-qwen35-27b-eager-row0-hcu0/events/events.970967.jsonl
decision:00154,20260729T050800Z-fx-89687ae2-R02,pra2026-bh408@3d036144-16-32K-row0-greedy1024,3d03614452cd0a925abc82a7686560ff80252dfa,enforce_eager,0,rank0,HCU0:TCA23906041001,chatcmpl-bench-7f1746b7-0-9eeec82b,11,20260729T050800Z-fx-89687ae2-R02:rank0:schedule:11,batch:f5ab0e40a3f692f5782cba54,11,,,6,decode,1,20589,20590,host_output,scheduler_update_output,emit_sampled_output,stream_token,request_output,,joined_request_step_forward,"{""client_index"":0,""finish_reason"":""None"",""finished"":false,""new_token_count"":1,""new_token_head"":[40423],""num_cached_tokens"":0,""request_id"":""chatcmpl-bench-7f1746b7-0-9eeec82b"",""stop_reason"":null}",970967,3051,/public/home/tangyu408/Qwen_DCU_Worker_0/workload_profile/algorithmic_trace/traces/20260729T050800Z-fx-89687ae2-R02-qwen35-27b-eager-row0-hcu0/events/events.970967.jsonl
decision:00155,20260729T050800Z-fx-89687ae2-R02,pra2026-bh408@3d036144-16-32K-row0-greedy1024,3d03614452cd0a925abc82a7686560ff80252dfa,enforce_eager,0,rank0,HCU0:TCA23906041001,chatcmpl-bench-7f1746b7-0-9eeec82b,12,20260729T050800Z-fx-89687ae2-R02:rank0:schedule:12,batch:a48b18cb4f27f8096384caa0,12,,,7,decode,1,20590,20591,host_output,scheduler_update_output,emit_sampled_output,stream_token,request_output,,joined_request_step_forward,"{""client_index"":0,""finish_reason"":""None"",""finished"":false,""new_token_count"":1,""new_token_head"":[25546],""num_cached_tokens"":0,""request_id"":""chatcmpl-bench-7f1746b7-0-9eeec82b"",""stop_reason"":null}",970967,3385,/public/home/tangyu408/Qwen_DCU_Worker_0/workload_profile/algorithmic_trace/traces/20260729T050800Z-fx-89687ae2-R02-qwen35-27b-eager-row0-hcu0/events/events.970967.jsonl
decision:00156,20260729T050800Z-fx-89687ae2-R02,pra2026-bh408@3d036144-16-32K-row0-greedy1024,3d03614452cd0a925abc82a7686560ff80252dfa,enforce_eager,0,rank0,HCU0:TCA23906041001,chatcmpl-bench-7f1746b7-0-9eeec82b,13,20260729T050800Z-fx-89687ae2-R02:rank0:schedule:13,batch:8ff9d020967316b76245df48,13,,,8,decode,1,20591,20592,host_output,scheduler_update_output,emit_sampled_output,stream_token,request_output,,joined_request_step_forward,"{""client_index"":0,""finish_reason"":""None"",""finished"":false,""new_token_count"":1,""new_token_head"":[9444],""num_cached_tokens"":0,""request_id"":""chatcmpl-bench-7f1746b7-0-9eeec82b"",""stop_reason"":null}",970967,3719,/public/home/tangyu408/Qwen_DCU_Worker_0/workload_profile/algorithmic_trace/traces/20260729T050800Z-fx-89687ae2-R02-qwen35-27b-eager-row0-hcu0/events/events.970967.jsonl
decision:00157,20260729T050800Z-fx-89687ae2-R02,pra2026-bh408@3d036144-16-32K-row0-greedy1024,3d03614452cd0a925abc82a7686560ff80252dfa,enforce_eager,0,rank0,HCU0:TCA23906041001,chatcmpl-bench-7f1746b7-0-9eeec82b,14,20260729T050800Z-fx-89687ae2-R02:rank0:schedule:14,batch:b3beb11dd9b0ab888dd8dc91,14,,,9,decode,1,20592,20593,host_output,scheduler_update_output,emit_sampled_output,stream_token,request_output,,joined_request_step_forward,"{""client_index"":0,""finish_reason"":""None"",""finished"":false,""new_token_count"":1,""new_token_head"":[303],""num_cached_tokens"":0,""request_id"":""chatcmpl-bench-7f1746b7-0-9eeec82b"",""stop_reason"":null}",970967,4053,/public/home/tangyu408/Qwen_DCU_Worker_0/workload_profile/algorithmic_trace/traces/20260729T050800Z-fx-89687ae2-R02-qwen35-27b-eager-row0-hcu0/events/events.970967.jsonl
decision:00158,20260729T050800Z-fx-89687ae2-R02,pra2026-bh408@3d036144-16-32K-row0-greedy1024,3d03614452cd0a925abc82a7686560ff80252dfa,enforce_eager,0,rank0,HCU0:TCA23906041001,chatcmpl-bench-7f1746b7-0-9eeec82b,15,20260729T050800Z-fx-89687ae2-R02:rank0:schedule:15,batch:4af35f18b20237534540b417,15,,,10,decode,1,20593,20594,host_output,scheduler_update_output,emit_sampled_output,stream_token,request_output,,joined_request_step_forward,"{""client_index"":0,""finish_reason"":""None"",""finished"":false,""new_token_count"":1,""new_token_head"":[279],""num_cached_tokens"":0,""request_id"":""chatcmpl-bench-7f1746b7-0-9eeec82b"",""stop_reason"":null}",970967,4387,/public/home/tangyu408/Qwen_DCU_Worker_0/workload_profile/algorithmic_trace/traces/20260729T050800Z-fx-89687ae2-R02-qwen35-27b-eager-row0-hcu0/events/events.970967.jsonl
decision:00159,20260729T050800Z-fx-89687ae2-R02,pra2026-bh408@3d036144-16-32K-row0-greedy1024,3d03614452cd0a925abc82a7686560ff80252dfa,enforce_eager,0,rank0,HCU0:TCA23906041001,chatcmpl-bench-7f1746b7-0-9eeec82b,16,20260729T050800Z-fx-89687ae2-R02:rank0:schedule:16,batch:162e22d54309dc940f5cdc50,16,,,11,decode,1,20594,20595,host_output,scheduler_update_output,emit_sampled_output,stream_token,request_output,,joined_request_step_forward,"{""client_index"":0,""finish_reason"":""None"",""finished"":false,""new_token_count"":1,""new_token_head"":[3766],""num_cached_tokens"":0,""request_id"":""chatcmpl-bench-7f1746b7-0-9eeec82b"",""stop_reason"":null}",970967,4721,/public/home/tangyu408/Qwen_DCU_Worker_0/workload_profile/algorithmic_trace/traces/20260729T050800Z-fx-89687ae2-R02-qwen35-27b-eager-row0-hcu0/events/events.970967.jsonl
decision:00160,20260729T050800Z-fx-89687ae2-R02,pra2026-bh408@3d036144-16-32K-row0-greedy1024,3d03614452cd0a925abc82a7686560ff80252dfa,enforce_eager,0,rank0,HCU0:TCA23906041001,chatcmpl-bench-7f1746b7-0-9eeec82b,17,20260729T050800Z-fx-89687ae2-R02:rank0:schedule:17,batch:3bedd4eb38f49155ba5b6621,17,,,12,decode,1,20595,20596,host_output,scheduler_update_output,emit_sampled_output,stream_token,request_output,,joined_request_step_forward,"{""client_index"":0,""finish_reason"":""None"",""finished"":false,""new_token_count"":1,""new_token_head"":[1414],""num_cached_tokens"":0,""request_id"":""chatcmpl-bench-7f1746b7-0-9eeec82b"",""stop_reason"":null}",970967,5055,/public/home/tangyu408/Qwen_DCU_Worker_0/workload_profile/algorithmic_trace/traces/20260729T050800Z-fx-89687ae2-R02-qwen35-27b-eager-row0-hcu0/events/events.970967.jsonl
decision:00161,20260729T050800Z-fx-89687ae2-R02,pra2026-bh408@3d036144-16-32K-row0-greedy1024,3d03614452cd0a925abc82a7686560ff80252dfa,enforce_eager,0,rank0,HCU0:TCA23906041001,chatcmpl-bench-7f1746b7-0-9eeec82b,18,20260729T050800Z-fx-89687ae2-R02:rank0:schedule:18,batch:1d62dedc9ff74506551a7b9e,18,,,13,decode,1,20596,20597,host_output,scheduler_update_output,emit_sampled_output,stream_token,request_output,,joined_request_step_forward,"{""client_index"":0,""finish_reason"":""None"",""finished"":false,""new_token_count"":1,""new_token_head"":[369],""num_cached_tokens"":0,""request_id"":""chatcmpl-bench-7f1746b7-0-9eeec82b"",""stop_reason"":null}",970967,5389,/public/home/tangyu408/Qwen_DCU_Worker_0/workload_profile/algorithmic_trace/traces/20260729T050800Z-fx-89687ae2-R02-qwen35-27b-eager-row0-hcu0/events/events.970967.jsonl
decision:00162,20260729T050800Z-fx-89687ae2-R02,pra2026-bh408@3d036144-16-32K-row0-greedy1024,3d03614452cd0a925abc82a7686560ff80252dfa,enforce_eager,0,rank0,HCU0:TCA23906041001,chatcmpl-bench-7f1746b7-0-9eeec82b,19,20260729T050800Z-fx-89687ae2-R02:rank0:schedule:19,batch:6fe80a648bb579e4c276cdc8,19,,,14,decode,1,20597,20598,host_output,scheduler_update_output,emit_sampled_output,stream_token,request_output,,joined_request_step_forward,"{""client_index"":0,""finish_reason"":""None"",""finished"":false,""new_token_count"":1,""new_token_head"":[2972],""num_cached_tokens"":0,""request_id"":""chatcmpl-bench-7f1746b7-0-9eeec82b"",""stop_reason"":null}",970967,5723,/public/home/tangyu408/Qwen_DCU_Worker_0/workload_profile/algorithmic_trace/traces/20260729T050800Z-fx-89687ae2-R02-qwen35-27b-eager-row0-hcu0/events/events.970967.jsonl
decision:00163,20260729T050800Z-fx-89687ae2-R02,pra2026-bh408@3d036144-16-32K-row0-greedy1024,3d03614452cd0a925abc82a7686560ff80252dfa,enforce_eager,0,rank0,HCU0:TCA23906041001,chatcmpl-bench-7f1746b7-0-9eeec82b,20,20260729T050800Z-fx-89687ae2-R02:rank0:schedule:20,batch:1608721d8733d5385b12554f,20,,,15,decode,1,20598,20599,host_output,scheduler_update_output,emit_sampled_output,stream_token,request_output,,joined_request_step_forward,"{""client_index"":0,""finish_reason"":""None"",""finished"":false,""new_token_count"":1,""new_token_head"":[24],""num_cached_tokens"":0,""request_id"":""chatcmpl-bench-7f1746b7-0-9eeec82b"",""stop_reason"":null}",970967,6057,/public/home/tangyu408/Qwen_DCU_Worker_0/workload_profile/algorithmic_trace/traces/20260729T050800Z-fx-89687ae2-R02-qwen35-27b-eager-row0-hcu0/events/events.970967.jsonl
decision:00164,20260729T050800Z-fx-89687ae2-R02,pra2026-bh408@3d036144-16-32K-row0-greedy1024,3d03614452cd0a925abc82a7686560ff80252dfa,enforce_eager,0,rank0,HCU0:TCA23906041001,chatcmpl-bench-7f1746b7-0-9eeec82b,21,20260729T050800Z-fx-89687ae2-R02:rank0:schedule:21,batch:a5424a50a6d9b9e115285c55,21,,,16,decode,1,20599,20600,host_output,scheduler_update_output,emit_sampled_output,stream_token,request_output,,joined_request_step_forward,"{""client_index"":0,""finish_reason"":""None"",""finished"":false,""new_token_count"":1,""new_token_head"":[22],""num_cached_tokens"":0,""request_id"":""chatcmpl-bench-7f1746b7-0-9eeec82b"",""stop_reason"":null}",970967,6391,/public/home/tangyu408/Qwen_DCU_Worker_0/workload_profile/algorithmic_trace/traces/20260729T050800Z-fx-89687ae2-R02-qwen35-27b-eager-row0-hcu0/events/events.970967.jsonl
decision:00165,20260729T050800Z-fx-89687ae2-R02,pra2026-bh408@3d036144-16-32K-row0-greedy1024,3d03614452cd0a925abc82a7686560ff80252dfa,enforce_eager,0,rank0,HCU0:TCA23906041001,chatcmpl-bench-7f1746b7-0-9eeec82b,22,20260729T050800Z-fx-89687ae2-R02:rank0:schedule:22,batch:ee0eeff31398fcb74ed73d8b,22,,,17,decode,1,20600,20601,host_output,scheduler_update_output,emit_sampled_output,stream_token,request_output,,joined_request_step_forward,"{""client_index"":0,""finish_reason"":""None"",""finished"":false,""new_token_count"":1,""new_token_head"":[17],""num_cached_tokens"":0,""request_id"":""chatcmpl-bench-7f1746b7-0-9eeec82b"",""stop_reason"":null}",970967,6725,/public/home/tangyu408/Qwen_DCU_Worker_0/workload_profile/algorithmic_trace/traces/20260729T050800Z-fx-89687ae2-R02-qwen35-27b-eager-row0-hcu0/events/events.970967.jsonl
decision:00166,20260729T050800Z-fx-89687ae2-R02,pra2026-bh408@3d036144-16-32K-row0-greedy1024,3d03614452cd0a925abc82a7686560ff80252dfa,enforce_eager,0,rank0,HCU0:TCA23906041001,chatcmpl-bench-7f1746b7-0-9eeec82b,23,20260729T050800Z-fx-89687ae2-R02:rank0:schedule:23,batch:78813fabdbd8ec1e1e652c9c,23,,,18,decode,1,20601,20602,host_output,scheduler_update_output,emit_sampled_output,stream_token,request_output,,joined_request_step_forward,"{""client_index"":0,""finish_reason"":""None"",""finished"":false,""new_token_count"":1,""new_token_head"":[22],""num_cached_tokens"":0,""request_id"":""chatcmpl-bench-7f1746b7-0-9eeec82b"",""stop_reason"":null}",970967,7059,/public/home/tangyu408/Qwen_DCU_Worker_0/workload_profile/algorithmic_trace/traces/20260729T050800Z-fx-89687ae2-R02-qwen35-27b-eager-row0-hcu0/events/events.970967.jsonl
decision:00167,20260729T050800Z-fx-89687ae2-R02,pra2026-bh408@3d036144-16-32K-row0-greedy1024,3d03614452cd0a925abc82a7686560ff80252dfa,enforce_eager,0,rank0,HCU0:TCA23906041001,chatcmpl-bench-7f1746b7-0-9eeec82b,24,20260729T050800Z-fx-89687ae2-R02:rank0:schedule:24,batch:36abbc89f38e024433e99e5b,24,,,19,decode,1,20602,20603,host_output,scheduler_update_output,emit_sampled_output,stream_token,request_output,,joined_request_step_forward,"{""client_index"":0,""finish_reason"":""None"",""finished"":false,""new_token_count"":1,""new_token_head"":[19],""num_cached_tokens"":0,""request_id"":""chatcmpl-bench-7f1746b7-0-9eeec82b"",""stop_reason"":null}",970967,7393,/public/home/tangyu408/Qwen_DCU_Worker_0/workload_profile/algorithmic_trace/traces/20260729T050800Z-fx-89687ae2-R02-qwen35-27b-eager-row0-hcu0/events/events.970967.jsonl
decision:00168,20260729T050800Z-fx-89687ae2-R02,pra2026-bh408@3d036144-16-32K-row0-greedy1024,3d03614452cd0a925abc82a7686560ff80252dfa,enforce_eager,0,rank0,HCU0:TCA23906041001,chatcmpl-bench-7f1746b7-0-9eeec82b,25,20260729T050800Z-fx-89687ae2-R02:rank0:schedule:25,batch:11aa5a48bb0ec5f2b43ada7c,25,,,20,decode,1,20603,20604,host_output,scheduler_update_output,emit_sampled_output,stream_token,request_output,,joined_request_step_forward,"{""client_index"":0,""finish_reason"":""None"",""finished"":false,""new_token_count"":1,""new_token_head"":[20],""num_cached_tokens"":0,""request_id"":""chatcmpl-bench-7f1746b7-0-9eeec82b"",""stop_reason"":null}",970967,7727,/public/home/tangyu408/Qwen_DCU_Worker_0/workload_profile/algorithmic_trace/traces/20260729T050800Z-fx-89687ae2-R02-qwen35-27b-eager-row0-hcu0/events/events.970967.jsonl
decision:00169,20260729T050800Z-fx-89687ae2-R02,pra2026-bh408@3d036144-16-32K-row0-greedy1024,3d03614452cd0a925abc82a7686560ff80252dfa,enforce_eager,0,rank0,HCU0:TCA23906041001,chatcmpl-bench-7f1746b7-0-9eeec82b,26,20260729T050800Z-fx-89687ae2-R02:rank0:schedule:26,batch:b2ebbdc55d6285df3f2df3e5,26,,,21,decode,1,20604,20605,host_output,scheduler_update_output,emit_sampled_output,stream_token,request_output,,joined_request_step_forward,"{""client_index"":0,""finish_reason"":""None"",""finished"":false,""new_token_count"":1,""new_token_head"":[16],""num_cached_tokens"":0,""request_id"":""chatcmpl-bench-7f1746b7-0-9eeec82b"",""stop_reason"":null}",970967,8061,/public/home/tangyu408/Qwen_DCU_Worker_0/workload_profile/algorithmic_trace/traces/20260729T050800Z-fx-89687ae2-R02-qwen35-27b-eager-row0-hcu0/events/events.970967.jsonl
decision:00170,20260729T050800Z-fx-89687ae2-R02,pra2026-bh408@3d036144-16-32K-row0-greedy1024,3d03614452cd0a925abc82a7686560ff80252dfa,enforce_eager,0,rank0,HCU0:TCA23906041001,chatcmpl-bench-7f1746b7-0-9eeec82b,27,20260729T050800Z-fx-89687ae2-R02:rank0:schedule:27,batch:1fe81a3becec57cf1be4df8d,27,,,22,decode,1,20605,20606,host_output,scheduler_update_output,emit_sampled_output,stream_token,request_output,,joined_request_step_forward,"{""client_index"":0,""finish_reason"":""None"",""finished"":false,""new_token_count"":1,""new_token_head"":[159034],""num_cached_tokens"":0,""request_id"":""chatcmpl-bench-7f1746b7-0-9eeec82b"",""stop_reason"":null}",970967,8395,/public/home/tangyu408/Qwen_DCU_Worker_0/workload_profile/algorithmic_trace/traces/20260729T050800Z-fx-89687ae2-R02-qwen35-27b-eager-row0-hcu0/events/events.970967.jsonl
decision:00171,20260729T050800Z-fx-89687ae2-R02,pra2026-bh408@3d036144-16-32K-row0-greedy1024,3d03614452cd0a925abc82a7686560ff80252dfa,enforce_eager,0,rank0,HCU0:TCA23906041001,chatcmpl-bench-7f1746b7-0-9eeec82b,28,20260729T050800Z-fx-89687ae2-R02:rank0:schedule:28,batch:72521f82babaa9450ba77a28,28,,,23,decode,1,20606,20607,host_output,scheduler_update_output,emit_sampled_output,finished:stop,request_output,,joined_request_step_forward,"{""client_index"":0,""finish_reason"":""stop"",""finished"":true,""new_token_count"":1,""new_token_head"":[248046],""num_cached_tokens"":0,""request_id"":""chatcmpl-bench-7f1746b7-0-9eeec82b"",""stop_reason"":null}",970967,8730,/public/home/tangyu408/Qwen_DCU_Worker_0/workload_profile/algorithmic_trace/traces/20260729T050800Z-fx-89687ae2-R02-qwen35-27b-eager-row0-hcu0/events/events.970967.jsonl
