event_id,selection_id,source_event_id,source_run_id,run_id,contract_id,source_revision,rank,worker_id,device_id,request_id,engine_step_id,forward_id,layer_id,layer_occurrence,phase,total_num_scheduled_tokens,q_len,past_len,kv_len,layer_type,source_contract_match,source_mapping_error,hidden_shape_in,residual_shape_in,positions_shape,hidden_shape_out,residual_shape_out,matched,fx_sampled,fx_traced,fx_trace_status,fx_node_count,trace_dir,capture_begin_ns,capture_end_ns,eager_begin_ns,eager_end_ns,error
input1_layer0,selected:01,chatcmpl-bench-7f1746b7-0-9eeec82b|s1|f1|l0|o0,20260729T050800Z-fx-89687ae2-R02,20260729T050800Z-fx-89687ae2-R032,pra2026-bh408@3d036144-16-32K-row0-greedy1024,3d03614452cd0a925abc82a7686560ff80252dfa,0,rank0,HCU0:TCA23906041001,chatcmpl-bench-7f1746b7-0-9eeec82b-9c959c99,1,1,0,0,prefill_chunk,4096,4096,0,4096,linear_attention,False,request_id:'chatcmpl-bench-7f1746b7-0-9eeec82b-9c959c99'!='chatcmpl-bench-7f1746b7-0-9eeec82b',"[4096,5120]",null,"[3,4096]","[4096,5120]","[4096,5120]",True,True,True,ok,77,/public/home/tangyu408/Qwen_DCU_Worker_0/workload_profile/fx/traces/20260729T050800Z-fx-89687ae2-R032-qwen35-27b-eager-row0-hcu0/input1_layer0,4308558727204959,4308558761370916,4308558763773519,4308570960018821,
input1_layer1,,,,20260729T050800Z-fx-89687ae2-R032,pra2026-bh408@3d036144-16-32K-row0-greedy1024,3d03614452cd0a925abc82a7686560ff80252dfa,0,rank0,HCU0:TCA23906041001,chatcmpl-bench-7f1746b7-0-9eeec82b-9c959c99,1,1,1,0,prefill_chunk,4096,4096,0,4096,linear_attention,,,"[4096,5120]","[4096,5120]","[3,4096]","[4096,5120]","[4096,5120]",False,False,False,,,,0,0,4308570966315199,4308570973916310,
input1_layer2,,,,20260729T050800Z-fx-89687ae2-R032,pra2026-bh408@3d036144-16-32K-row0-greedy1024,3d03614452cd0a925abc82a7686560ff80252dfa,0,rank0,HCU0:TCA23906041001,chatcmpl-bench-7f1746b7-0-9eeec82b-9c959c99,1,1,2,0,prefill_chunk,4096,4096,0,4096,linear_attention,,,"[4096,5120]","[4096,5120]","[3,4096]","[4096,5120]","[4096,5120]",False,False,False,,,,0,0,4308570975944929,4308570987651358,
input1_layer3,selected:02,chatcmpl-bench-7f1746b7-0-9eeec82b|s1|f1|l3|o0,20260729T050800Z-fx-89687ae2-R02,20260729T050800Z-fx-89687ae2-R032,pra2026-bh408@3d036144-16-32K-row0-greedy1024,3d03614452cd0a925abc82a7686560ff80252dfa,0,rank0,HCU0:TCA23906041001,chatcmpl-bench-7f1746b7-0-9eeec82b-9c959c99,1,1,3,0,prefill_chunk,4096,4096,0,4096,full_attention,False,request_id:'chatcmpl-bench-7f1746b7-0-9eeec82b-9c959c99'!='chatcmpl-bench-7f1746b7-0-9eeec82b',"[4096,5120]","[4096,5120]","[3,4096]","[4096,5120]","[4096,5120]",True,True,True,ok,155,/public/home/tangyu408/Qwen_DCU_Worker_0/workload_profile/fx/traces/20260729T050800Z-fx-89687ae2-R032-qwen35-27b-eager-row0-hcu0/input1_layer3,4308570989760887,4308571034378282,4308571037052747,4308571063807986,
input1_layer4,,,,20260729T050800Z-fx-89687ae2-R032,pra2026-bh408@3d036144-16-32K-row0-greedy1024,3d03614452cd0a925abc82a7686560ff80252dfa,0,rank0,HCU0:TCA23906041001,chatcmpl-bench-7f1746b7-0-9eeec82b-9c959c99,1,1,4,0,prefill_chunk,4096,4096,0,4096,linear_attention,,,"[4096,5120]","[4096,5120]","[3,4096]","[4096,5120]","[4096,5120]",False,False,False,,,,0,0,4308571065971556,4308571081567281,
input1_layer5,,,,20260729T050800Z-fx-89687ae2-R032,pra2026-bh408@3d036144-16-32K-row0-greedy1024,3d03614452cd0a925abc82a7686560ff80252dfa,0,rank0,HCU0:TCA23906041001,chatcmpl-bench-7f1746b7-0-9eeec82b-9c959c99,1,1,5,0,prefill_chunk,4096,4096,0,4096,linear_attention,,,"[4096,5120]","[4096,5120]","[3,4096]","[4096,5120]","[4096,5120]",False,False,False,,,,0,0,4308571083772471,4308571087121462,
input1_layer6,,,,20260729T050800Z-fx-89687ae2-R032,pra2026-bh408@3d036144-16-32K-row0-greedy1024,3d03614452cd0a925abc82a7686560ff80252dfa,0,rank0,HCU0:TCA23906041001,chatcmpl-bench-7f1746b7-0-9eeec82b-9c959c99,1,1,6,0,prefill_chunk,4096,4096,0,4096,linear_attention,,,"[4096,5120]","[4096,5120]","[3,4096]","[4096,5120]","[4096,5120]",False,False,False,,,,0,0,4308571089306033,4308571092629044,
input1_layer7,,,,20260729T050800Z-fx-89687ae2-R032,pra2026-bh408@3d036144-16-32K-row0-greedy1024,3d03614452cd0a925abc82a7686560ff80252dfa,0,rank0,HCU0:TCA23906041001,chatcmpl-bench-7f1746b7-0-9eeec82b-9c959c99,1,1,7,0,prefill_chunk,4096,4096,0,4096,full_attention,,,"[4096,5120]","[4096,5120]","[3,4096]","[4096,5120]","[4096,5120]",False,False,False,,,,0,0,4308571094428070,4308571096578360,
input1_layer8,,,,20260729T050800Z-fx-89687ae2-R032,pra2026-bh408@3d036144-16-32K-row0-greedy1024,3d03614452cd0a925abc82a7686560ff80252dfa,0,rank0,HCU0:TCA23906041001,chatcmpl-bench-7f1746b7-0-9eeec82b-9c959c99,1,1,8,0,prefill_chunk,4096,4096,0,4096,linear_attention,,,"[4096,5120]","[4096,5120]","[3,4096]","[4096,5120]","[4096,5120]",False,False,False,,,,0,0,4308571098684750,4308571102007751,
input1_layer9,,,,20260729T050800Z-fx-89687ae2-R032,pra2026-bh408@3d036144-16-32K-row0-greedy1024,3d03614452cd0a925abc82a7686560ff80252dfa,0,rank0,HCU0:TCA23906041001,chatcmpl-bench-7f1746b7-0-9eeec82b-9c959c99,1,1,9,0,prefill_chunk,4096,4096,0,4096,linear_attention,,,"[4096,5120]","[4096,5120]","[3,4096]","[4096,5120]","[4096,5120]",False,False,False,,,,0,0,4308571104046050,4308571107345960,
input1_layer10,,,,20260729T050800Z-fx-89687ae2-R032,pra2026-bh408@3d036144-16-32K-row0-greedy1024,3d03614452cd0a925abc82a7686560ff80252dfa,0,rank0,HCU0:TCA23906041001,chatcmpl-bench-7f1746b7-0-9eeec82b-9c959c99,1,1,10,0,prefill_chunk,4096,4096,0,4096,linear_attention,,,"[4096,5120]","[4096,5120]","[3,4096]","[4096,5120]","[4096,5120]",False,False,False,,,,0,0,4308571109178997,4308571112494328,
input1_layer11,,,,20260729T050800Z-fx-89687ae2-R032,pra2026-bh408@3d036144-16-32K-row0-greedy1024,3d03614452cd0a925abc82a7686560ff80252dfa,0,rank0,HCU0:TCA23906041001,chatcmpl-bench-7f1746b7-0-9eeec82b-9c959c99,1,1,11,0,prefill_chunk,4096,4096,0,4096,full_attention,,,"[4096,5120]","[4096,5120]","[3,4096]","[4096,5120]","[4096,5120]",False,False,False,,,,0,0,4308571114296005,4308571116367324,
input1_layer12,,,,20260729T050800Z-fx-89687ae2-R032,pra2026-bh408@3d036144-16-32K-row0-greedy1024,3d03614452cd0a925abc82a7686560ff80252dfa,0,rank0,HCU0:TCA23906041001,chatcmpl-bench-7f1746b7-0-9eeec82b-9c959c99,1,1,12,0,prefill_chunk,4096,4096,0,4096,linear_attention,,,"[4096,5120]","[4096,5120]","[3,4096]","[4096,5120]","[4096,5120]",False,False,False,,,,0,0,4308571118031110,4308571121365031,
input1_layer13,,,,20260729T050800Z-fx-89687ae2-R032,pra2026-bh408@3d036144-16-32K-row0-greedy1024,3d03614452cd0a925abc82a7686560ff80252dfa,0,rank0,HCU0:TCA23906041001,chatcmpl-bench-7f1746b7-0-9eeec82b-9c959c99,1,1,13,0,prefill_chunk,4096,4096,0,4096,linear_attention,,,"[4096,5120]","[4096,5120]","[3,4096]","[4096,5120]","[4096,5120]",False,False,False,,,,0,0,4308571123132907,4308571126439978,
input1_layer14,,,,20260729T050800Z-fx-89687ae2-R032,pra2026-bh408@3d036144-16-32K-row0-greedy1024,3d03614452cd0a925abc82a7686560ff80252dfa,0,rank0,HCU0:TCA23906041001,chatcmpl-bench-7f1746b7-0-9eeec82b-9c959c99,1,1,14,0,prefill_chunk,4096,4096,0,4096,linear_attention,,,"[4096,5120]","[4096,5120]","[3,4096]","[4096,5120]","[4096,5120]",False,False,False,,,,0,0,4308571128434426,4308571131751337,
input1_layer15,,,,20260729T050800Z-fx-89687ae2-R032,pra2026-bh408@3d036144-16-32K-row0-greedy1024,3d03614452cd0a925abc82a7686560ff80252dfa,0,rank0,HCU0:TCA23906041001,chatcmpl-bench-7f1746b7-0-9eeec82b-9c959c99,1,1,15,0,prefill_chunk,4096,4096,0,4096,full_attention,,,"[4096,5120]","[4096,5120]","[3,4096]","[4096,5120]","[4096,5120]",False,False,False,,,,0,0,4308571133734696,4308571135804665,
input1_layer16,,,,20260729T050800Z-fx-89687ae2-R032,pra2026-bh408@3d036144-16-32K-row0-greedy1024,3d03614452cd0a925abc82a7686560ff80252dfa,0,rank0,HCU0:TCA23906041001,chatcmpl-bench-7f1746b7-0-9eeec82b-9c959c99,1,1,16,0,prefill_chunk,4096,4096,0,4096,linear_attention,,,"[4096,5120]","[4096,5120]","[3,4096]","[4096,5120]","[4096,5120]",False,False,False,,,,0,0,4308571137696682,4308571141057064,
input1_layer17,,,,20260729T050800Z-fx-89687ae2-R032,pra2026-bh408@3d036144-16-32K-row0-greedy1024,3d03614452cd0a925abc82a7686560ff80252dfa,0,rank0,HCU0:TCA23906041001,chatcmpl-bench-7f1746b7-0-9eeec82b-9c959c99,1,1,17,0,prefill_chunk,4096,4096,0,4096,linear_attention,,,"[4096,5120]","[4096,5120]","[3,4096]","[4096,5120]","[4096,5120]",False,False,False,,,,0,0,4308571142931921,4308571146272062,
input1_layer18,,,,20260729T050800Z-fx-89687ae2-R032,pra2026-bh408@3d036144-16-32K-row0-greedy1024,3d03614452cd0a925abc82a7686560ff80252dfa,0,rank0,HCU0:TCA23906041001,chatcmpl-bench-7f1746b7-0-9eeec82b-9c959c99,1,1,18,0,prefill_chunk,4096,4096,0,4096,linear_attention,,,"[4096,5120]","[4096,5120]","[3,4096]","[4096,5120]","[4096,5120]",False,False,False,,,,0,0,4308571148390792,4308571151706533,
input1_layer19,,,,20260729T050800Z-fx-89687ae2-R032,pra2026-bh408@3d036144-16-32K-row0-greedy1024,3d03614452cd0a925abc82a7686560ff80252dfa,0,rank0,HCU0:TCA23906041001,chatcmpl-bench-7f1746b7-0-9eeec82b-9c959c99,1,1,19,0,prefill_chunk,4096,4096,0,4096,full_attention,,,"[4096,5120]","[4096,5120]","[3,4096]","[4096,5120]","[4096,5120]",False,False,False,,,,0,0,4308571153515730,4308571155595939,
input1_layer20,,,,20260729T050800Z-fx-89687ae2-R032,pra2026-bh408@3d036144-16-32K-row0-greedy1024,3d03614452cd0a925abc82a7686560ff80252dfa,0,rank0,HCU0:TCA23906041001,chatcmpl-bench-7f1746b7-0-9eeec82b-9c959c99,1,1,20,0,prefill_chunk,4096,4096,0,4096,linear_attention,,,"[4096,5120]","[4096,5120]","[3,4096]","[4096,5120]","[4096,5120]",False,False,False,,,,0,0,4308571157427706,4308571160801647,
input1_layer21,,,,20260729T050800Z-fx-89687ae2-R032,pra2026-bh408@3d036144-16-32K-row0-greedy1024,3d03614452cd0a925abc82a7686560ff80252dfa,0,rank0,HCU0:TCA23906041001,chatcmpl-bench-7f1746b7-0-9eeec82b-9c959c99,1,1,21,0,prefill_chunk,4096,4096,0,4096,linear_attention,,,"[4096,5120]","[4096,5120]","[3,4096]","[4096,5120]","[4096,5120]",False,False,False,,,,0,0,4308571162829046,4308571166176257,
input1_layer22,,,,20260729T050800Z-fx-89687ae2-R032,pra2026-bh408@3d036144-16-32K-row0-greedy1024,3d03614452cd0a925abc82a7686560ff80252dfa,0,rank0,HCU0:TCA23906041001,chatcmpl-bench-7f1746b7-0-9eeec82b-9c959c99,1,1,22,0,prefill_chunk,4096,4096,0,4096,linear_attention,,,"[4096,5120]","[4096,5120]","[3,4096]","[4096,5120]","[4096,5120]",False,False,False,,,,0,0,4308571168120625,4308571171470016,
input1_layer23,,,,20260729T050800Z-fx-89687ae2-R032,pra2026-bh408@3d036144-16-32K-row0-greedy1024,3d03614452cd0a925abc82a7686560ff80252dfa,0,rank0,HCU0:TCA23906041001,chatcmpl-bench-7f1746b7-0-9eeec82b-9c959c99,1,1,23,0,prefill_chunk,4096,4096,0,4096,full_attention,,,"[4096,5120]","[4096,5120]","[3,4096]","[4096,5120]","[4096,5120]",False,False,False,,,,0,0,4308571173350084,4308571175444683,
input1_layer24,,,,20260729T050800Z-fx-89687ae2-R032,pra2026-bh408@3d036144-16-32K-row0-greedy1024,3d03614452cd0a925abc82a7686560ff80252dfa,0,rank0,HCU0:TCA23906041001,chatcmpl-bench-7f1746b7-0-9eeec82b-9c959c99,1,1,24,0,prefill_chunk,4096,4096,0,4096,linear_attention,,,"[4096,5120]","[4096,5120]","[3,4096]","[4096,5120]","[4096,5120]",False,False,False,,,,0,0,4308571177365091,4308571180781523,
input1_layer25,,,,20260729T050800Z-fx-89687ae2-R032,pra2026-bh408@3d036144-16-32K-row0-greedy1024,3d03614452cd0a925abc82a7686560ff80252dfa,0,rank0,HCU0:TCA23906041001,chatcmpl-bench-7f1746b7-0-9eeec82b-9c959c99,1,1,25,0,prefill_chunk,4096,4096,0,4096,linear_attention,,,"[4096,5120]","[4096,5120]","[3,4096]","[4096,5120]","[4096,5120]",False,False,False,,,,0,0,4308571182741621,4308571186144343,
input1_layer26,,,,20260729T050800Z-fx-89687ae2-R032,pra2026-bh408@3d036144-16-32K-row0-greedy1024,3d03614452cd0a925abc82a7686560ff80252dfa,0,rank0,HCU0:TCA23906041001,chatcmpl-bench-7f1746b7-0-9eeec82b-9c959c99,1,1,26,0,prefill_chunk,4096,4096,0,4096,linear_attention,,,"[4096,5120]","[4096,5120]","[3,4096]","[4096,5120]","[4096,5120]",False,False,False,,,,0,0,4308571187905489,4308571191321421,
input1_layer27,,,,20260729T050800Z-fx-89687ae2-R032,pra2026-bh408@3d036144-16-32K-row0-greedy1024,3d03614452cd0a925abc82a7686560ff80252dfa,0,rank0,HCU0:TCA23906041001,chatcmpl-bench-7f1746b7-0-9eeec82b-9c959c99,1,1,27,0,prefill_chunk,4096,4096,0,4096,full_attention,,,"[4096,5120]","[4096,5120]","[3,4096]","[4096,5120]","[4096,5120]",False,False,False,,,,0,0,4308571193531462,4308571195657871,
input1_layer28,,,,20260729T050800Z-fx-89687ae2-R032,pra2026-bh408@3d036144-16-32K-row0-greedy1024,3d03614452cd0a925abc82a7686560ff80252dfa,0,rank0,HCU0:TCA23906041001,chatcmpl-bench-7f1746b7-0-9eeec82b-9c959c99,1,1,28,0,prefill_chunk,4096,4096,0,4096,linear_attention,,,"[4096,5120]","[4096,5120]","[3,4096]","[4096,5120]","[4096,5120]",False,False,False,,,,0,0,4308571197547299,4308571200981641,
input1_layer29,,,,20260729T050800Z-fx-89687ae2-R032,pra2026-bh408@3d036144-16-32K-row0-greedy1024,3d03614452cd0a925abc82a7686560ff80252dfa,0,rank0,HCU0:TCA23906041001,chatcmpl-bench-7f1746b7-0-9eeec82b-9c959c99,1,1,29,0,prefill_chunk,4096,4096,0,4096,linear_attention,,,"[4096,5120]","[4096,5120]","[3,4096]","[4096,5120]","[4096,5120]",False,False,False,,,,0,0,4308571203002980,4308571206426351,
input1_layer30,,,,20260729T050800Z-fx-89687ae2-R032,pra2026-bh408@3d036144-16-32K-row0-greedy1024,3d03614452cd0a925abc82a7686560ff80252dfa,0,rank0,HCU0:TCA23906041001,chatcmpl-bench-7f1746b7-0-9eeec82b-9c959c99,1,1,30,0,prefill_chunk,4096,4096,0,4096,linear_attention,,,"[4096,5120]","[4096,5120]","[3,4096]","[4096,5120]","[4096,5120]",False,False,False,,,,0,0,4308571208308779,4308571211716301,
input1_layer31,,,,20260729T050800Z-fx-89687ae2-R032,pra2026-bh408@3d036144-16-32K-row0-greedy1024,3d03614452cd0a925abc82a7686560ff80252dfa,0,rank0,HCU0:TCA23906041001,chatcmpl-bench-7f1746b7-0-9eeec82b-9c959c99,1,1,31,0,prefill_chunk,4096,4096,0,4096,full_attention,,,"[4096,5120]","[4096,5120]","[3,4096]","[4096,5120]","[4096,5120]",False,False,False,,,,0,0,4308571215277434,4308571217393613,
input1_layer32,,,,20260729T050800Z-fx-89687ae2-R032,pra2026-bh408@3d036144-16-32K-row0-greedy1024,3d03614452cd0a925abc82a7686560ff80252dfa,0,rank0,HCU0:TCA23906041001,chatcmpl-bench-7f1746b7-0-9eeec82b-9c959c99,1,1,32,0,prefill_chunk,4096,4096,0,4096,linear_attention,,,"[4096,5120]","[4096,5120]","[3,4096]","[4096,5120]","[4096,5120]",False,False,False,,,,0,0,4308571219319021,4308571222748443,
input1_layer33,,,,20260729T050800Z-fx-89687ae2-R032,pra2026-bh408@3d036144-16-32K-row0-greedy1024,3d03614452cd0a925abc82a7686560ff80252dfa,0,rank0,HCU0:TCA23906041001,chatcmpl-bench-7f1746b7-0-9eeec82b-9c959c99,1,1,33,0,prefill_chunk,4096,4096,0,4096,linear_attention,,,"[4096,5120]","[4096,5120]","[3,4096]","[4096,5120]","[4096,5120]",False,False,False,,,,0,0,4308571224701951,4308571228119413,
input1_layer34,,,,20260729T050800Z-fx-89687ae2-R032,pra2026-bh408@3d036144-16-32K-row0-greedy1024,3d03614452cd0a925abc82a7686560ff80252dfa,0,rank0,HCU0:TCA23906041001,chatcmpl-bench-7f1746b7-0-9eeec82b-9c959c99,1,1,34,0,prefill_chunk,4096,4096,0,4096,linear_attention,,,"[4096,5120]","[4096,5120]","[3,4096]","[4096,5120]","[4096,5120]",False,False,False,,,,0,0,4308571230094922,4308571233544154,
input1_layer35,,,,20260729T050800Z-fx-89687ae2-R032,pra2026-bh408@3d036144-16-32K-row0-greedy1024,3d03614452cd0a925abc82a7686560ff80252dfa,0,rank0,HCU0:TCA23906041001,chatcmpl-bench-7f1746b7-0-9eeec82b-9c959c99,1,1,35,0,prefill_chunk,4096,4096,0,4096,full_attention,,,"[4096,5120]","[4096,5120]","[3,4096]","[4096,5120]","[4096,5120]",False,False,False,,,,0,0,4308571235541242,4308571237837263,
input1_layer36,,,,20260729T050800Z-fx-89687ae2-R032,pra2026-bh408@3d036144-16-32K-row0-greedy1024,3d03614452cd0a925abc82a7686560ff80252dfa,0,rank0,HCU0:TCA23906041001,chatcmpl-bench-7f1746b7-0-9eeec82b-9c959c99,1,1,36,0,prefill_chunk,4096,4096,0,4096,linear_attention,,,"[4096,5120]","[4096,5120]","[3,4096]","[4096,5120]","[4096,5120]",False,False,False,,,,0,0,4308571239646060,4308571243112392,
input1_layer37,,,,20260729T050800Z-fx-89687ae2-R032,pra2026-bh408@3d036144-16-32K-row0-greedy1024,3d03614452cd0a925abc82a7686560ff80252dfa,0,rank0,HCU0:TCA23906041001,chatcmpl-bench-7f1746b7-0-9eeec82b-9c959c99,1,1,37,0,prefill_chunk,4096,4096,0,4096,linear_attention,,,"[4096,5120]","[4096,5120]","[3,4096]","[4096,5120]","[4096,5120]",False,False,False,,,,0,0,4308571244813718,4308571248290911,
input1_layer38,,,,20260729T050800Z-fx-89687ae2-R032,pra2026-bh408@3d036144-16-32K-row0-greedy1024,3d03614452cd0a925abc82a7686560ff80252dfa,0,rank0,HCU0:TCA23906041001,chatcmpl-bench-7f1746b7-0-9eeec82b-9c959c99,1,1,38,0,prefill_chunk,4096,4096,0,4096,linear_attention,,,"[4096,5120]","[4096,5120]","[3,4096]","[4096,5120]","[4096,5120]",False,False,False,,,,0,0,4308571249901906,4308571253369608,
input1_layer39,,,,20260729T050800Z-fx-89687ae2-R032,pra2026-bh408@3d036144-16-32K-row0-greedy1024,3d03614452cd0a925abc82a7686560ff80252dfa,0,rank0,HCU0:TCA23906041001,chatcmpl-bench-7f1746b7-0-9eeec82b-9c959c99,1,1,39,0,prefill_chunk,4096,4096,0,4096,full_attention,,,"[4096,5120]","[4096,5120]","[3,4096]","[4096,5120]","[4096,5120]",False,False,False,,,,0,0,4308571255198935,4308571257365675,
input1_layer40,,,,20260729T050800Z-fx-89687ae2-R032,pra2026-bh408@3d036144-16-32K-row0-greedy1024,3d03614452cd0a925abc82a7686560ff80252dfa,0,rank0,HCU0:TCA23906041001,chatcmpl-bench-7f1746b7-0-9eeec82b-9c959c99,1,1,40,0,prefill_chunk,4096,4096,0,4096,linear_attention,,,"[4096,5120]","[4096,5120]","[3,4096]","[4096,5120]","[4096,5120]",False,False,False,,,,0,0,4308571259045741,4308571262586724,
input1_layer41,,,,20260729T050800Z-fx-89687ae2-R032,pra2026-bh408@3d036144-16-32K-row0-greedy1024,3d03614452cd0a925abc82a7686560ff80252dfa,0,rank0,HCU0:TCA23906041001,chatcmpl-bench-7f1746b7-0-9eeec82b-9c959c99,1,1,41,0,prefill_chunk,4096,4096,0,4096,linear_attention,,,"[4096,5120]","[4096,5120]","[3,4096]","[4096,5120]","[4096,5120]",False,False,False,,,,0,0,4308571264420581,4308571267903513,
input1_layer42,,,,20260729T050800Z-fx-89687ae2-R032,pra2026-bh408@3d036144-16-32K-row0-greedy1024,3d03614452cd0a925abc82a7686560ff80252dfa,0,rank0,HCU0:TCA23906041001,chatcmpl-bench-7f1746b7-0-9eeec82b-9c959c99,1,1,42,0,prefill_chunk,4096,4096,0,4096,linear_attention,,,"[4096,5120]","[4096,5120]","[3,4096]","[4096,5120]","[4096,5120]",False,False,False,,,,0,0,4308571269664399,4308571273143902,
input1_layer43,,,,20260729T050800Z-fx-89687ae2-R032,pra2026-bh408@3d036144-16-32K-row0-greedy1024,3d03614452cd0a925abc82a7686560ff80252dfa,0,rank0,HCU0:TCA23906041001,chatcmpl-bench-7f1746b7-0-9eeec82b-9c959c99,1,1,43,0,prefill_chunk,4096,4096,0,4096,full_attention,,,"[4096,5120]","[4096,5120]","[3,4096]","[4096,5120]","[4096,5120]",False,False,False,,,,0,0,4308571274941168,4308571277097469,
input1_layer44,,,,20260729T050800Z-fx-89687ae2-R032,pra2026-bh408@3d036144-16-32K-row0-greedy1024,3d03614452cd0a925abc82a7686560ff80252dfa,0,rank0,HCU0:TCA23906041001,chatcmpl-bench-7f1746b7-0-9eeec82b-9c959c99,1,1,44,0,prefill_chunk,4096,4096,0,4096,linear_attention,,,"[4096,5120]","[4096,5120]","[3,4096]","[4096,5120]","[4096,5120]",False,False,False,,,,0,0,4308571279003116,4308571282513629,
input1_layer45,,,,20260729T050800Z-fx-89687ae2-R032,pra2026-bh408@3d036144-16-32K-row0-greedy1024,3d03614452cd0a925abc82a7686560ff80252dfa,0,rank0,HCU0:TCA23906041001,chatcmpl-bench-7f1746b7-0-9eeec82b-9c959c99,1,1,45,0,prefill_chunk,4096,4096,0,4096,linear_attention,,,"[4096,5120]","[4096,5120]","[3,4096]","[4096,5120]","[4096,5120]",False,False,False,,,,0,0,4308571284350786,4308571287849448,
input1_layer46,,,,20260729T050800Z-fx-89687ae2-R032,pra2026-bh408@3d036144-16-32K-row0-greedy1024,3d03614452cd0a925abc82a7686560ff80252dfa,0,rank0,HCU0:TCA23906041001,chatcmpl-bench-7f1746b7-0-9eeec82b-9c959c99,1,1,46,0,prefill_chunk,4096,4096,0,4096,linear_attention,,,"[4096,5120]","[4096,5120]","[3,4096]","[4096,5120]","[4096,5120]",False,False,False,,,,0,0,4308571290107179,4308571293600292,
input1_layer47,,,,20260729T050800Z-fx-89687ae2-R032,pra2026-bh408@3d036144-16-32K-row0-greedy1024,3d03614452cd0a925abc82a7686560ff80252dfa,0,rank0,HCU0:TCA23906041001,chatcmpl-bench-7f1746b7-0-9eeec82b-9c959c99,1,1,47,0,prefill_chunk,4096,4096,0,4096,full_attention,,,"[4096,5120]","[4096,5120]","[3,4096]","[4096,5120]","[4096,5120]",False,False,False,,,,0,0,4308571295455379,4308571297625059,
input1_layer48,,,,20260729T050800Z-fx-89687ae2-R032,pra2026-bh408@3d036144-16-32K-row0-greedy1024,3d03614452cd0a925abc82a7686560ff80252dfa,0,rank0,HCU0:TCA23906041001,chatcmpl-bench-7f1746b7-0-9eeec82b-9c959c99,1,1,48,0,prefill_chunk,4096,4096,0,4096,linear_attention,,,"[4096,5120]","[4096,5120]","[3,4096]","[4096,5120]","[4096,5120]",False,False,False,,,,0,0,4308571299476387,4308571302991989,
input1_layer49,,,,20260729T050800Z-fx-89687ae2-R032,pra2026-bh408@3d036144-16-32K-row0-greedy1024,3d03614452cd0a925abc82a7686560ff80252dfa,0,rank0,HCU0:TCA23906041001,chatcmpl-bench-7f1746b7-0-9eeec82b-9c959c99,1,1,49,0,prefill_chunk,4096,4096,0,4096,linear_attention,,,"[4096,5120]","[4096,5120]","[3,4096]","[4096,5120]","[4096,5120]",False,False,False,,,,0,0,4308571304825716,4308571308359019,
input1_layer50,,,,20260729T050800Z-fx-89687ae2-R032,pra2026-bh408@3d036144-16-32K-row0-greedy1024,3d03614452cd0a925abc82a7686560ff80252dfa,0,rank0,HCU0:TCA23906041001,chatcmpl-bench-7f1746b7-0-9eeec82b-9c959c99,1,1,50,0,prefill_chunk,4096,4096,0,4096,linear_attention,,,"[4096,5120]","[4096,5120]","[3,4096]","[4096,5120]","[4096,5120]",False,False,False,,,,0,0,4308571310362458,4308571313864020,
input1_layer51,,,,20260729T050800Z-fx-89687ae2-R032,pra2026-bh408@3d036144-16-32K-row0-greedy1024,3d03614452cd0a925abc82a7686560ff80252dfa,0,rank0,HCU0:TCA23906041001,chatcmpl-bench-7f1746b7-0-9eeec82b-9c959c99,1,1,51,0,prefill_chunk,4096,4096,0,4096,full_attention,,,"[4096,5120]","[4096,5120]","[3,4096]","[4096,5120]","[4096,5120]",False,False,False,,,,0,0,4308571326701420,4308571328895010,
input1_layer52,,,,20260729T050800Z-fx-89687ae2-R032,pra2026-bh408@3d036144-16-32K-row0-greedy1024,3d03614452cd0a925abc82a7686560ff80252dfa,0,rank0,HCU0:TCA23906041001,chatcmpl-bench-7f1746b7-0-9eeec82b-9c959c99,1,1,52,0,prefill_chunk,4096,4096,0,4096,linear_attention,,,"[4096,5120]","[4096,5120]","[3,4096]","[4096,5120]","[4096,5120]",False,False,False,,,,0,0,4308571330691397,4308571334209869,
input1_layer53,,,,20260729T050800Z-fx-89687ae2-R032,pra2026-bh408@3d036144-16-32K-row0-greedy1024,3d03614452cd0a925abc82a7686560ff80252dfa,0,rank0,HCU0:TCA23906041001,chatcmpl-bench-7f1746b7-0-9eeec82b-9c959c99,1,1,53,0,prefill_chunk,4096,4096,0,4096,linear_attention,,,"[4096,5120]","[4096,5120]","[3,4096]","[4096,5120]","[4096,5120]",False,False,False,,,,0,0,4308571336102977,4308571339605229,
input1_layer54,,,,20260729T050800Z-fx-89687ae2-R032,pra2026-bh408@3d036144-16-32K-row0-greedy1024,3d03614452cd0a925abc82a7686560ff80252dfa,0,rank0,HCU0:TCA23906041001,chatcmpl-bench-7f1746b7-0-9eeec82b-9c959c99,1,1,54,0,prefill_chunk,4096,4096,0,4096,linear_attention,,,"[4096,5120]","[4096,5120]","[3,4096]","[4096,5120]","[4096,5120]",False,False,False,,,,0,0,4308571341725439,4308571345248102,
input1_layer55,,,,20260729T050800Z-fx-89687ae2-R032,pra2026-bh408@3d036144-16-32K-row0-greedy1024,3d03614452cd0a925abc82a7686560ff80252dfa,0,rank0,HCU0:TCA23906041001,chatcmpl-bench-7f1746b7-0-9eeec82b-9c959c99,1,1,55,0,prefill_chunk,4096,4096,0,4096,full_attention,,,"[4096,5120]","[4096,5120]","[3,4096]","[4096,5120]","[4096,5120]",False,False,False,,,,0,0,4308571346979498,4308571349170588,
input1_layer56,,,,20260729T050800Z-fx-89687ae2-R032,pra2026-bh408@3d036144-16-32K-row0-greedy1024,3d03614452cd0a925abc82a7686560ff80252dfa,0,rank0,HCU0:TCA23906041001,chatcmpl-bench-7f1746b7-0-9eeec82b-9c959c99,1,1,56,0,prefill_chunk,4096,4096,0,4096,linear_attention,,,"[4096,5120]","[4096,5120]","[3,4096]","[4096,5120]","[4096,5120]",False,False,False,,,,0,0,4308571351060546,4308571354602089,
input1_layer57,,,,20260729T050800Z-fx-89687ae2-R032,pra2026-bh408@3d036144-16-32K-row0-greedy1024,3d03614452cd0a925abc82a7686560ff80252dfa,0,rank0,HCU0:TCA23906041001,chatcmpl-bench-7f1746b7-0-9eeec82b-9c959c99,1,1,57,0,prefill_chunk,4096,4096,0,4096,linear_attention,,,"[4096,5120]","[4096,5120]","[3,4096]","[4096,5120]","[4096,5120]",False,False,False,,,,0,0,4308571356204174,4308571359730607,
input1_layer58,,,,20260729T050800Z-fx-89687ae2-R032,pra2026-bh408@3d036144-16-32K-row0-greedy1024,3d03614452cd0a925abc82a7686560ff80252dfa,0,rank0,HCU0:TCA23906041001,chatcmpl-bench-7f1746b7-0-9eeec82b-9c959c99,1,1,58,0,prefill_chunk,4096,4096,0,4096,linear_attention,,,"[4096,5120]","[4096,5120]","[3,4096]","[4096,5120]","[4096,5120]",False,False,False,,,,0,0,4308571361475113,4308571364983685,
input1_layer59,,,,20260729T050800Z-fx-89687ae2-R032,pra2026-bh408@3d036144-16-32K-row0-greedy1024,3d03614452cd0a925abc82a7686560ff80252dfa,0,rank0,HCU0:TCA23906041001,chatcmpl-bench-7f1746b7-0-9eeec82b-9c959c99,1,1,59,0,prefill_chunk,4096,4096,0,4096,full_attention,,,"[4096,5120]","[4096,5120]","[3,4096]","[4096,5120]","[4096,5120]",False,False,False,,,,0,0,4308571366785672,4308571368975903,
input1_layer60,,,,20260729T050800Z-fx-89687ae2-R032,pra2026-bh408@3d036144-16-32K-row0-greedy1024,3d03614452cd0a925abc82a7686560ff80252dfa,0,rank0,HCU0:TCA23906041001,chatcmpl-bench-7f1746b7-0-9eeec82b-9c959c99,1,1,60,0,prefill_chunk,4096,4096,0,4096,linear_attention,,,"[4096,5120]","[4096,5120]","[3,4096]","[4096,5120]","[4096,5120]",False,False,False,,,,0,0,4308571370972031,4308571374519614,
input1_layer61,,,,20260729T050800Z-fx-89687ae2-R032,pra2026-bh408@3d036144-16-32K-row0-greedy1024,3d03614452cd0a925abc82a7686560ff80252dfa,0,rank0,HCU0:TCA23906041001,chatcmpl-bench-7f1746b7-0-9eeec82b-9c959c99,1,1,61,0,prefill_chunk,4096,4096,0,4096,linear_attention,,,"[4096,5120]","[4096,5120]","[3,4096]","[4096,5120]","[4096,5120]",False,False,False,,,,0,0,4308571376433462,4308571379963065,
input1_layer62,,,,20260729T050800Z-fx-89687ae2-R032,pra2026-bh408@3d036144-16-32K-row0-greedy1024,3d03614452cd0a925abc82a7686560ff80252dfa,0,rank0,HCU0:TCA23906041001,chatcmpl-bench-7f1746b7-0-9eeec82b-9c959c99,1,1,62,0,prefill_chunk,4096,4096,0,4096,linear_attention,,,"[4096,5120]","[4096,5120]","[3,4096]","[4096,5120]","[4096,5120]",False,False,False,,,,0,0,4308571381864942,4308571385416435,
input1_layer63,,,,20260729T050800Z-fx-89687ae2-R032,pra2026-bh408@3d036144-16-32K-row0-greedy1024,3d03614452cd0a925abc82a7686560ff80252dfa,0,rank0,HCU0:TCA23906041001,chatcmpl-bench-7f1746b7-0-9eeec82b-9c959c99,1,1,63,0,prefill_chunk,4096,4096,0,4096,full_attention,,,"[4096,5120]","[4096,5120]","[3,4096]","[4096,5120]","[4096,5120]",False,False,False,,,,0,0,4308571387171212,4308571389377392,
input2_layer0,,,,20260729T050800Z-fx-89687ae2-R032,pra2026-bh408@3d036144-16-32K-row0-greedy1024,3d03614452cd0a925abc82a7686560ff80252dfa,0,rank0,HCU0:TCA23906041001,chatcmpl-bench-7f1746b7-0-9eeec82b-9c959c99,2,2,0,0,prefill_chunk,4096,4096,4096,8192,linear_attention,,,"[4096,5120]",null,"[3,4096]","[4096,5120]","[4096,5120]",False,False,False,,,,0,0,4308571908546090,4308572604477119,
input2_layer1,,,,20260729T050800Z-fx-89687ae2-R032,pra2026-bh408@3d036144-16-32K-row0-greedy1024,3d03614452cd0a925abc82a7686560ff80252dfa,0,rank0,HCU0:TCA23906041001,chatcmpl-bench-7f1746b7-0-9eeec82b-9c959c99,2,2,1,0,prefill_chunk,4096,4096,4096,8192,linear_attention,,,"[4096,5120]","[4096,5120]","[3,4096]","[4096,5120]","[4096,5120]",False,False,False,,,,0,0,4308572606617299,4308572620247385,
input2_layer2,,,,20260729T050800Z-fx-89687ae2-R032,pra2026-bh408@3d036144-16-32K-row0-greedy1024,3d03614452cd0a925abc82a7686560ff80252dfa,0,rank0,HCU0:TCA23906041001,chatcmpl-bench-7f1746b7-0-9eeec82b-9c959c99,2,2,2,0,prefill_chunk,4096,4096,4096,8192,linear_attention,,,"[4096,5120]","[4096,5120]","[3,4096]","[4096,5120]","[4096,5120]",False,False,False,,,,0,0,4308572622184383,4308572625603995,
input2_layer3,,,,20260729T050800Z-fx-89687ae2-R032,pra2026-bh408@3d036144-16-32K-row0-greedy1024,3d03614452cd0a925abc82a7686560ff80252dfa,0,rank0,HCU0:TCA23906041001,chatcmpl-bench-7f1746b7-0-9eeec82b-9c959c99,2,2,3,0,prefill_chunk,4096,4096,4096,8192,full_attention,,,"[4096,5120]","[4096,5120]","[3,4096]","[4096,5120]","[4096,5120]",False,False,False,,,,0,0,4308572627518653,4308572692958871,
input2_layer4,,,,20260729T050800Z-fx-89687ae2-R032,pra2026-bh408@3d036144-16-32K-row0-greedy1024,3d03614452cd0a925abc82a7686560ff80252dfa,0,rank0,HCU0:TCA23906041001,chatcmpl-bench-7f1746b7-0-9eeec82b-9c959c99,2,2,4,0,prefill_chunk,4096,4096,4096,8192,linear_attention,,,"[4096,5120]","[4096,5120]","[3,4096]","[4096,5120]","[4096,5120]",False,False,False,,,,0,0,4308572695154972,4308572706319996,
input2_layer5,,,,20260729T050800Z-fx-89687ae2-R032,pra2026-bh408@3d036144-16-32K-row0-greedy1024,3d03614452cd0a925abc82a7686560ff80252dfa,0,rank0,HCU0:TCA23906041001,chatcmpl-bench-7f1746b7-0-9eeec82b-9c959c99,2,2,5,0,prefill_chunk,4096,4096,4096,8192,linear_attention,,,"[4096,5120]","[4096,5120]","[3,4096]","[4096,5120]","[4096,5120]",False,False,False,,,,0,0,4308572708340534,4308572711666495,
input2_layer6,,,,20260729T050800Z-fx-89687ae2-R032,pra2026-bh408@3d036144-16-32K-row0-greedy1024,3d03614452cd0a925abc82a7686560ff80252dfa,0,rank0,HCU0:TCA23906041001,chatcmpl-bench-7f1746b7-0-9eeec82b-9c959c99,2,2,6,0,prefill_chunk,4096,4096,4096,8192,linear_attention,,,"[4096,5120]","[4096,5120]","[3,4096]","[4096,5120]","[4096,5120]",False,False,False,,,,0,0,4308572713731104,4308572717052085,
input2_layer7,,,,20260729T050800Z-fx-89687ae2-R032,pra2026-bh408@3d036144-16-32K-row0-greedy1024,3d03614452cd0a925abc82a7686560ff80252dfa,0,rank0,HCU0:TCA23906041001,chatcmpl-bench-7f1746b7-0-9eeec82b-9c959c99,2,2,7,0,prefill_chunk,4096,4096,4096,8192,full_attention,,,"[4096,5120]","[4096,5120]","[3,4096]","[4096,5120]","[4096,5120]",False,False,False,,,,0,0,4308572718870342,4308572721215684,
input2_layer8,,,,20260729T050800Z-fx-89687ae2-R032,pra2026-bh408@3d036144-16-32K-row0-greedy1024,3d03614452cd0a925abc82a7686560ff80252dfa,0,rank0,HCU0:TCA23906041001,chatcmpl-bench-7f1746b7-0-9eeec82b-9c959c99,2,2,8,0,prefill_chunk,4096,4096,4096,8192,linear_attention,,,"[4096,5120]","[4096,5120]","[3,4096]","[4096,5120]","[4096,5120]",False,False,False,,,,0,0,4308572723012401,4308572726329692,
input2_layer9,,,,20260729T050800Z-fx-89687ae2-R032,pra2026-bh408@3d036144-16-32K-row0-greedy1024,3d03614452cd0a925abc82a7686560ff80252dfa,0,rank0,HCU0:TCA23906041001,chatcmpl-bench-7f1746b7-0-9eeec82b-9c959c99,2,2,9,0,prefill_chunk,4096,4096,4096,8192,linear_attention,,,"[4096,5120]","[4096,5120]","[3,4096]","[4096,5120]","[4096,5120]",False,False,False,,,,0,0,4308572728019127,4308572731343928,
input2_layer10,,,,20260729T050800Z-fx-89687ae2-R032,pra2026-bh408@3d036144-16-32K-row0-greedy1024,3d03614452cd0a925abc82a7686560ff80252dfa,0,rank0,HCU0:TCA23906041001,chatcmpl-bench-7f1746b7-0-9eeec82b-9c959c99,2,2,10,0,prefill_chunk,4096,4096,4096,8192,linear_attention,,,"[4096,5120]","[4096,5120]","[3,4096]","[4096,5120]","[4096,5120]",False,False,False,,,,0,0,4308572733147205,4308572736478506,
input2_layer11,,,,20260729T050800Z-fx-89687ae2-R032,pra2026-bh408@3d036144-16-32K-row0-greedy1024,3d03614452cd0a925abc82a7686560ff80252dfa,0,rank0,HCU0:TCA23906041001,chatcmpl-bench-7f1746b7-0-9eeec82b-9c959c99,2,2,11,0,prefill_chunk,4096,4096,4096,8192,full_attention,,,"[4096,5120]","[4096,5120]","[3,4096]","[4096,5120]","[4096,5120]",False,False,False,,,,0,0,4308572738332193,4308572740565174,
input2_layer12,,,,20260729T050800Z-fx-89687ae2-R032,pra2026-bh408@3d036144-16-32K-row0-greedy1024,3d03614452cd0a925abc82a7686560ff80252dfa,0,rank0,HCU0:TCA23906041001,chatcmpl-bench-7f1746b7-0-9eeec82b-9c959c99,2,2,12,0,prefill_chunk,4096,4096,4096,8192,linear_attention,,,"[4096,5120]","[4096,5120]","[3,4096]","[4096,5120]","[4096,5120]",False,False,False,,,,0,0,4308572742315900,4308572745660541,
input2_layer13,,,,20260729T050800Z-fx-89687ae2-R032,pra2026-bh408@3d036144-16-32K-row0-greedy1024,3d03614452cd0a925abc82a7686560ff80252dfa,0,rank0,HCU0:TCA23906041001,chatcmpl-bench-7f1746b7-0-9eeec82b-9c959c99,2,2,13,0,prefill_chunk,4096,4096,4096,8192,linear_attention,,,"[4096,5120]","[4096,5120]","[3,4096]","[4096,5120]","[4096,5120]",False,False,False,,,,0,0,4308572747729091,4308572751076332,
input2_layer14,,,,20260729T050800Z-fx-89687ae2-R032,pra2026-bh408@3d036144-16-32K-row0-greedy1024,3d03614452cd0a925abc82a7686560ff80252dfa,0,rank0,HCU0:TCA23906041001,chatcmpl-bench-7f1746b7-0-9eeec82b-9c959c99,2,2,14,0,prefill_chunk,4096,4096,4096,8192,linear_attention,,,"[4096,5120]","[4096,5120]","[3,4096]","[4096,5120]","[4096,5120]",False,False,False,,,,0,0,4308572752690027,4308572756019608,
input2_layer15,,,,20260729T050800Z-fx-89687ae2-R032,pra2026-bh408@3d036144-16-32K-row0-greedy1024,3d03614452cd0a925abc82a7686560ff80252dfa,0,rank0,HCU0:TCA23906041001,chatcmpl-bench-7f1746b7-0-9eeec82b-9c959c99,2,2,15,0,prefill_chunk,4096,4096,4096,8192,full_attention,,,"[4096,5120]","[4096,5120]","[3,4096]","[4096,5120]","[4096,5120]",False,False,False,,,,0,0,4308572757765564,4308572759984135,
input2_layer16,,,,20260729T050800Z-fx-89687ae2-R032,pra2026-bh408@3d036144-16-32K-row0-greedy1024,3d03614452cd0a925abc82a7686560ff80252dfa,0,rank0,HCU0:TCA23906041001,chatcmpl-bench-7f1746b7-0-9eeec82b-9c959c99,2,2,16,0,prefill_chunk,4096,4096,4096,8192,linear_attention,,,"[4096,5120]","[4096,5120]","[3,4096]","[4096,5120]","[4096,5120]",False,False,False,,,,0,0,4308572761831072,4308572765202483,
input2_layer17,,,,20260729T050800Z-fx-89687ae2-R032,pra2026-bh408@3d036144-16-32K-row0-greedy1024,3d03614452cd0a925abc82a7686560ff80252dfa,0,rank0,HCU0:TCA23906041001,chatcmpl-bench-7f1746b7-0-9eeec82b-9c959c99,2,2,17,0,prefill_chunk,4096,4096,4096,8192,linear_attention,,,"[4096,5120]","[4096,5120]","[3,4096]","[4096,5120]","[4096,5120]",False,False,False,,,,0,0,4308572766866358,4308572770209330,
input2_layer18,,,,20260729T050800Z-fx-89687ae2-R032,pra2026-bh408@3d036144-16-32K-row0-greedy1024,3d03614452cd0a925abc82a7686560ff80252dfa,0,rank0,HCU0:TCA23906041001,chatcmpl-bench-7f1746b7-0-9eeec82b-9c959c99,2,2,18,0,prefill_chunk,4096,4096,4096,8192,linear_attention,,,"[4096,5120]","[4096,5120]","[3,4096]","[4096,5120]","[4096,5120]",False,False,False,,,,0,0,4308572771921615,4308572775286597,
input2_layer19,,,,20260729T050800Z-fx-89687ae2-R032,pra2026-bh408@3d036144-16-32K-row0-greedy1024,3d03614452cd0a925abc82a7686560ff80252dfa,0,rank0,HCU0:TCA23906041001,chatcmpl-bench-7f1746b7-0-9eeec82b-9c959c99,2,2,19,0,prefill_chunk,4096,4096,4096,8192,full_attention,,,"[4096,5120]","[4096,5120]","[3,4096]","[4096,5120]","[4096,5120]",False,False,False,,,,0,0,4308572776916322,4308572779173253,
input2_layer20,,,,20260729T050800Z-fx-89687ae2-R032,pra2026-bh408@3d036144-16-32K-row0-greedy1024,3d03614452cd0a925abc82a7686560ff80252dfa,0,rank0,HCU0:TCA23906041001,chatcmpl-bench-7f1746b7-0-9eeec82b-9c959c99,2,2,20,0,prefill_chunk,4096,4096,4096,8192,linear_attention,,,"[4096,5120]","[4096,5120]","[3,4096]","[4096,5120]","[4096,5120]",False,False,False,,,,0,0,4308572780924249,4308572784318991,
input2_layer21,,,,20260729T050800Z-fx-89687ae2-R032,pra2026-bh408@3d036144-16-32K-row0-greedy1024,3d03614452cd0a925abc82a7686560ff80252dfa,0,rank0,HCU0:TCA23906041001,chatcmpl-bench-7f1746b7-0-9eeec82b-9c959c99,2,2,21,0,prefill_chunk,4096,4096,4096,8192,linear_attention,,,"[4096,5120]","[4096,5120]","[3,4096]","[4096,5120]","[4096,5120]",False,False,False,,,,0,0,4308572785987796,4308572789344157,
input2_layer22,,,,20260729T050800Z-fx-89687ae2-R032,pra2026-bh408@3d036144-16-32K-row0-greedy1024,3d03614452cd0a925abc82a7686560ff80252dfa,0,rank0,HCU0:TCA23906041001,chatcmpl-bench-7f1746b7-0-9eeec82b-9c959c99,2,2,22,0,prefill_chunk,4096,4096,4096,8192,linear_attention,,,"[4096,5120]","[4096,5120]","[3,4096]","[4096,5120]","[4096,5120]",False,False,False,,,,0,0,4308572791208715,4308572794565086,
input2_layer23,,,,20260729T050800Z-fx-89687ae2-R032,pra2026-bh408@3d036144-16-32K-row0-greedy1024,3d03614452cd0a925abc82a7686560ff80252dfa,0,rank0,HCU0:TCA23906041001,chatcmpl-bench-7f1746b7-0-9eeec82b-9c959c99,2,2,23,0,prefill_chunk,4096,4096,4096,8192,full_attention,,,"[4096,5120]","[4096,5120]","[3,4096]","[4096,5120]","[4096,5120]",False,False,False,,,,0,0,4308572796547434,4308572798805245,
input2_layer24,,,,20260729T050800Z-fx-89687ae2-R032,pra2026-bh408@3d036144-16-32K-row0-greedy1024,3d03614452cd0a925abc82a7686560ff80252dfa,0,rank0,HCU0:TCA23906041001,chatcmpl-bench-7f1746b7-0-9eeec82b-9c959c99,2,2,24,0,prefill_chunk,4096,4096,4096,8192,linear_attention,,,"[4096,5120]","[4096,5120]","[3,4096]","[4096,5120]","[4096,5120]",False,False,False,,,,0,0,4308572800736353,4308572804136995,
input2_layer25,,,,20260729T050800Z-fx-89687ae2-R032,pra2026-bh408@3d036144-16-32K-row0-greedy1024,3d03614452cd0a925abc82a7686560ff80252dfa,0,rank0,HCU0:TCA23906041001,chatcmpl-bench-7f1746b7-0-9eeec82b-9c959c99,2,2,25,0,prefill_chunk,4096,4096,4096,8192,linear_attention,,,"[4096,5120]","[4096,5120]","[3,4096]","[4096,5120]","[4096,5120]",False,False,False,,,,0,0,4308572805964762,4308572809364024,
input2_layer26,,,,20260729T050800Z-fx-89687ae2-R032,pra2026-bh408@3d036144-16-32K-row0-greedy1024,3d03614452cd0a925abc82a7686560ff80252dfa,0,rank0,HCU0:TCA23906041001,chatcmpl-bench-7f1746b7-0-9eeec82b-9c959c99,2,2,26,0,prefill_chunk,4096,4096,4096,8192,linear_attention,,,"[4096,5120]","[4096,5120]","[3,4096]","[4096,5120]","[4096,5120]",False,False,False,,,,0,0,4308572811202641,4308572814598602,
input2_layer27,,,,20260729T050800Z-fx-89687ae2-R032,pra2026-bh408@3d036144-16-32K-row0-greedy1024,3d03614452cd0a925abc82a7686560ff80252dfa,0,rank0,HCU0:TCA23906041001,chatcmpl-bench-7f1746b7-0-9eeec82b-9c959c99,2,2,27,0,prefill_chunk,4096,4096,4096,8192,full_attention,,,"[4096,5120]","[4096,5120]","[3,4096]","[4096,5120]","[4096,5120]",False,False,False,,,,0,0,4308572816405869,4308572818671530,
input2_layer28,,,,20260729T050800Z-fx-89687ae2-R032,pra2026-bh408@3d036144-16-32K-row0-greedy1024,3d03614452cd0a925abc82a7686560ff80252dfa,0,rank0,HCU0:TCA23906041001,chatcmpl-bench-7f1746b7-0-9eeec82b-9c959c99,2,2,28,0,prefill_chunk,4096,4096,4096,8192,linear_attention,,,"[4096,5120]","[4096,5120]","[3,4096]","[4096,5120]","[4096,5120]",False,False,False,,,,0,0,4308572820459477,4308572823872838,
input2_layer29,,,,20260729T050800Z-fx-89687ae2-R032,pra2026-bh408@3d036144-16-32K-row0-greedy1024,3d03614452cd0a925abc82a7686560ff80252dfa,0,rank0,HCU0:TCA23906041001,chatcmpl-bench-7f1746b7-0-9eeec82b-9c959c99,2,2,29,0,prefill_chunk,4096,4096,4096,8192,linear_attention,,,"[4096,5120]","[4096,5120]","[3,4096]","[4096,5120]","[4096,5120]",False,False,False,,,,0,0,4308572825648795,4308572829070537,
input2_layer30,,,,20260729T050800Z-fx-89687ae2-R032,pra2026-bh408@3d036144-16-32K-row0-greedy1024,3d03614452cd0a925abc82a7686560ff80252dfa,0,rank0,HCU0:TCA23906041001,chatcmpl-bench-7f1746b7-0-9eeec82b-9c959c99,2,2,30,0,prefill_chunk,4096,4096,4096,8192,linear_attention,,,"[4096,5120]","[4096,5120]","[3,4096]","[4096,5120]","[4096,5120]",False,False,False,,,,0,0,4308572831116406,4308572834543438,
input2_layer31,selected:03,chatcmpl-bench-7f1746b7-0-9eeec82b|s2|f2|l31|o0,20260729T050800Z-fx-89687ae2-R02,20260729T050800Z-fx-89687ae2-R032,pra2026-bh408@3d036144-16-32K-row0-greedy1024,3d03614452cd0a925abc82a7686560ff80252dfa,0,rank0,HCU0:TCA23906041001,chatcmpl-bench-7f1746b7-0-9eeec82b-9c959c99,2,2,31,0,prefill_chunk,4096,4096,4096,8192,full_attention,False,request_id:'chatcmpl-bench-7f1746b7-0-9eeec82b-9c959c99'!='chatcmpl-bench-7f1746b7-0-9eeec82b',"[4096,5120]","[4096,5120]","[3,4096]","[4096,5120]","[4096,5120]",True,True,True,ok,155,/public/home/tangyu408/Qwen_DCU_Worker_0/workload_profile/fx/traces/20260729T050800Z-fx-89687ae2-R032-qwen35-27b-eager-row0-hcu0/input2_layer31,4308572836378095,4308573131397818,4308573134208554,4308573137268742,
input2_layer32,,,,20260729T050800Z-fx-89687ae2-R032,pra2026-bh408@3d036144-16-32K-row0-greedy1024,3d03614452cd0a925abc82a7686560ff80252dfa,0,rank0,HCU0:TCA23906041001,chatcmpl-bench-7f1746b7-0-9eeec82b-9c959c99,2,2,32,0,prefill_chunk,4096,4096,4096,8192,linear_attention,,,"[4096,5120]","[4096,5120]","[3,4096]","[4096,5120]","[4096,5120]",False,False,False,,,,0,0,4308573139106760,4308573157618082,
input2_layer33,,,,20260729T050800Z-fx-89687ae2-R032,pra2026-bh408@3d036144-16-32K-row0-greedy1024,3d03614452cd0a925abc82a7686560ff80252dfa,0,rank0,HCU0:TCA23906041001,chatcmpl-bench-7f1746b7-0-9eeec82b-9c959c99,2,2,33,0,prefill_chunk,4096,4096,4096,8192,linear_attention,,,"[4096,5120]","[4096,5120]","[3,4096]","[4096,5120]","[4096,5120]",False,False,False,,,,0,0,4308573159766772,4308573163056782,
input2_layer34,,,,20260729T050800Z-fx-89687ae2-R032,pra2026-bh408@3d036144-16-32K-row0-greedy1024,3d03614452cd0a925abc82a7686560ff80252dfa,0,rank0,HCU0:TCA23906041001,chatcmpl-bench-7f1746b7-0-9eeec82b-9c959c99,2,2,34,0,prefill_chunk,4096,4096,4096,8192,linear_attention,,,"[4096,5120]","[4096,5120]","[3,4096]","[4096,5120]","[4096,5120]",False,False,False,,,,0,0,4308573164830809,4308573168116419,
input2_layer35,,,,20260729T050800Z-fx-89687ae2-R032,pra2026-bh408@3d036144-16-32K-row0-greedy1024,3d03614452cd0a925abc82a7686560ff80252dfa,0,rank0,HCU0:TCA23906041001,chatcmpl-bench-7f1746b7-0-9eeec82b-9c959c99,2,2,35,0,prefill_chunk,4096,4096,4096,8192,full_attention,,,"[4096,5120]","[4096,5120]","[3,4096]","[4096,5120]","[4096,5120]",False,False,False,,,,0,0,4308573169985677,4308573172211747,
input2_layer36,,,,20260729T050800Z-fx-89687ae2-R032,pra2026-bh408@3d036144-16-32K-row0-greedy1024,3d03614452cd0a925abc82a7686560ff80252dfa,0,rank0,HCU0:TCA23906041001,chatcmpl-bench-7f1746b7-0-9eeec82b-9c959c99,2,2,36,0,prefill_chunk,4096,4096,4096,8192,linear_attention,,,"[4096,5120]","[4096,5120]","[3,4096]","[4096,5120]","[4096,5120]",False,False,False,,,,0,0,4308573174507309,4308573177805919,
input2_layer37,,,,20260729T050800Z-fx-89687ae2-R032,pra2026-bh408@3d036144-16-32K-row0-greedy1024,3d03614452cd0a925abc82a7686560ff80252dfa,0,rank0,HCU0:TCA23906041001,chatcmpl-bench-7f1746b7-0-9eeec82b-9c959c99,2,2,37,0,prefill_chunk,4096,4096,4096,8192,linear_attention,,,"[4096,5120]","[4096,5120]","[3,4096]","[4096,5120]","[4096,5120]",False,False,False,,,,0,0,4308573179673727,4308573182972337,
input2_layer38,,,,20260729T050800Z-fx-89687ae2-R032,pra2026-bh408@3d036144-16-32K-row0-greedy1024,3d03614452cd0a925abc82a7686560ff80252dfa,0,rank0,HCU0:TCA23906041001,chatcmpl-bench-7f1746b7-0-9eeec82b-9c959c99,2,2,38,0,prefill_chunk,4096,4096,4096,8192,linear_attention,,,"[4096,5120]","[4096,5120]","[3,4096]","[4096,5120]","[4096,5120]",False,False,False,,,,0,0,4308573184496231,4308573187805102,
input2_layer39,,,,20260729T050800Z-fx-89687ae2-R032,pra2026-bh408@3d036144-16-32K-row0-greedy1024,3d03614452cd0a925abc82a7686560ff80252dfa,0,rank0,HCU0:TCA23906041001,chatcmpl-bench-7f1746b7-0-9eeec82b-9c959c99,2,2,39,0,prefill_chunk,4096,4096,4096,8192,full_attention,,,"[4096,5120]","[4096,5120]","[3,4096]","[4096,5120]","[4096,5120]",False,False,False,,,,0,0,4308573189489698,4308573191703738,
input2_layer40,,,,20260729T050800Z-fx-89687ae2-R032,pra2026-bh408@3d036144-16-32K-row0-greedy1024,3d03614452cd0a925abc82a7686560ff80252dfa,0,rank0,HCU0:TCA23906041001,chatcmpl-bench-7f1746b7-0-9eeec82b-9c959c99,2,2,40,0,prefill_chunk,4096,4096,4096,8192,linear_attention,,,"[4096,5120]","[4096,5120]","[3,4096]","[4096,5120]","[4096,5120]",False,False,False,,,,0,0,4308573193324854,4308573196661725,
input2_layer41,,,,20260729T050800Z-fx-89687ae2-R032,pra2026-bh408@3d036144-16-32K-row0-greedy1024,3d03614452cd0a925abc82a7686560ff80252dfa,0,rank0,HCU0:TCA23906041001,chatcmpl-bench-7f1746b7-0-9eeec82b-9c959c99,2,2,41,0,prefill_chunk,4096,4096,4096,8192,linear_attention,,,"[4096,5120]","[4096,5120]","[3,4096]","[4096,5120]","[4096,5120]",False,False,False,,,,0,0,4308573198434851,4308573201761662,
input2_layer42,,,,20260729T050800Z-fx-89687ae2-R032,pra2026-bh408@3d036144-16-32K-row0-greedy1024,3d03614452cd0a925abc82a7686560ff80252dfa,0,rank0,HCU0:TCA23906041001,chatcmpl-bench-7f1746b7-0-9eeec82b-9c959c99,2,2,42,0,prefill_chunk,4096,4096,4096,8192,linear_attention,,,"[4096,5120]","[4096,5120]","[3,4096]","[4096,5120]","[4096,5120]",False,False,False,,,,0,0,4308573203448458,4308573206796659,
input2_layer43,,,,20260729T050800Z-fx-89687ae2-R032,pra2026-bh408@3d036144-16-32K-row0-greedy1024,3d03614452cd0a925abc82a7686560ff80252dfa,0,rank0,HCU0:TCA23906041001,chatcmpl-bench-7f1746b7-0-9eeec82b-9c959c99,2,2,43,0,prefill_chunk,4096,4096,4096,8192,full_attention,,,"[4096,5120]","[4096,5120]","[3,4096]","[4096,5120]","[4096,5120]",False,False,False,,,,0,0,4308573208595436,4308573210820056,
input2_layer44,,,,20260729T050800Z-fx-89687ae2-R032,pra2026-bh408@3d036144-16-32K-row0-greedy1024,3d03614452cd0a925abc82a7686560ff80252dfa,0,rank0,HCU0:TCA23906041001,chatcmpl-bench-7f1746b7-0-9eeec82b-9c959c99,2,2,44,0,prefill_chunk,4096,4096,4096,8192,linear_attention,,,"[4096,5120]","[4096,5120]","[3,4096]","[4096,5120]","[4096,5120]",False,False,False,,,,0,0,4308573212784604,4308573216129845,
input2_layer45,,,,20260729T050800Z-fx-89687ae2-R032,pra2026-bh408@3d036144-16-32K-row0-greedy1024,3d03614452cd0a925abc82a7686560ff80252dfa,0,rank0,HCU0:TCA23906041001,chatcmpl-bench-7f1746b7-0-9eeec82b-9c959c99,2,2,45,0,prefill_chunk,4096,4096,4096,8192,linear_attention,,,"[4096,5120]","[4096,5120]","[3,4096]","[4096,5120]","[4096,5120]",False,False,False,,,,0,0,4308573217778001,4308573221122682,
input2_layer46,,,,20260729T050800Z-fx-89687ae2-R032,pra2026-bh408@3d036144-16-32K-row0-greedy1024,3d03614452cd0a925abc82a7686560ff80252dfa,0,rank0,HCU0:TCA23906041001,chatcmpl-bench-7f1746b7-0-9eeec82b-9c959c99,2,2,46,0,prefill_chunk,4096,4096,4096,8192,linear_attention,,,"[4096,5120]","[4096,5120]","[3,4096]","[4096,5120]","[4096,5120]",False,False,False,,,,0,0,4308573222654806,4308573226006187,
input2_layer47,,,,20260729T050800Z-fx-89687ae2-R032,pra2026-bh408@3d036144-16-32K-row0-greedy1024,3d03614452cd0a925abc82a7686560ff80252dfa,0,rank0,HCU0:TCA23906041001,chatcmpl-bench-7f1746b7-0-9eeec82b-9c959c99,2,2,47,0,prefill_chunk,4096,4096,4096,8192,full_attention,,,"[4096,5120]","[4096,5120]","[3,4096]","[4096,5120]","[4096,5120]",False,False,False,,,,0,0,4308573227950705,4308573230207606,
input2_layer48,,,,20260729T050800Z-fx-89687ae2-R032,pra2026-bh408@3d036144-16-32K-row0-greedy1024,3d03614452cd0a925abc82a7686560ff80252dfa,0,rank0,HCU0:TCA23906041001,chatcmpl-bench-7f1746b7-0-9eeec82b-9c959c99,2,2,48,0,prefill_chunk,4096,4096,4096,8192,linear_attention,,,"[4096,5120]","[4096,5120]","[3,4096]","[4096,5120]","[4096,5120]",False,False,False,,,,0,0,4308573231812361,4308573235207913,
input2_layer49,,,,20260729T050800Z-fx-89687ae2-R032,pra2026-bh408@3d036144-16-32K-row0-greedy1024,3d03614452cd0a925abc82a7686560ff80252dfa,0,rank0,HCU0:TCA23906041001,chatcmpl-bench-7f1746b7-0-9eeec82b-9c959c99,2,2,49,0,prefill_chunk,4096,4096,4096,8192,linear_attention,,,"[4096,5120]","[4096,5120]","[3,4096]","[4096,5120]","[4096,5120]",False,False,False,,,,0,0,4308573237173971,4308573240531872,
input2_layer50,,,,20260729T050800Z-fx-89687ae2-R032,pra2026-bh408@3d036144-16-32K-row0-greedy1024,3d03614452cd0a925abc82a7686560ff80252dfa,0,rank0,HCU0:TCA23906041001,chatcmpl-bench-7f1746b7-0-9eeec82b-9c959c99,2,2,50,0,prefill_chunk,4096,4096,4096,8192,linear_attention,,,"[4096,5120]","[4096,5120]","[3,4096]","[4096,5120]","[4096,5120]",False,False,False,,,,0,0,4308573242556671,4308573245989123,
input2_layer51,,,,20260729T050800Z-fx-89687ae2-R032,pra2026-bh408@3d036144-16-32K-row0-greedy1024,3d03614452cd0a925abc82a7686560ff80252dfa,0,rank0,HCU0:TCA23906041001,chatcmpl-bench-7f1746b7-0-9eeec82b-9c959c99,2,2,51,0,prefill_chunk,4096,4096,4096,8192,full_attention,,,"[4096,5120]","[4096,5120]","[3,4096]","[4096,5120]","[4096,5120]",False,False,False,,,,0,0,4308573247769440,4308573250044091,
input2_layer52,,,,20260729T050800Z-fx-89687ae2-R032,pra2026-bh408@3d036144-16-32K-row0-greedy1024,3d03614452cd0a925abc82a7686560ff80252dfa,0,rank0,HCU0:TCA23906041001,chatcmpl-bench-7f1746b7-0-9eeec82b-9c959c99,2,2,52,0,prefill_chunk,4096,4096,4096,8192,linear_attention,,,"[4096,5120]","[4096,5120]","[3,4096]","[4096,5120]","[4096,5120]",False,False,False,,,,0,0,4308573251600185,4308573255026497,
input2_layer53,,,,20260729T050800Z-fx-89687ae2-R032,pra2026-bh408@3d036144-16-32K-row0-greedy1024,3d03614452cd0a925abc82a7686560ff80252dfa,0,rank0,HCU0:TCA23906041001,chatcmpl-bench-7f1746b7-0-9eeec82b-9c959c99,2,2,53,0,prefill_chunk,4096,4096,4096,8192,linear_attention,,,"[4096,5120]","[4096,5120]","[3,4096]","[4096,5120]","[4096,5120]",False,False,False,,,,0,0,4308573256951835,4308573260360637,
input2_layer54,,,,20260729T050800Z-fx-89687ae2-R032,pra2026-bh408@3d036144-16-32K-row0-greedy1024,3d03614452cd0a925abc82a7686560ff80252dfa,0,rank0,HCU0:TCA23906041001,chatcmpl-bench-7f1746b7-0-9eeec82b-9c959c99,2,2,54,0,prefill_chunk,4096,4096,4096,8192,linear_attention,,,"[4096,5120]","[4096,5120]","[3,4096]","[4096,5120]","[4096,5120]",False,False,False,,,,0,0,4308573262339745,4308573265727577,
input2_layer55,,,,20260729T050800Z-fx-89687ae2-R032,pra2026-bh408@3d036144-16-32K-row0-greedy1024,3d03614452cd0a925abc82a7686560ff80252dfa,0,rank0,HCU0:TCA23906041001,chatcmpl-bench-7f1746b7-0-9eeec82b-9c959c99,2,2,55,0,prefill_chunk,4096,4096,4096,8192,full_attention,,,"[4096,5120]","[4096,5120]","[3,4096]","[4096,5120]","[4096,5120]",False,False,False,,,,0,0,4308573268151959,4308573270452581,
input2_layer56,,,,20260729T050800Z-fx-89687ae2-R032,pra2026-bh408@3d036144-16-32K-row0-greedy1024,3d03614452cd0a925abc82a7686560ff80252dfa,0,rank0,HCU0:TCA23906041001,chatcmpl-bench-7f1746b7-0-9eeec82b-9c959c99,2,2,56,0,prefill_chunk,4096,4096,4096,8192,linear_attention,,,"[4096,5120]","[4096,5120]","[3,4096]","[4096,5120]","[4096,5120]",False,False,False,,,,0,0,4308573272341808,4308573275746380,
input2_layer57,,,,20260729T050800Z-fx-89687ae2-R032,pra2026-bh408@3d036144-16-32K-row0-greedy1024,3d03614452cd0a925abc82a7686560ff80252dfa,0,rank0,HCU0:TCA23906041001,chatcmpl-bench-7f1746b7-0-9eeec82b-9c959c99,2,2,57,0,prefill_chunk,4096,4096,4096,8192,linear_attention,,,"[4096,5120]","[4096,5120]","[3,4096]","[4096,5120]","[4096,5120]",False,False,False,,,,0,0,4308573277657708,4308573281062479,
input2_layer58,,,,20260729T050800Z-fx-89687ae2-R032,pra2026-bh408@3d036144-16-32K-row0-greedy1024,3d03614452cd0a925abc82a7686560ff80252dfa,0,rank0,HCU0:TCA23906041001,chatcmpl-bench-7f1746b7-0-9eeec82b-9c959c99,2,2,58,0,prefill_chunk,4096,4096,4096,8192,linear_attention,,,"[4096,5120]","[4096,5120]","[3,4096]","[4096,5120]","[4096,5120]",False,False,False,,,,0,0,4308573283227219,4308573286645461,
input2_layer59,,,,20260729T050800Z-fx-89687ae2-R032,pra2026-bh408@3d036144-16-32K-row0-greedy1024,3d03614452cd0a925abc82a7686560ff80252dfa,0,rank0,HCU0:TCA23906041001,chatcmpl-bench-7f1746b7-0-9eeec82b-9c959c99,2,2,59,0,prefill_chunk,4096,4096,4096,8192,full_attention,,,"[4096,5120]","[4096,5120]","[3,4096]","[4096,5120]","[4096,5120]",False,False,False,,,,0,0,4308573288526379,4308573290818300,
input2_layer60,,,,20260729T050800Z-fx-89687ae2-R032,pra2026-bh408@3d036144-16-32K-row0-greedy1024,3d03614452cd0a925abc82a7686560ff80252dfa,0,rank0,HCU0:TCA23906041001,chatcmpl-bench-7f1746b7-0-9eeec82b-9c959c99,2,2,60,0,prefill_chunk,4096,4096,4096,8192,linear_attention,,,"[4096,5120]","[4096,5120]","[3,4096]","[4096,5120]","[4096,5120]",False,False,False,,,,0,0,4308573292582866,4308573296024088,
input2_layer61,,,,20260729T050800Z-fx-89687ae2-R032,pra2026-bh408@3d036144-16-32K-row0-greedy1024,3d03614452cd0a925abc82a7686560ff80252dfa,0,rank0,HCU0:TCA23906041001,chatcmpl-bench-7f1746b7-0-9eeec82b-9c959c99,2,2,61,0,prefill_chunk,4096,4096,4096,8192,linear_attention,,,"[4096,5120]","[4096,5120]","[3,4096]","[4096,5120]","[4096,5120]",False,False,False,,,,0,0,4308573297874246,4308573301318278,
input2_layer62,,,,20260729T050800Z-fx-89687ae2-R032,pra2026-bh408@3d036144-16-32K-row0-greedy1024,3d03614452cd0a925abc82a7686560ff80252dfa,0,rank0,HCU0:TCA23906041001,chatcmpl-bench-7f1746b7-0-9eeec82b-9c959c99,2,2,62,0,prefill_chunk,4096,4096,4096,8192,linear_attention,,,"[4096,5120]","[4096,5120]","[3,4096]","[4096,5120]","[4096,5120]",False,False,False,,,,0,0,4308573303181195,4308573306608927,
input2_layer63,,,,20260729T050800Z-fx-89687ae2-R032,pra2026-bh408@3d036144-16-32K-row0-greedy1024,3d03614452cd0a925abc82a7686560ff80252dfa,0,rank0,HCU0:TCA23906041001,chatcmpl-bench-7f1746b7-0-9eeec82b-9c959c99,2,2,63,0,prefill_chunk,4096,4096,4096,8192,full_attention,,,"[4096,5120]","[4096,5120]","[3,4096]","[4096,5120]","[4096,5120]",False,False,False,,,,0,0,4308573308562885,4308573310873116,
input3_layer0,,,,20260729T050800Z-fx-89687ae2-R032,pra2026-bh408@3d036144-16-32K-row0-greedy1024,3d03614452cd0a925abc82a7686560ff80252dfa,0,rank0,HCU0:TCA23906041001,chatcmpl-bench-7f1746b7-0-9eeec82b-9c959c99,3,3,0,0,prefill_chunk,4096,4096,8192,12288,linear_attention,,,"[4096,5120]",null,"[3,4096]","[4096,5120]","[4096,5120]",False,False,False,,,,0,0,4308573606240582,4308573612355599,
input3_layer1,,,,20260729T050800Z-fx-89687ae2-R032,pra2026-bh408@3d036144-16-32K-row0-greedy1024,3d03614452cd0a925abc82a7686560ff80252dfa,0,rank0,HCU0:TCA23906041001,chatcmpl-bench-7f1746b7-0-9eeec82b-9c959c99,3,3,1,0,prefill_chunk,4096,4096,8192,12288,linear_attention,,,"[4096,5120]","[4096,5120]","[3,4096]","[4096,5120]","[4096,5120]",False,False,False,,,,0,0,4308573614924743,4308573626851204,
input3_layer2,,,,20260729T050800Z-fx-89687ae2-R032,pra2026-bh408@3d036144-16-32K-row0-greedy1024,3d03614452cd0a925abc82a7686560ff80252dfa,0,rank0,HCU0:TCA23906041001,chatcmpl-bench-7f1746b7-0-9eeec82b-9c959c99,3,3,2,0,prefill_chunk,4096,4096,8192,12288,linear_attention,,,"[4096,5120]","[4096,5120]","[3,4096]","[4096,5120]","[4096,5120]",False,False,False,,,,0,0,4308573629075074,4308573632387055,
input3_layer3,,,,20260729T050800Z-fx-89687ae2-R032,pra2026-bh408@3d036144-16-32K-row0-greedy1024,3d03614452cd0a925abc82a7686560ff80252dfa,0,rank0,HCU0:TCA23906041001,chatcmpl-bench-7f1746b7-0-9eeec82b-9c959c99,3,3,3,0,prefill_chunk,4096,4096,8192,12288,full_attention,,,"[4096,5120]","[4096,5120]","[3,4096]","[4096,5120]","[4096,5120]",False,False,False,,,,0,0,4308573634513905,4308573651615994,
input3_layer4,,,,20260729T050800Z-fx-89687ae2-R032,pra2026-bh408@3d036144-16-32K-row0-greedy1024,3d03614452cd0a925abc82a7686560ff80252dfa,0,rank0,HCU0:TCA23906041001,chatcmpl-bench-7f1746b7-0-9eeec82b-9c959c99,3,3,4,0,prefill_chunk,4096,4096,8192,12288,linear_attention,,,"[4096,5120]","[4096,5120]","[3,4096]","[4096,5120]","[4096,5120]",False,False,False,,,,0,0,4308573654133047,4308573657685400,
input3_layer5,,,,20260729T050800Z-fx-89687ae2-R032,pra2026-bh408@3d036144-16-32K-row0-greedy1024,3d03614452cd0a925abc82a7686560ff80252dfa,0,rank0,HCU0:TCA23906041001,chatcmpl-bench-7f1746b7-0-9eeec82b-9c959c99,3,3,5,0,prefill_chunk,4096,4096,8192,12288,linear_attention,,,"[4096,5120]","[4096,5120]","[3,4096]","[4096,5120]","[4096,5120]",False,False,False,,,,0,0,4308573659938731,4308573663391953,
input3_layer6,,,,20260729T050800Z-fx-89687ae2-R032,pra2026-bh408@3d036144-16-32K-row0-greedy1024,3d03614452cd0a925abc82a7686560ff80252dfa,0,rank0,HCU0:TCA23906041001,chatcmpl-bench-7f1746b7-0-9eeec82b-9c959c99,3,3,6,0,prefill_chunk,4096,4096,8192,12288,linear_attention,,,"[4096,5120]","[4096,5120]","[3,4096]","[4096,5120]","[4096,5120]",False,False,False,,,,0,0,4308573665339592,4308573668758963,
input3_layer7,,,,20260729T050800Z-fx-89687ae2-R032,pra2026-bh408@3d036144-16-32K-row0-greedy1024,3d03614452cd0a925abc82a7686560ff80252dfa,0,rank0,HCU0:TCA23906041001,chatcmpl-bench-7f1746b7-0-9eeec82b-9c959c99,3,3,7,0,prefill_chunk,4096,4096,8192,12288,full_attention,,,"[4096,5120]","[4096,5120]","[3,4096]","[4096,5120]","[4096,5120]",False,False,False,,,,0,0,4308573671112005,4308573673409867,
input3_layer8,,,,20260729T050800Z-fx-89687ae2-R032,pra2026-bh408@3d036144-16-32K-row0-greedy1024,3d03614452cd0a925abc82a7686560ff80252dfa,0,rank0,HCU0:TCA23906041001,chatcmpl-bench-7f1746b7-0-9eeec82b-9c959c99,3,3,8,0,prefill_chunk,4096,4096,8192,12288,linear_attention,,,"[4096,5120]","[4096,5120]","[3,4096]","[4096,5120]","[4096,5120]",False,False,False,,,,0,0,4308573675523446,4308573678941038,
input3_layer9,,,,20260729T050800Z-fx-89687ae2-R032,pra2026-bh408@3d036144-16-32K-row0-greedy1024,3d03614452cd0a925abc82a7686560ff80252dfa,0,rank0,HCU0:TCA23906041001,chatcmpl-bench-7f1746b7-0-9eeec82b-9c959c99,3,3,9,0,prefill_chunk,4096,4096,8192,12288,linear_attention,,,"[4096,5120]","[4096,5120]","[3,4096]","[4096,5120]","[4096,5120]",False,False,False,,,,0,0,4308573681061848,4308573684463559,
input3_layer10,,,,20260729T050800Z-fx-89687ae2-R032,pra2026-bh408@3d036144-16-32K-row0-greedy1024,3d03614452cd0a925abc82a7686560ff80252dfa,0,rank0,HCU0:TCA23906041001,chatcmpl-bench-7f1746b7-0-9eeec82b-9c959c99,3,3,10,0,prefill_chunk,4096,4096,8192,12288,linear_attention,,,"[4096,5120]","[4096,5120]","[3,4096]","[4096,5120]","[4096,5120]",False,False,False,,,,0,0,4308573686558069,4308573689948440,
input3_layer11,,,,20260729T050800Z-fx-89687ae2-R032,pra2026-bh408@3d036144-16-32K-row0-greedy1024,3d03614452cd0a925abc82a7686560ff80252dfa,0,rank0,HCU0:TCA23906041001,chatcmpl-bench-7f1746b7-0-9eeec82b-9c959c99,3,3,11,0,prefill_chunk,4096,4096,8192,12288,full_attention,,,"[4096,5120]","[4096,5120]","[3,4096]","[4096,5120]","[4096,5120]",False,False,False,,,,0,0,4308573692177101,4308573694480823,
input3_layer12,,,,20260729T050800Z-fx-89687ae2-R032,pra2026-bh408@3d036144-16-32K-row0-greedy1024,3d03614452cd0a925abc82a7686560ff80252dfa,0,rank0,HCU0:TCA23906041001,chatcmpl-bench-7f1746b7-0-9eeec82b-9c959c99,3,3,12,0,prefill_chunk,4096,4096,8192,12288,linear_attention,,,"[4096,5120]","[4096,5120]","[3,4096]","[4096,5120]","[4096,5120]",False,False,False,,,,0,0,4308573696641203,4308573700076754,
input3_layer13,,,,20260729T050800Z-fx-89687ae2-R032,pra2026-bh408@3d036144-16-32K-row0-greedy1024,3d03614452cd0a925abc82a7686560ff80252dfa,0,rank0,HCU0:TCA23906041001,chatcmpl-bench-7f1746b7-0-9eeec82b-9c959c99,3,3,13,0,prefill_chunk,4096,4096,8192,12288,linear_attention,,,"[4096,5120]","[4096,5120]","[3,4096]","[4096,5120]","[4096,5120]",False,False,False,,,,0,0,4308573702583818,4308573705991199,
input3_layer14,,,,20260729T050800Z-fx-89687ae2-R032,pra2026-bh408@3d036144-16-32K-row0-greedy1024,3d03614452cd0a925abc82a7686560ff80252dfa,0,rank0,HCU0:TCA23906041001,chatcmpl-bench-7f1746b7-0-9eeec82b-9c959c99,3,3,14,0,prefill_chunk,4096,4096,8192,12288,linear_attention,,,"[4096,5120]","[4096,5120]","[3,4096]","[4096,5120]","[4096,5120]",False,False,False,,,,0,0,4308573707818007,4308573711247218,
input3_layer15,,,,20260729T050800Z-fx-89687ae2-R032,pra2026-bh408@3d036144-16-32K-row0-greedy1024,3d03614452cd0a925abc82a7686560ff80252dfa,0,rank0,HCU0:TCA23906041001,chatcmpl-bench-7f1746b7-0-9eeec82b-9c959c99,3,3,15,0,prefill_chunk,4096,4096,8192,12288,full_attention,,,"[4096,5120]","[4096,5120]","[3,4096]","[4096,5120]","[4096,5120]",False,False,False,,,,0,0,4308573713412729,4308573715688440,
input3_layer16,,,,20260729T050800Z-fx-89687ae2-R032,pra2026-bh408@3d036144-16-32K-row0-greedy1024,3d03614452cd0a925abc82a7686560ff80252dfa,0,rank0,HCU0:TCA23906041001,chatcmpl-bench-7f1746b7-0-9eeec82b-9c959c99,3,3,16,0,prefill_chunk,4096,4096,8192,12288,linear_attention,,,"[4096,5120]","[4096,5120]","[3,4096]","[4096,5120]","[4096,5120]",False,False,False,,,,0,0,4308573717448406,4308573720887458,
input3_layer17,,,,20260729T050800Z-fx-89687ae2-R032,pra2026-bh408@3d036144-16-32K-row0-greedy1024,3d03614452cd0a925abc82a7686560ff80252dfa,0,rank0,HCU0:TCA23906041001,chatcmpl-bench-7f1746b7-0-9eeec82b-9c959c99,3,3,17,0,prefill_chunk,4096,4096,8192,12288,linear_attention,,,"[4096,5120]","[4096,5120]","[3,4096]","[4096,5120]","[4096,5120]",False,False,False,,,,0,0,4308573723129659,4308573726739792,
input3_layer18,,,,20260729T050800Z-fx-89687ae2-R032,pra2026-bh408@3d036144-16-32K-row0-greedy1024,3d03614452cd0a925abc82a7686560ff80252dfa,0,rank0,HCU0:TCA23906041001,chatcmpl-bench-7f1746b7-0-9eeec82b-9c959c99,3,3,18,0,prefill_chunk,4096,4096,8192,12288,linear_attention,,,"[4096,5120]","[4096,5120]","[3,4096]","[4096,5120]","[4096,5120]",False,False,False,,,,0,0,4308573731418406,4308573734850108,
input3_layer19,,,,20260729T050800Z-fx-89687ae2-R032,pra2026-bh408@3d036144-16-32K-row0-greedy1024,3d03614452cd0a925abc82a7686560ff80252dfa,0,rank0,HCU0:TCA23906041001,chatcmpl-bench-7f1746b7-0-9eeec82b-9c959c99,3,3,19,0,prefill_chunk,4096,4096,8192,12288,full_attention,,,"[4096,5120]","[4096,5120]","[3,4096]","[4096,5120]","[4096,5120]",False,False,False,,,,0,0,4308573736598114,4308573738918666,
input3_layer20,,,,20260729T050800Z-fx-89687ae2-R032,pra2026-bh408@3d036144-16-32K-row0-greedy1024,3d03614452cd0a925abc82a7686560ff80252dfa,0,rank0,HCU0:TCA23906041001,chatcmpl-bench-7f1746b7-0-9eeec82b-9c959c99,3,3,20,0,prefill_chunk,4096,4096,8192,12288,linear_attention,,,"[4096,5120]","[4096,5120]","[3,4096]","[4096,5120]","[4096,5120]",False,False,False,,,,0,0,4308573741100586,4308573744567638,
input3_layer21,,,,20260729T050800Z-fx-89687ae2-R032,pra2026-bh408@3d036144-16-32K-row0-greedy1024,3d03614452cd0a925abc82a7686560ff80252dfa,0,rank0,HCU0:TCA23906041001,chatcmpl-bench-7f1746b7-0-9eeec82b-9c959c99,3,3,21,0,prefill_chunk,4096,4096,8192,12288,linear_attention,,,"[4096,5120]","[4096,5120]","[3,4096]","[4096,5120]","[4096,5120]",False,False,False,,,,0,0,4308573746665728,4308573750103150,
input3_layer22,,,,20260729T050800Z-fx-89687ae2-R032,pra2026-bh408@3d036144-16-32K-row0-greedy1024,3d03614452cd0a925abc82a7686560ff80252dfa,0,rank0,HCU0:TCA23906041001,chatcmpl-bench-7f1746b7-0-9eeec82b-9c959c99,3,3,22,0,prefill_chunk,4096,4096,8192,12288,linear_attention,,,"[4096,5120]","[4096,5120]","[3,4096]","[4096,5120]","[4096,5120]",False,False,False,,,,0,0,4308573752083028,4308573755537290,
input3_layer23,,,,20260729T050800Z-fx-89687ae2-R032,pra2026-bh408@3d036144-16-32K-row0-greedy1024,3d03614452cd0a925abc82a7686560ff80252dfa,0,rank0,HCU0:TCA23906041001,chatcmpl-bench-7f1746b7-0-9eeec82b-9c959c99,3,3,23,0,prefill_chunk,4096,4096,8192,12288,full_attention,,,"[4096,5120]","[4096,5120]","[3,4096]","[4096,5120]","[4096,5120]",False,False,False,,,,0,0,4308573757533139,4308573759834960,
input3_layer24,,,,20260729T050800Z-fx-89687ae2-R032,pra2026-bh408@3d036144-16-32K-row0-greedy1024,3d03614452cd0a925abc82a7686560ff80252dfa,0,rank0,HCU0:TCA23906041001,chatcmpl-bench-7f1746b7-0-9eeec82b-9c959c99,3,3,24,0,prefill_chunk,4096,4096,8192,12288,linear_attention,,,"[4096,5120]","[4096,5120]","[3,4096]","[4096,5120]","[4096,5120]",False,False,False,,,,0,0,4308573761752238,4308573765382752,
input3_layer25,,,,20260729T050800Z-fx-89687ae2-R032,pra2026-bh408@3d036144-16-32K-row0-greedy1024,3d03614452cd0a925abc82a7686560ff80252dfa,0,rank0,HCU0:TCA23906041001,chatcmpl-bench-7f1746b7-0-9eeec82b-9c959c99,3,3,25,0,prefill_chunk,4096,4096,8192,12288,linear_attention,,,"[4096,5120]","[4096,5120]","[3,4096]","[4096,5120]","[4096,5120]",False,False,False,,,,0,0,4308573767440581,4308573770977324,
input3_layer26,,,,20260729T050800Z-fx-89687ae2-R032,pra2026-bh408@3d036144-16-32K-row0-greedy1024,3d03614452cd0a925abc82a7686560ff80252dfa,0,rank0,HCU0:TCA23906041001,chatcmpl-bench-7f1746b7-0-9eeec82b-9c959c99,3,3,26,0,prefill_chunk,4096,4096,8192,12288,linear_attention,,,"[4096,5120]","[4096,5120]","[3,4096]","[4096,5120]","[4096,5120]",False,False,False,,,,0,0,4308573772865241,4308573776395764,
input3_layer27,,,,20260729T050800Z-fx-89687ae2-R032,pra2026-bh408@3d036144-16-32K-row0-greedy1024,3d03614452cd0a925abc82a7686560ff80252dfa,0,rank0,HCU0:TCA23906041001,chatcmpl-bench-7f1746b7-0-9eeec82b-9c959c99,3,3,27,0,prefill_chunk,4096,4096,8192,12288,full_attention,,,"[4096,5120]","[4096,5120]","[3,4096]","[4096,5120]","[4096,5120]",False,False,False,,,,0,0,4308573778456213,4308573780813945,
input3_layer28,,,,20260729T050800Z-fx-89687ae2-R032,pra2026-bh408@3d036144-16-32K-row0-greedy1024,3d03614452cd0a925abc82a7686560ff80252dfa,0,rank0,HCU0:TCA23906041001,chatcmpl-bench-7f1746b7-0-9eeec82b-9c959c99,3,3,28,0,prefill_chunk,4096,4096,8192,12288,linear_attention,,,"[4096,5120]","[4096,5120]","[3,4096]","[4096,5120]","[4096,5120]",False,False,False,,,,0,0,4308573782789043,4308573786324646,
input3_layer29,,,,20260729T050800Z-fx-89687ae2-R032,pra2026-bh408@3d036144-16-32K-row0-greedy1024,3d03614452cd0a925abc82a7686560ff80252dfa,0,rank0,HCU0:TCA23906041001,chatcmpl-bench-7f1746b7-0-9eeec82b-9c959c99,3,3,29,0,prefill_chunk,4096,4096,8192,12288,linear_attention,,,"[4096,5120]","[4096,5120]","[3,4096]","[4096,5120]","[4096,5120]",False,False,False,,,,0,0,4308573788332795,4308573791824737,
input3_layer30,,,,20260729T050800Z-fx-89687ae2-R032,pra2026-bh408@3d036144-16-32K-row0-greedy1024,3d03614452cd0a925abc82a7686560ff80252dfa,0,rank0,HCU0:TCA23906041001,chatcmpl-bench-7f1746b7-0-9eeec82b-9c959c99,3,3,30,0,prefill_chunk,4096,4096,8192,12288,linear_attention,,,"[4096,5120]","[4096,5120]","[3,4096]","[4096,5120]","[4096,5120]",False,False,False,,,,0,0,4308573793957567,4308573797453580,
input3_layer31,,,,20260729T050800Z-fx-89687ae2-R032,pra2026-bh408@3d036144-16-32K-row0-greedy1024,3d03614452cd0a925abc82a7686560ff80252dfa,0,rank0,HCU0:TCA23906041001,chatcmpl-bench-7f1746b7-0-9eeec82b-9c959c99,3,3,31,0,prefill_chunk,4096,4096,8192,12288,full_attention,,,"[4096,5120]","[4096,5120]","[3,4096]","[4096,5120]","[4096,5120]",False,False,False,,,,0,0,4308573799387658,4308573801741720,
input3_layer32,,,,20260729T050800Z-fx-89687ae2-R032,pra2026-bh408@3d036144-16-32K-row0-greedy1024,3d03614452cd0a925abc82a7686560ff80252dfa,0,rank0,HCU0:TCA23906041001,chatcmpl-bench-7f1746b7-0-9eeec82b-9c959c99,3,3,32,0,prefill_chunk,4096,4096,8192,12288,linear_attention,,,"[4096,5120]","[4096,5120]","[3,4096]","[4096,5120]","[4096,5120]",False,False,False,,,,0,0,4308573803483306,4308573806998949,
input3_layer33,,,,20260729T050800Z-fx-89687ae2-R032,pra2026-bh408@3d036144-16-32K-row0-greedy1024,3d03614452cd0a925abc82a7686560ff80252dfa,0,rank0,HCU0:TCA23906041001,chatcmpl-bench-7f1746b7-0-9eeec82b-9c959c99,3,3,33,0,prefill_chunk,4096,4096,8192,12288,linear_attention,,,"[4096,5120]","[4096,5120]","[3,4096]","[4096,5120]","[4096,5120]",False,False,False,,,,0,0,4308573808699114,4308573812216717,
input3_layer34,,,,20260729T050800Z-fx-89687ae2-R032,pra2026-bh408@3d036144-16-32K-row0-greedy1024,3d03614452cd0a925abc82a7686560ff80252dfa,0,rank0,HCU0:TCA23906041001,chatcmpl-bench-7f1746b7-0-9eeec82b-9c959c99,3,3,34,0,prefill_chunk,4096,4096,8192,12288,linear_attention,,,"[4096,5120]","[4096,5120]","[3,4096]","[4096,5120]","[4096,5120]",False,False,False,,,,0,0,4308573814232766,4308573817742328,
input3_layer35,,,,20260729T050800Z-fx-89687ae2-R032,pra2026-bh408@3d036144-16-32K-row0-greedy1024,3d03614452cd0a925abc82a7686560ff80252dfa,0,rank0,HCU0:TCA23906041001,chatcmpl-bench-7f1746b7-0-9eeec82b-9c959c99,3,3,35,0,prefill_chunk,4096,4096,8192,12288,full_attention,,,"[4096,5120]","[4096,5120]","[3,4096]","[4096,5120]","[4096,5120]",False,False,False,,,,0,0,4308573819683626,4308573822027268,
input3_layer36,,,,20260729T050800Z-fx-89687ae2-R032,pra2026-bh408@3d036144-16-32K-row0-greedy1024,3d03614452cd0a925abc82a7686560ff80252dfa,0,rank0,HCU0:TCA23906041001,chatcmpl-bench-7f1746b7-0-9eeec82b-9c959c99,3,3,36,0,prefill_chunk,4096,4096,8192,12288,linear_attention,,,"[4096,5120]","[4096,5120]","[3,4096]","[4096,5120]","[4096,5120]",False,False,False,,,,0,0,4308573823930746,4308573827510449,
input3_layer37,,,,20260729T050800Z-fx-89687ae2-R032,pra2026-bh408@3d036144-16-32K-row0-greedy1024,3d03614452cd0a925abc82a7686560ff80252dfa,0,rank0,HCU0:TCA23906041001,chatcmpl-bench-7f1746b7-0-9eeec82b-9c959c99,3,3,37,0,prefill_chunk,4096,4096,8192,12288,linear_attention,,,"[4096,5120]","[4096,5120]","[3,4096]","[4096,5120]","[4096,5120]",False,False,False,,,,0,0,4308573829585419,4308573833086861,
input3_layer38,,,,20260729T050800Z-fx-89687ae2-R032,pra2026-bh408@3d036144-16-32K-row0-greedy1024,3d03614452cd0a925abc82a7686560ff80252dfa,0,rank0,HCU0:TCA23906041001,chatcmpl-bench-7f1746b7-0-9eeec82b-9c959c99,3,3,38,0,prefill_chunk,4096,4096,8192,12288,linear_attention,,,"[4096,5120]","[4096,5120]","[3,4096]","[4096,5120]","[4096,5120]",False,False,False,,,,0,0,4308573834976909,4308573838509122,
input3_layer39,,,,20260729T050800Z-fx-89687ae2-R032,pra2026-bh408@3d036144-16-32K-row0-greedy1024,3d03614452cd0a925abc82a7686560ff80252dfa,0,rank0,HCU0:TCA23906041001,chatcmpl-bench-7f1746b7-0-9eeec82b-9c959c99,3,3,39,0,prefill_chunk,4096,4096,8192,12288,full_attention,,,"[4096,5120]","[4096,5120]","[3,4096]","[4096,5120]","[4096,5120]",False,False,False,,,,0,0,4308573840505740,4308573842875672,
input3_layer40,,,,20260729T050800Z-fx-89687ae2-R032,pra2026-bh408@3d036144-16-32K-row0-greedy1024,3d03614452cd0a925abc82a7686560ff80252dfa,0,rank0,HCU0:TCA23906041001,chatcmpl-bench-7f1746b7-0-9eeec82b-9c959c99,3,3,40,0,prefill_chunk,4096,4096,8192,12288,linear_attention,,,"[4096,5120]","[4096,5120]","[3,4096]","[4096,5120]","[4096,5120]",False,False,False,,,,0,0,4308573844697119,4308573848272682,
input3_layer41,,,,20260729T050800Z-fx-89687ae2-R032,pra2026-bh408@3d036144-16-32K-row0-greedy1024,3d03614452cd0a925abc82a7686560ff80252dfa,0,rank0,HCU0:TCA23906041001,chatcmpl-bench-7f1746b7-0-9eeec82b-9c959c99,3,3,41,0,prefill_chunk,4096,4096,8192,12288,linear_attention,,,"[4096,5120]","[4096,5120]","[3,4096]","[4096,5120]","[4096,5120]",False,False,False,,,,0,0,4308573849914128,4308573853457060,
input3_layer42,,,,20260729T050800Z-fx-89687ae2-R032,pra2026-bh408@3d036144-16-32K-row0-greedy1024,3d03614452cd0a925abc82a7686560ff80252dfa,0,rank0,HCU0:TCA23906041001,chatcmpl-bench-7f1746b7-0-9eeec82b-9c959c99,3,3,42,0,prefill_chunk,4096,4096,8192,12288,linear_attention,,,"[4096,5120]","[4096,5120]","[3,4096]","[4096,5120]","[4096,5120]",False,False,False,,,,0,0,4308573855553880,4308573859078793,
input3_layer43,,,,20260729T050800Z-fx-89687ae2-R032,pra2026-bh408@3d036144-16-32K-row0-greedy1024,3d03614452cd0a925abc82a7686560ff80252dfa,0,rank0,HCU0:TCA23906041001,chatcmpl-bench-7f1746b7-0-9eeec82b-9c959c99,3,3,43,0,prefill_chunk,4096,4096,8192,12288,full_attention,,,"[4096,5120]","[4096,5120]","[3,4096]","[4096,5120]","[4096,5120]",False,False,False,,,,0,0,4308573860995431,4308573863383903,
input3_layer44,,,,20260729T050800Z-fx-89687ae2-R032,pra2026-bh408@3d036144-16-32K-row0-greedy1024,3d03614452cd0a925abc82a7686560ff80252dfa,0,rank0,HCU0:TCA23906041001,chatcmpl-bench-7f1746b7-0-9eeec82b-9c959c99,3,3,44,0,prefill_chunk,4096,4096,8192,12288,linear_attention,,,"[4096,5120]","[4096,5120]","[3,4096]","[4096,5120]","[4096,5120]",False,False,False,,,,0,0,4308573865257260,4308573868829473,
input3_layer45,,,,20260729T050800Z-fx-89687ae2-R032,pra2026-bh408@3d036144-16-32K-row0-greedy1024,3d03614452cd0a925abc82a7686560ff80252dfa,0,rank0,HCU0:TCA23906041001,chatcmpl-bench-7f1746b7-0-9eeec82b-9c959c99,3,3,45,0,prefill_chunk,4096,4096,8192,12288,linear_attention,,,"[4096,5120]","[4096,5120]","[3,4096]","[4096,5120]","[4096,5120]",False,False,False,,,,0,0,4308573870710201,4308573874267244,
input3_layer46,,,,20260729T050800Z-fx-89687ae2-R032,pra2026-bh408@3d036144-16-32K-row0-greedy1024,3d03614452cd0a925abc82a7686560ff80252dfa,0,rank0,HCU0:TCA23906041001,chatcmpl-bench-7f1746b7-0-9eeec82b-9c959c99,3,3,46,0,prefill_chunk,4096,4096,8192,12288,linear_attention,,,"[4096,5120]","[4096,5120]","[3,4096]","[4096,5120]","[4096,5120]",False,False,False,,,,0,0,4308573876023080,4308573879579773,
input3_layer47,,,,20260729T050800Z-fx-89687ae2-R032,pra2026-bh408@3d036144-16-32K-row0-greedy1024,3d03614452cd0a925abc82a7686560ff80252dfa,0,rank0,HCU0:TCA23906041001,chatcmpl-bench-7f1746b7-0-9eeec82b-9c959c99,3,3,47,0,prefill_chunk,4096,4096,8192,12288,full_attention,,,"[4096,5120]","[4096,5120]","[3,4096]","[4096,5120]","[4096,5120]",False,False,False,,,,0,0,4308573881584212,4308573883987764,
input3_layer48,,,,20260729T050800Z-fx-89687ae2-R032,pra2026-bh408@3d036144-16-32K-row0-greedy1024,3d03614452cd0a925abc82a7686560ff80252dfa,0,rank0,HCU0:TCA23906041001,chatcmpl-bench-7f1746b7-0-9eeec82b-9c959c99,3,3,48,0,prefill_chunk,4096,4096,8192,12288,linear_attention,,,"[4096,5120]","[4096,5120]","[3,4096]","[4096,5120]","[4096,5120]",False,False,False,,,,0,0,4308573885666200,4308573889273253,
input3_layer49,,,,20260729T050800Z-fx-89687ae2-R032,pra2026-bh408@3d036144-16-32K-row0-greedy1024,3d03614452cd0a925abc82a7686560ff80252dfa,0,rank0,HCU0:TCA23906041001,chatcmpl-bench-7f1746b7-0-9eeec82b-9c959c99,3,3,49,0,prefill_chunk,4096,4096,8192,12288,linear_attention,,,"[4096,5120]","[4096,5120]","[3,4096]","[4096,5120]","[4096,5120]",False,False,False,,,,0,0,4308573891281192,4308573894860905,
input3_layer50,,,,20260729T050800Z-fx-89687ae2-R032,pra2026-bh408@3d036144-16-32K-row0-greedy1024,3d03614452cd0a925abc82a7686560ff80252dfa,0,rank0,HCU0:TCA23906041001,chatcmpl-bench-7f1746b7-0-9eeec82b-9c959c99,3,3,50,0,prefill_chunk,4096,4096,8192,12288,linear_attention,,,"[4096,5120]","[4096,5120]","[3,4096]","[4096,5120]","[4096,5120]",False,False,False,,,,0,0,4308573896767893,4308573900363167,
input3_layer51,,,,20260729T050800Z-fx-89687ae2-R032,pra2026-bh408@3d036144-16-32K-row0-greedy1024,3d03614452cd0a925abc82a7686560ff80252dfa,0,rank0,HCU0:TCA23906041001,chatcmpl-bench-7f1746b7-0-9eeec82b-9c959c99,3,3,51,0,prefill_chunk,4096,4096,8192,12288,full_attention,,,"[4096,5120]","[4096,5120]","[3,4096]","[4096,5120]","[4096,5120]",False,False,False,,,,0,0,4308573902157883,4308573904579266,
input3_layer52,,,,20260729T050800Z-fx-89687ae2-R032,pra2026-bh408@3d036144-16-32K-row0-greedy1024,3d03614452cd0a925abc82a7686560ff80252dfa,0,rank0,HCU0:TCA23906041001,chatcmpl-bench-7f1746b7-0-9eeec82b-9c959c99,3,3,52,0,prefill_chunk,4096,4096,8192,12288,linear_attention,,,"[4096,5120]","[4096,5120]","[3,4096]","[4096,5120]","[4096,5120]",False,False,False,,,,0,0,4308573906374402,4308573909978986,
input3_layer53,,,,20260729T050800Z-fx-89687ae2-R032,pra2026-bh408@3d036144-16-32K-row0-greedy1024,3d03614452cd0a925abc82a7686560ff80252dfa,0,rank0,HCU0:TCA23906041001,chatcmpl-bench-7f1746b7-0-9eeec82b-9c959c99,3,3,53,0,prefill_chunk,4096,4096,8192,12288,linear_attention,,,"[4096,5120]","[4096,5120]","[3,4096]","[4096,5120]","[4096,5120]",False,False,False,,,,0,0,4308573911843823,4308573915462457,
input3_layer54,,,,20260729T050800Z-fx-89687ae2-R032,pra2026-bh408@3d036144-16-32K-row0-greedy1024,3d03614452cd0a925abc82a7686560ff80252dfa,0,rank0,HCU0:TCA23906041001,chatcmpl-bench-7f1746b7-0-9eeec82b-9c959c99,3,3,54,0,prefill_chunk,4096,4096,8192,12288,linear_attention,,,"[4096,5120]","[4096,5120]","[3,4096]","[4096,5120]","[4096,5120]",False,False,False,,,,0,0,4308573917731198,4308573921369122,
input3_layer55,,,,20260729T050800Z-fx-89687ae2-R032,pra2026-bh408@3d036144-16-32K-row0-greedy1024,3d03614452cd0a925abc82a7686560ff80252dfa,0,rank0,HCU0:TCA23906041001,chatcmpl-bench-7f1746b7-0-9eeec82b-9c959c99,3,3,55,0,prefill_chunk,4096,4096,8192,12288,full_attention,,,"[4096,5120]","[4096,5120]","[3,4096]","[4096,5120]","[4096,5120]",False,False,False,,,,0,0,4308573923090378,4308573925517540,
input3_layer56,,,,20260729T050800Z-fx-89687ae2-R032,pra2026-bh408@3d036144-16-32K-row0-greedy1024,3d03614452cd0a925abc82a7686560ff80252dfa,0,rank0,HCU0:TCA23906041001,chatcmpl-bench-7f1746b7-0-9eeec82b-9c959c99,3,3,56,0,prefill_chunk,4096,4096,8192,12288,linear_attention,,,"[4096,5120]","[4096,5120]","[3,4096]","[4096,5120]","[4096,5120]",False,False,False,,,,0,0,4308573927305907,4308573930924821,
input3_layer57,,,,20260729T050800Z-fx-89687ae2-R032,pra2026-bh408@3d036144-16-32K-row0-greedy1024,3d03614452cd0a925abc82a7686560ff80252dfa,0,rank0,HCU0:TCA23906041001,chatcmpl-bench-7f1746b7-0-9eeec82b-9c959c99,3,3,57,0,prefill_chunk,4096,4096,8192,12288,linear_attention,,,"[4096,5120]","[4096,5120]","[3,4096]","[4096,5120]","[4096,5120]",False,False,False,,,,0,0,4308573932955560,4308573936585403,
input3_layer58,,,,20260729T050800Z-fx-89687ae2-R032,pra2026-bh408@3d036144-16-32K-row0-greedy1024,3d03614452cd0a925abc82a7686560ff80252dfa,0,rank0,HCU0:TCA23906041001,chatcmpl-bench-7f1746b7-0-9eeec82b-9c959c99,3,3,58,0,prefill_chunk,4096,4096,8192,12288,linear_attention,,,"[4096,5120]","[4096,5120]","[3,4096]","[4096,5120]","[4096,5120]",False,False,False,,,,0,0,4308573938649293,4308573942267136,
input3_layer59,,,,20260729T050800Z-fx-89687ae2-R032,pra2026-bh408@3d036144-16-32K-row0-greedy1024,3d03614452cd0a925abc82a7686560ff80252dfa,0,rank0,HCU0:TCA23906041001,chatcmpl-bench-7f1746b7-0-9eeec82b-9c959c99,3,3,59,0,prefill_chunk,4096,4096,8192,12288,full_attention,,,"[4096,5120]","[4096,5120]","[3,4096]","[4096,5120]","[4096,5120]",False,False,False,,,,0,0,4308573944103433,4308573946538996,
input3_layer60,,,,20260729T050800Z-fx-89687ae2-R032,pra2026-bh408@3d036144-16-32K-row0-greedy1024,3d03614452cd0a925abc82a7686560ff80252dfa,0,rank0,HCU0:TCA23906041001,chatcmpl-bench-7f1746b7-0-9eeec82b-9c959c99,3,3,60,0,prefill_chunk,4096,4096,8192,12288,linear_attention,,,"[4096,5120]","[4096,5120]","[3,4096]","[4096,5120]","[4096,5120]",False,False,False,,,,0,0,4308573951837365,4308573955493129,
input3_layer61,,,,20260729T050800Z-fx-89687ae2-R032,pra2026-bh408@3d036144-16-32K-row0-greedy1024,3d03614452cd0a925abc82a7686560ff80252dfa,0,rank0,HCU0:TCA23906041001,chatcmpl-bench-7f1746b7-0-9eeec82b-9c959c99,3,3,61,0,prefill_chunk,4096,4096,8192,12288,linear_attention,,,"[4096,5120]","[4096,5120]","[3,4096]","[4096,5120]","[4096,5120]",False,False,False,,,,0,0,4308573964974097,4308573968613181,
input3_layer62,,,,20260729T050800Z-fx-89687ae2-R032,pra2026-bh408@3d036144-16-32K-row0-greedy1024,3d03614452cd0a925abc82a7686560ff80252dfa,0,rank0,HCU0:TCA23906041001,chatcmpl-bench-7f1746b7-0-9eeec82b-9c959c99,3,3,62,0,prefill_chunk,4096,4096,8192,12288,linear_attention,,,"[4096,5120]","[4096,5120]","[3,4096]","[4096,5120]","[4096,5120]",False,False,False,,,,0,0,4308573972611558,4308573976242552,
input3_layer63,,,,20260729T050800Z-fx-89687ae2-R032,pra2026-bh408@3d036144-16-32K-row0-greedy1024,3d03614452cd0a925abc82a7686560ff80252dfa,0,rank0,HCU0:TCA23906041001,chatcmpl-bench-7f1746b7-0-9eeec82b-9c959c99,3,3,63,0,prefill_chunk,4096,4096,8192,12288,full_attention,,,"[4096,5120]","[4096,5120]","[3,4096]","[4096,5120]","[4096,5120]",False,False,False,,,,0,0,4308573978329371,4308573980766414,
input4_layer0,,,,20260729T050800Z-fx-89687ae2-R032,pra2026-bh408@3d036144-16-32K-row0-greedy1024,3d03614452cd0a925abc82a7686560ff80252dfa,0,rank0,HCU0:TCA23906041001,chatcmpl-bench-7f1746b7-0-9eeec82b-9c959c99,4,4,0,0,prefill_chunk,4096,4096,12288,16384,linear_attention,,,"[4096,5120]",null,"[3,4096]","[4096,5120]","[4096,5120]",False,False,False,,,,0,0,4308574559601524,4308574565807652,
input4_layer1,,,,20260729T050800Z-fx-89687ae2-R032,pra2026-bh408@3d036144-16-32K-row0-greedy1024,3d03614452cd0a925abc82a7686560ff80252dfa,0,rank0,HCU0:TCA23906041001,chatcmpl-bench-7f1746b7-0-9eeec82b-9c959c99,4,4,1,0,prefill_chunk,4096,4096,12288,16384,linear_attention,,,"[4096,5120]","[4096,5120]","[3,4096]","[4096,5120]","[4096,5120]",False,False,False,,,,0,0,4308574568444636,4308574571829208,
input4_layer2,,,,20260729T050800Z-fx-89687ae2-R032,pra2026-bh408@3d036144-16-32K-row0-greedy1024,3d03614452cd0a925abc82a7686560ff80252dfa,0,rank0,HCU0:TCA23906041001,chatcmpl-bench-7f1746b7-0-9eeec82b-9c959c99,4,4,2,0,prefill_chunk,4096,4096,12288,16384,linear_attention,,,"[4096,5120]","[4096,5120]","[3,4096]","[4096,5120]","[4096,5120]",False,False,False,,,,0,0,4308574573715785,4308574577046516,
input4_layer3,,,,20260729T050800Z-fx-89687ae2-R032,pra2026-bh408@3d036144-16-32K-row0-greedy1024,3d03614452cd0a925abc82a7686560ff80252dfa,0,rank0,HCU0:TCA23906041001,chatcmpl-bench-7f1746b7-0-9eeec82b-9c959c99,4,4,3,0,prefill_chunk,4096,4096,12288,16384,full_attention,,,"[4096,5120]","[4096,5120]","[3,4096]","[4096,5120]","[4096,5120]",False,False,False,,,,0,0,4308574578805442,4308574604311500,
input4_layer4,,,,20260729T050800Z-fx-89687ae2-R032,pra2026-bh408@3d036144-16-32K-row0-greedy1024,3d03614452cd0a925abc82a7686560ff80252dfa,0,rank0,HCU0:TCA23906041001,chatcmpl-bench-7f1746b7-0-9eeec82b-9c959c99,4,4,4,0,prefill_chunk,4096,4096,12288,16384,linear_attention,,,"[4096,5120]","[4096,5120]","[3,4096]","[4096,5120]","[4096,5120]",False,False,False,,,,0,0,4308574606287178,4308574609648669,
input4_layer5,,,,20260729T050800Z-fx-89687ae2-R032,pra2026-bh408@3d036144-16-32K-row0-greedy1024,3d03614452cd0a925abc82a7686560ff80252dfa,0,rank0,HCU0:TCA23906041001,chatcmpl-bench-7f1746b7-0-9eeec82b-9c959c99,4,4,5,0,prefill_chunk,4096,4096,12288,16384,linear_attention,,,"[4096,5120]","[4096,5120]","[3,4096]","[4096,5120]","[4096,5120]",False,False,False,,,,0,0,4308574611423496,4308574614763807,
input4_layer6,,,,20260729T050800Z-fx-89687ae2-R032,pra2026-bh408@3d036144-16-32K-row0-greedy1024,3d03614452cd0a925abc82a7686560ff80252dfa,0,rank0,HCU0:TCA23906041001,chatcmpl-bench-7f1746b7-0-9eeec82b-9c959c99,4,4,6,0,prefill_chunk,4096,4096,12288,16384,linear_attention,,,"[4096,5120]","[4096,5120]","[3,4096]","[4096,5120]","[4096,5120]",False,False,False,,,,0,0,4308574616478393,4308574619849584,
input4_layer7,,,,20260729T050800Z-fx-89687ae2-R032,pra2026-bh408@3d036144-16-32K-row0-greedy1024,3d03614452cd0a925abc82a7686560ff80252dfa,0,rank0,HCU0:TCA23906041001,chatcmpl-bench-7f1746b7-0-9eeec82b-9c959c99,4,4,7,0,prefill_chunk,4096,4096,12288,16384,full_attention,,,"[4096,5120]","[4096,5120]","[3,4096]","[4096,5120]","[4096,5120]",False,False,False,,,,0,0,4308574621656131,4308574623924942,
input4_layer8,,,,20260729T050800Z-fx-89687ae2-R032,pra2026-bh408@3d036144-16-32K-row0-greedy1024,3d03614452cd0a925abc82a7686560ff80252dfa,0,rank0,HCU0:TCA23906041001,chatcmpl-bench-7f1746b7-0-9eeec82b-9c959c99,4,4,8,0,prefill_chunk,4096,4096,12288,16384,linear_attention,,,"[4096,5120]","[4096,5120]","[3,4096]","[4096,5120]","[4096,5120]",False,False,False,,,,0,0,4308574625748599,4308574629138560,
input4_layer9,,,,20260729T050800Z-fx-89687ae2-R032,pra2026-bh408@3d036144-16-32K-row0-greedy1024,3d03614452cd0a925abc82a7686560ff80252dfa,0,rank0,HCU0:TCA23906041001,chatcmpl-bench-7f1746b7-0-9eeec82b-9c959c99,4,4,9,0,prefill_chunk,4096,4096,12288,16384,linear_attention,,,"[4096,5120]","[4096,5120]","[3,4096]","[4096,5120]","[4096,5120]",False,False,False,,,,0,0,4308574630824556,4308574634204207,
input4_layer10,,,,20260729T050800Z-fx-89687ae2-R032,pra2026-bh408@3d036144-16-32K-row0-greedy1024,3d03614452cd0a925abc82a7686560ff80252dfa,0,rank0,HCU0:TCA23906041001,chatcmpl-bench-7f1746b7-0-9eeec82b-9c959c99,4,4,10,0,prefill_chunk,4096,4096,12288,16384,linear_attention,,,"[4096,5120]","[4096,5120]","[3,4096]","[4096,5120]","[4096,5120]",False,False,False,,,,0,0,4308574635856143,4308574639252574,
input4_layer11,,,,20260729T050800Z-fx-89687ae2-R032,pra2026-bh408@3d036144-16-32K-row0-greedy1024,3d03614452cd0a925abc82a7686560ff80252dfa,0,rank0,HCU0:TCA23906041001,chatcmpl-bench-7f1746b7-0-9eeec82b-9c959c99,4,4,11,0,prefill_chunk,4096,4096,12288,16384,full_attention,,,"[4096,5120]","[4096,5120]","[3,4096]","[4096,5120]","[4096,5120]",False,False,False,,,,0,0,4308574640965620,4308574643227461,
input4_layer12,,,,20260729T050800Z-fx-89687ae2-R032,pra2026-bh408@3d036144-16-32K-row0-greedy1024,3d03614452cd0a925abc82a7686560ff80252dfa,0,rank0,HCU0:TCA23906041001,chatcmpl-bench-7f1746b7-0-9eeec82b-9c959c99,4,4,12,0,prefill_chunk,4096,4096,12288,16384,linear_attention,,,"[4096,5120]","[4096,5120]","[3,4096]","[4096,5120]","[4096,5120]",False,False,False,,,,0,0,4308574645054128,4308574648678952,
input4_layer13,,,,20260729T050800Z-fx-89687ae2-R032,pra2026-bh408@3d036144-16-32K-row0-greedy1024,3d03614452cd0a925abc82a7686560ff80252dfa,0,rank0,HCU0:TCA23906041001,chatcmpl-bench-7f1746b7-0-9eeec82b-9c959c99,4,4,13,0,prefill_chunk,4096,4096,12288,16384,linear_attention,,,"[4096,5120]","[4096,5120]","[3,4096]","[4096,5120]","[4096,5120]",False,False,False,,,,0,0,4308574650518139,4308574653906981,
input4_layer14,,,,20260729T050800Z-fx-89687ae2-R032,pra2026-bh408@3d036144-16-32K-row0-greedy1024,3d03614452cd0a925abc82a7686560ff80252dfa,0,rank0,HCU0:TCA23906041001,chatcmpl-bench-7f1746b7-0-9eeec82b-9c959c99,4,4,14,0,prefill_chunk,4096,4096,12288,16384,linear_attention,,,"[4096,5120]","[4096,5120]","[3,4096]","[4096,5120]","[4096,5120]",False,False,False,,,,0,0,4308574655489405,4308574658879487,
input4_layer15,,,,20260729T050800Z-fx-89687ae2-R032,pra2026-bh408@3d036144-16-32K-row0-greedy1024,3d03614452cd0a925abc82a7686560ff80252dfa,0,rank0,HCU0:TCA23906041001,chatcmpl-bench-7f1746b7-0-9eeec82b-9c959c99,4,4,15,0,prefill_chunk,4096,4096,12288,16384,full_attention,,,"[4096,5120]","[4096,5120]","[3,4096]","[4096,5120]","[4096,5120]",False,False,False,,,,0,0,4308574660540142,4308574662822884,
input4_layer16,,,,20260729T050800Z-fx-89687ae2-R032,pra2026-bh408@3d036144-16-32K-row0-greedy1024,3d03614452cd0a925abc82a7686560ff80252dfa,0,rank0,HCU0:TCA23906041001,chatcmpl-bench-7f1746b7-0-9eeec82b-9c959c99,4,4,16,0,prefill_chunk,4096,4096,12288,16384,linear_attention,,,"[4096,5120]","[4096,5120]","[3,4096]","[4096,5120]","[4096,5120]",False,False,False,,,,0,0,4308574664405468,4308574667818700,
input4_layer17,,,,20260729T050800Z-fx-89687ae2-R032,pra2026-bh408@3d036144-16-32K-row0-greedy1024,3d03614452cd0a925abc82a7686560ff80252dfa,0,rank0,HCU0:TCA23906041001,chatcmpl-bench-7f1746b7-0-9eeec82b-9c959c99,4,4,17,0,prefill_chunk,4096,4096,12288,16384,linear_attention,,,"[4096,5120]","[4096,5120]","[3,4096]","[4096,5120]","[4096,5120]",False,False,False,,,,0,0,4308574669657437,4308574673063909,
input4_layer18,,,,20260729T050800Z-fx-89687ae2-R032,pra2026-bh408@3d036144-16-32K-row0-greedy1024,3d03614452cd0a925abc82a7686560ff80252dfa,0,rank0,HCU0:TCA23906041001,chatcmpl-bench-7f1746b7-0-9eeec82b-9c959c99,4,4,18,0,prefill_chunk,4096,4096,12288,16384,linear_attention,,,"[4096,5120]","[4096,5120]","[3,4096]","[4096,5120]","[4096,5120]",False,False,False,,,,0,0,4308574674693974,4308574678108436,
input4_layer19,,,,20260729T050800Z-fx-89687ae2-R032,pra2026-bh408@3d036144-16-32K-row0-greedy1024,3d03614452cd0a925abc82a7686560ff80252dfa,0,rank0,HCU0:TCA23906041001,chatcmpl-bench-7f1746b7-0-9eeec82b-9c959c99,4,4,19,0,prefill_chunk,4096,4096,12288,16384,full_attention,,,"[4096,5120]","[4096,5120]","[3,4096]","[4096,5120]","[4096,5120]",False,False,False,,,,0,0,4308574679775341,4308574682057552,
input4_layer20,,,,20260729T050800Z-fx-89687ae2-R032,pra2026-bh408@3d036144-16-32K-row0-greedy1024,3d03614452cd0a925abc82a7686560ff80252dfa,0,rank0,HCU0:TCA23906041001,chatcmpl-bench-7f1746b7-0-9eeec82b-9c959c99,4,4,20,0,prefill_chunk,4096,4096,12288,16384,linear_attention,,,"[4096,5120]","[4096,5120]","[3,4096]","[4096,5120]","[4096,5120]",False,False,False,,,,0,0,4308574683896759,4308574687337171,
input4_layer21,,,,20260729T050800Z-fx-89687ae2-R032,pra2026-bh408@3d036144-16-32K-row0-greedy1024,3d03614452cd0a925abc82a7686560ff80252dfa,0,rank0,HCU0:TCA23906041001,chatcmpl-bench-7f1746b7-0-9eeec82b-9c959c99,4,4,21,0,prefill_chunk,4096,4096,12288,16384,linear_attention,,,"[4096,5120]","[4096,5120]","[3,4096]","[4096,5120]","[4096,5120]",False,False,False,,,,0,0,4308574689140648,4308574692565740,
input4_layer22,,,,20260729T050800Z-fx-89687ae2-R032,pra2026-bh408@3d036144-16-32K-row0-greedy1024,3d03614452cd0a925abc82a7686560ff80252dfa,0,rank0,HCU0:TCA23906041001,chatcmpl-bench-7f1746b7-0-9eeec82b-9c959c99,4,4,22,0,prefill_chunk,4096,4096,12288,16384,linear_attention,,,"[4096,5120]","[4096,5120]","[3,4096]","[4096,5120]","[4096,5120]",False,False,False,,,,0,0,4308574694476728,4308574697913710,
input4_layer23,,,,20260729T050800Z-fx-89687ae2-R032,pra2026-bh408@3d036144-16-32K-row0-greedy1024,3d03614452cd0a925abc82a7686560ff80252dfa,0,rank0,HCU0:TCA23906041001,chatcmpl-bench-7f1746b7-0-9eeec82b-9c959c99,4,4,23,0,prefill_chunk,4096,4096,12288,16384,full_attention,,,"[4096,5120]","[4096,5120]","[3,4096]","[4096,5120]","[4096,5120]",False,False,False,,,,0,0,4308574699640996,4308574701961547,
input4_layer24,,,,20260729T050800Z-fx-89687ae2-R032,pra2026-bh408@3d036144-16-32K-row0-greedy1024,3d03614452cd0a925abc82a7686560ff80252dfa,0,rank0,HCU0:TCA23906041001,chatcmpl-bench-7f1746b7-0-9eeec82b-9c959c99,4,4,24,0,prefill_chunk,4096,4096,12288,16384,linear_attention,,,"[4096,5120]","[4096,5120]","[3,4096]","[4096,5120]","[4096,5120]",False,False,False,,,,0,0,4308574703845355,4308574707321187,
input4_layer25,,,,20260729T050800Z-fx-89687ae2-R032,pra2026-bh408@3d036144-16-32K-row0-greedy1024,3d03614452cd0a925abc82a7686560ff80252dfa,0,rank0,HCU0:TCA23906041001,chatcmpl-bench-7f1746b7-0-9eeec82b-9c959c99,4,4,25,0,prefill_chunk,4096,4096,12288,16384,linear_attention,,,"[4096,5120]","[4096,5120]","[3,4096]","[4096,5120]","[4096,5120]",False,False,False,,,,0,0,4308574709143344,4308574712608716,
input4_layer26,,,,20260729T050800Z-fx-89687ae2-R032,pra2026-bh408@3d036144-16-32K-row0-greedy1024,3d03614452cd0a925abc82a7686560ff80252dfa,0,rank0,HCU0:TCA23906041001,chatcmpl-bench-7f1746b7-0-9eeec82b-9c959c99,4,4,26,0,prefill_chunk,4096,4096,12288,16384,linear_attention,,,"[4096,5120]","[4096,5120]","[3,4096]","[4096,5120]","[4096,5120]",False,False,False,,,,0,0,4308574714438153,4308574717920606,
input4_layer27,,,,20260729T050800Z-fx-89687ae2-R032,pra2026-bh408@3d036144-16-32K-row0-greedy1024,3d03614452cd0a925abc82a7686560ff80252dfa,0,rank0,HCU0:TCA23906041001,chatcmpl-bench-7f1746b7-0-9eeec82b-9c959c99,4,4,27,0,prefill_chunk,4096,4096,12288,16384,full_attention,,,"[4096,5120]","[4096,5120]","[3,4096]","[4096,5120]","[4096,5120]",False,False,False,,,,0,0,4308574719576051,4308574721900193,
input4_layer28,,,,20260729T050800Z-fx-89687ae2-R032,pra2026-bh408@3d036144-16-32K-row0-greedy1024,3d03614452cd0a925abc82a7686560ff80252dfa,0,rank0,HCU0:TCA23906041001,chatcmpl-bench-7f1746b7-0-9eeec82b-9c959c99,4,4,28,0,prefill_chunk,4096,4096,12288,16384,linear_attention,,,"[4096,5120]","[4096,5120]","[3,4096]","[4096,5120]","[4096,5120]",False,False,False,,,,0,0,4308574723635439,4308574727120691,
input4_layer29,,,,20260729T050800Z-fx-89687ae2-R032,pra2026-bh408@3d036144-16-32K-row0-greedy1024,3d03614452cd0a925abc82a7686560ff80252dfa,0,rank0,HCU0:TCA23906041001,chatcmpl-bench-7f1746b7-0-9eeec82b-9c959c99,4,4,29,0,prefill_chunk,4096,4096,12288,16384,linear_attention,,,"[4096,5120]","[4096,5120]","[3,4096]","[4096,5120]","[4096,5120]",False,False,False,,,,0,0,4308574728676276,4308574732159228,
input4_layer30,,,,20260729T050800Z-fx-89687ae2-R032,pra2026-bh408@3d036144-16-32K-row0-greedy1024,3d03614452cd0a925abc82a7686560ff80252dfa,0,rank0,HCU0:TCA23906041001,chatcmpl-bench-7f1746b7-0-9eeec82b-9c959c99,4,4,30,0,prefill_chunk,4096,4096,12288,16384,linear_attention,,,"[4096,5120]","[4096,5120]","[3,4096]","[4096,5120]","[4096,5120]",False,False,False,,,,0,0,4308574733847624,4308574737346606,
input4_layer31,,,,20260729T050800Z-fx-89687ae2-R032,pra2026-bh408@3d036144-16-32K-row0-greedy1024,3d03614452cd0a925abc82a7686560ff80252dfa,0,rank0,HCU0:TCA23906041001,chatcmpl-bench-7f1746b7-0-9eeec82b-9c959c99,4,4,31,0,prefill_chunk,4096,4096,12288,16384,full_attention,,,"[4096,5120]","[4096,5120]","[3,4096]","[4096,5120]","[4096,5120]",False,False,False,,,,0,0,4308574739301815,4308574741633056,
input4_layer32,,,,20260729T050800Z-fx-89687ae2-R032,pra2026-bh408@3d036144-16-32K-row0-greedy1024,3d03614452cd0a925abc82a7686560ff80252dfa,0,rank0,HCU0:TCA23906041001,chatcmpl-bench-7f1746b7-0-9eeec82b-9c959c99,4,4,32,0,prefill_chunk,4096,4096,12288,16384,linear_attention,,,"[4096,5120]","[4096,5120]","[3,4096]","[4096,5120]","[4096,5120]",False,False,False,,,,0,0,4308574743415323,4308574746945246,
input4_layer33,,,,20260729T050800Z-fx-89687ae2-R032,pra2026-bh408@3d036144-16-32K-row0-greedy1024,3d03614452cd0a925abc82a7686560ff80252dfa,0,rank0,HCU0:TCA23906041001,chatcmpl-bench-7f1746b7-0-9eeec82b-9c959c99,4,4,33,0,prefill_chunk,4096,4096,12288,16384,linear_attention,,,"[4096,5120]","[4096,5120]","[3,4096]","[4096,5120]","[4096,5120]",False,False,False,,,,0,0,4308574748608721,4308574752123194,
input4_layer34,,,,20260729T050800Z-fx-89687ae2-R032,pra2026-bh408@3d036144-16-32K-row0-greedy1024,3d03614452cd0a925abc82a7686560ff80252dfa,0,rank0,HCU0:TCA23906041001,chatcmpl-bench-7f1746b7-0-9eeec82b-9c959c99,4,4,34,0,prefill_chunk,4096,4096,12288,16384,linear_attention,,,"[4096,5120]","[4096,5120]","[3,4096]","[4096,5120]","[4096,5120]",False,False,False,,,,0,0,4308574753788479,4308574757315652,
input4_layer35,,,,20260729T050800Z-fx-89687ae2-R032,pra2026-bh408@3d036144-16-32K-row0-greedy1024,3d03614452cd0a925abc82a7686560ff80252dfa,0,rank0,HCU0:TCA23906041001,chatcmpl-bench-7f1746b7-0-9eeec82b-9c959c99,4,4,35,0,prefill_chunk,4096,4096,12288,16384,full_attention,,,"[4096,5120]","[4096,5120]","[3,4096]","[4096,5120]","[4096,5120]",False,False,False,,,,0,0,4308574758799376,4308574761149408,
input4_layer36,,,,20260729T050800Z-fx-89687ae2-R032,pra2026-bh408@3d036144-16-32K-row0-greedy1024,3d03614452cd0a925abc82a7686560ff80252dfa,0,rank0,HCU0:TCA23906041001,chatcmpl-bench-7f1746b7-0-9eeec82b-9c959c99,4,4,36,0,prefill_chunk,4096,4096,12288,16384,linear_attention,,,"[4096,5120]","[4096,5120]","[3,4096]","[4096,5120]","[4096,5120]",False,False,False,,,,0,0,4308574762906144,4308574766488327,
input4_layer37,,,,20260729T050800Z-fx-89687ae2-R032,pra2026-bh408@3d036144-16-32K-row0-greedy1024,3d03614452cd0a925abc82a7686560ff80252dfa,0,rank0,HCU0:TCA23906041001,chatcmpl-bench-7f1746b7-0-9eeec82b-9c959c99,4,4,37,0,prefill_chunk,4096,4096,12288,16384,linear_attention,,,"[4096,5120]","[4096,5120]","[3,4096]","[4096,5120]","[4096,5120]",False,False,False,,,,0,0,4308574768374555,4308574771877497,
input4_layer38,,,,20260729T050800Z-fx-89687ae2-R032,pra2026-bh408@3d036144-16-32K-row0-greedy1024,3d03614452cd0a925abc82a7686560ff80252dfa,0,rank0,HCU0:TCA23906041001,chatcmpl-bench-7f1746b7-0-9eeec82b-9c959c99,4,4,38,0,prefill_chunk,4096,4096,12288,16384,linear_attention,,,"[4096,5120]","[4096,5120]","[3,4096]","[4096,5120]","[4096,5120]",False,False,False,,,,0,0,4308574773741995,4308574777297008,
input4_layer39,,,,20260729T050800Z-fx-89687ae2-R032,pra2026-bh408@3d036144-16-32K-row0-greedy1024,3d03614452cd0a925abc82a7686560ff80252dfa,0,rank0,HCU0:TCA23906041001,chatcmpl-bench-7f1746b7-0-9eeec82b-9c959c99,4,4,39,0,prefill_chunk,4096,4096,12288,16384,full_attention,,,"[4096,5120]","[4096,5120]","[3,4096]","[4096,5120]","[4096,5120]",False,False,False,,,,0,0,4308574779117685,4308574781491197,
input4_layer40,,,,20260729T050800Z-fx-89687ae2-R032,pra2026-bh408@3d036144-16-32K-row0-greedy1024,3d03614452cd0a925abc82a7686560ff80252dfa,0,rank0,HCU0:TCA23906041001,chatcmpl-bench-7f1746b7-0-9eeec82b-9c959c99,4,4,40,0,prefill_chunk,4096,4096,12288,16384,linear_attention,,,"[4096,5120]","[4096,5120]","[3,4096]","[4096,5120]","[4096,5120]",False,False,False,,,,0,0,4308574783115322,4308574786673495,
input4_layer41,,,,20260729T050800Z-fx-89687ae2-R032,pra2026-bh408@3d036144-16-32K-row0-greedy1024,3d03614452cd0a925abc82a7686560ff80252dfa,0,rank0,HCU0:TCA23906041001,chatcmpl-bench-7f1746b7-0-9eeec82b-9c959c99,4,4,41,0,prefill_chunk,4096,4096,12288,16384,linear_attention,,,"[4096,5120]","[4096,5120]","[3,4096]","[4096,5120]","[4096,5120]",False,False,False,,,,0,0,4308574788490692,4308574792035385,
input4_layer42,,,,20260729T050800Z-fx-89687ae2-R032,pra2026-bh408@3d036144-16-32K-row0-greedy1024,3d03614452cd0a925abc82a7686560ff80252dfa,0,rank0,HCU0:TCA23906041001,chatcmpl-bench-7f1746b7-0-9eeec82b-9c959c99,4,4,42,0,prefill_chunk,4096,4096,12288,16384,linear_attention,,,"[4096,5120]","[4096,5120]","[3,4096]","[4096,5120]","[4096,5120]",False,False,False,,,,0,0,4308574793742231,4308574797316754,
input4_layer43,,,,20260729T050800Z-fx-89687ae2-R032,pra2026-bh408@3d036144-16-32K-row0-greedy1024,3d03614452cd0a925abc82a7686560ff80252dfa,0,rank0,HCU0:TCA23906041001,chatcmpl-bench-7f1746b7-0-9eeec82b-9c959c99,4,4,43,0,prefill_chunk,4096,4096,12288,16384,full_attention,,,"[4096,5120]","[4096,5120]","[3,4096]","[4096,5120]","[4096,5120]",False,False,False,,,,0,0,4308574799065190,4308574801466243,
input4_layer44,,,,20260729T050800Z-fx-89687ae2-R032,pra2026-bh408@3d036144-16-32K-row0-greedy1024,3d03614452cd0a925abc82a7686560ff80252dfa,0,rank0,HCU0:TCA23906041001,chatcmpl-bench-7f1746b7-0-9eeec82b-9c959c99,4,4,44,0,prefill_chunk,4096,4096,12288,16384,linear_attention,,,"[4096,5120]","[4096,5120]","[3,4096]","[4096,5120]","[4096,5120]",False,False,False,,,,0,0,4308574803195189,4308574806775252,
input4_layer45,,,,20260729T050800Z-fx-89687ae2-R032,pra2026-bh408@3d036144-16-32K-row0-greedy1024,3d03614452cd0a925abc82a7686560ff80252dfa,0,rank0,HCU0:TCA23906041001,chatcmpl-bench-7f1746b7-0-9eeec82b-9c959c99,4,4,45,0,prefill_chunk,4096,4096,12288,16384,linear_attention,,,"[4096,5120]","[4096,5120]","[3,4096]","[4096,5120]","[4096,5120]",False,False,False,,,,0,0,4308574808568849,4308574812145822,
input4_layer46,,,,20260729T050800Z-fx-89687ae2-R032,pra2026-bh408@3d036144-16-32K-row0-greedy1024,3d03614452cd0a925abc82a7686560ff80252dfa,0,rank0,HCU0:TCA23906041001,chatcmpl-bench-7f1746b7-0-9eeec82b-9c959c99,4,4,46,0,prefill_chunk,4096,4096,12288,16384,linear_attention,,,"[4096,5120]","[4096,5120]","[3,4096]","[4096,5120]","[4096,5120]",False,False,False,,,,0,0,4308574813782197,4308574817358300,
input4_layer47,,,,20260729T050800Z-fx-89687ae2-R032,pra2026-bh408@3d036144-16-32K-row0-greedy1024,3d03614452cd0a925abc82a7686560ff80252dfa,0,rank0,HCU0:TCA23906041001,chatcmpl-bench-7f1746b7-0-9eeec82b-9c959c99,4,4,47,0,prefill_chunk,4096,4096,12288,16384,full_attention,,,"[4096,5120]","[4096,5120]","[3,4096]","[4096,5120]","[4096,5120]",False,False,False,,,,0,0,4308574818850694,4308574821261647,
input4_layer48,,,,20260729T050800Z-fx-89687ae2-R032,pra2026-bh408@3d036144-16-32K-row0-greedy1024,3d03614452cd0a925abc82a7686560ff80252dfa,0,rank0,HCU0:TCA23906041001,chatcmpl-bench-7f1746b7-0-9eeec82b-9c959c99,4,4,48,0,prefill_chunk,4096,4096,12288,16384,linear_attention,,,"[4096,5120]","[4096,5120]","[3,4096]","[4096,5120]","[4096,5120]",False,False,False,,,,0,0,4308574822818861,4308574826442415,
input4_layer49,,,,20260729T050800Z-fx-89687ae2-R032,pra2026-bh408@3d036144-16-32K-row0-greedy1024,3d03614452cd0a925abc82a7686560ff80252dfa,0,rank0,HCU0:TCA23906041001,chatcmpl-bench-7f1746b7-0-9eeec82b-9c959c99,4,4,49,0,prefill_chunk,4096,4096,12288,16384,linear_attention,,,"[4096,5120]","[4096,5120]","[3,4096]","[4096,5120]","[4096,5120]",False,False,False,,,,0,0,4308574828118370,4308574831734044,
input4_layer50,,,,20260729T050800Z-fx-89687ae2-R032,pra2026-bh408@3d036144-16-32K-row0-greedy1024,3d03614452cd0a925abc82a7686560ff80252dfa,0,rank0,HCU0:TCA23906041001,chatcmpl-bench-7f1746b7-0-9eeec82b-9c959c99,4,4,50,0,prefill_chunk,4096,4096,12288,16384,linear_attention,,,"[4096,5120]","[4096,5120]","[3,4096]","[4096,5120]","[4096,5120]",False,False,False,,,,0,0,4308574833437090,4308574837020633,
input4_layer51,,,,20260729T050800Z-fx-89687ae2-R032,pra2026-bh408@3d036144-16-32K-row0-greedy1024,3d03614452cd0a925abc82a7686560ff80252dfa,0,rank0,HCU0:TCA23906041001,chatcmpl-bench-7f1746b7-0-9eeec82b-9c959c99,4,4,51,0,prefill_chunk,4096,4096,12288,16384,full_attention,,,"[4096,5120]","[4096,5120]","[3,4096]","[4096,5120]","[4096,5120]",False,False,False,,,,0,0,4308574838815770,4308574841245712,
input4_layer52,,,,20260729T050800Z-fx-89687ae2-R032,pra2026-bh408@3d036144-16-32K-row0-greedy1024,3d03614452cd0a925abc82a7686560ff80252dfa,0,rank0,HCU0:TCA23906041001,chatcmpl-bench-7f1746b7-0-9eeec82b-9c959c99,4,4,52,0,prefill_chunk,4096,4096,12288,16384,linear_attention,,,"[4096,5120]","[4096,5120]","[3,4096]","[4096,5120]","[4096,5120]",False,False,False,,,,0,0,4308574842995679,4308574846826904,
input4_layer53,,,,20260729T050800Z-fx-89687ae2-R032,pra2026-bh408@3d036144-16-32K-row0-greedy1024,3d03614452cd0a925abc82a7686560ff80252dfa,0,rank0,HCU0:TCA23906041001,chatcmpl-bench-7f1746b7-0-9eeec82b-9c959c99,4,4,53,0,prefill_chunk,4096,4096,12288,16384,linear_attention,,,"[4096,5120]","[4096,5120]","[3,4096]","[4096,5120]","[4096,5120]",False,False,False,,,,0,0,4308574848735652,4308574852369586,
input4_layer54,,,,20260729T050800Z-fx-89687ae2-R032,pra2026-bh408@3d036144-16-32K-row0-greedy1024,3d03614452cd0a925abc82a7686560ff80252dfa,0,rank0,HCU0:TCA23906041001,chatcmpl-bench-7f1746b7-0-9eeec82b-9c959c99,4,4,54,0,prefill_chunk,4096,4096,12288,16384,linear_attention,,,"[4096,5120]","[4096,5120]","[3,4096]","[4096,5120]","[4096,5120]",False,False,False,,,,0,0,4308574854330314,4308574857953208,
input4_layer55,,,,20260729T050800Z-fx-89687ae2-R032,pra2026-bh408@3d036144-16-32K-row0-greedy1024,3d03614452cd0a925abc82a7686560ff80252dfa,0,rank0,HCU0:TCA23906041001,chatcmpl-bench-7f1746b7-0-9eeec82b-9c959c99,4,4,55,0,prefill_chunk,4096,4096,12288,16384,full_attention,,,"[4096,5120]","[4096,5120]","[3,4096]","[4096,5120]","[4096,5120]",False,False,False,,,,0,0,4308574859816505,4308574862274318,
input4_layer56,,,,20260729T050800Z-fx-89687ae2-R032,pra2026-bh408@3d036144-16-32K-row0-greedy1024,3d03614452cd0a925abc82a7686560ff80252dfa,0,rank0,HCU0:TCA23906041001,chatcmpl-bench-7f1746b7-0-9eeec82b-9c959c99,4,4,56,0,prefill_chunk,4096,4096,12288,16384,linear_attention,,,"[4096,5120]","[4096,5120]","[3,4096]","[4096,5120]","[4096,5120]",False,False,False,,,,0,0,4308574863970494,4308574867633728,
input4_layer57,,,,20260729T050800Z-fx-89687ae2-R032,pra2026-bh408@3d036144-16-32K-row0-greedy1024,3d03614452cd0a925abc82a7686560ff80252dfa,0,rank0,HCU0:TCA23906041001,chatcmpl-bench-7f1746b7-0-9eeec82b-9c959c99,4,4,57,0,prefill_chunk,4096,4096,12288,16384,linear_attention,,,"[4096,5120]","[4096,5120]","[3,4096]","[4096,5120]","[4096,5120]",False,False,False,,,,0,0,4308574869292823,4308574872939427,
input4_layer58,,,,20260729T050800Z-fx-89687ae2-R032,pra2026-bh408@3d036144-16-32K-row0-greedy1024,3d03614452cd0a925abc82a7686560ff80252dfa,0,rank0,HCU0:TCA23906041001,chatcmpl-bench-7f1746b7-0-9eeec82b-9c959c99,4,4,58,0,prefill_chunk,4096,4096,12288,16384,linear_attention,,,"[4096,5120]","[4096,5120]","[3,4096]","[4096,5120]","[4096,5120]",False,False,False,,,,0,0,4308574875033256,4308574878676280,
input4_layer59,,,,20260729T050800Z-fx-89687ae2-R032,pra2026-bh408@3d036144-16-32K-row0-greedy1024,3d03614452cd0a925abc82a7686560ff80252dfa,0,rank0,HCU0:TCA23906041001,chatcmpl-bench-7f1746b7-0-9eeec82b-9c959c99,4,4,59,0,prefill_chunk,4096,4096,12288,16384,full_attention,,,"[4096,5120]","[4096,5120]","[3,4096]","[4096,5120]","[4096,5120]",False,False,False,,,,0,0,4308574880272195,4308574882722288,
input4_layer60,,,,20260729T050800Z-fx-89687ae2-R032,pra2026-bh408@3d036144-16-32K-row0-greedy1024,3d03614452cd0a925abc82a7686560ff80252dfa,0,rank0,HCU0:TCA23906041001,chatcmpl-bench-7f1746b7-0-9eeec82b-9c959c99,4,4,60,0,prefill_chunk,4096,4096,12288,16384,linear_attention,,,"[4096,5120]","[4096,5120]","[3,4096]","[4096,5120]","[4096,5120]",False,False,False,,,,0,0,4308574884570925,4308574888264089,
input4_layer61,,,,20260729T050800Z-fx-89687ae2-R032,pra2026-bh408@3d036144-16-32K-row0-greedy1024,3d03614452cd0a925abc82a7686560ff80252dfa,0,rank0,HCU0:TCA23906041001,chatcmpl-bench-7f1746b7-0-9eeec82b-9c959c99,4,4,61,0,prefill_chunk,4096,4096,12288,16384,linear_attention,,,"[4096,5120]","[4096,5120]","[3,4096]","[4096,5120]","[4096,5120]",False,False,False,,,,0,0,4308574890058036,4308574893724590,
input4_layer62,,,,20260729T050800Z-fx-89687ae2-R032,pra2026-bh408@3d036144-16-32K-row0-greedy1024,3d03614452cd0a925abc82a7686560ff80252dfa,0,rank0,HCU0:TCA23906041001,chatcmpl-bench-7f1746b7-0-9eeec82b-9c959c99,4,4,62,0,prefill_chunk,4096,4096,12288,16384,linear_attention,,,"[4096,5120]","[4096,5120]","[3,4096]","[4096,5120]","[4096,5120]",False,False,False,,,,0,0,4308574895760409,4308574899438403,
input4_layer63,,,,20260729T050800Z-fx-89687ae2-R032,pra2026-bh408@3d036144-16-32K-row0-greedy1024,3d03614452cd0a925abc82a7686560ff80252dfa,0,rank0,HCU0:TCA23906041001,chatcmpl-bench-7f1746b7-0-9eeec82b-9c959c99,4,4,63,0,prefill_chunk,4096,4096,12288,16384,full_attention,,,"[4096,5120]","[4096,5120]","[3,4096]","[4096,5120]","[4096,5120]",False,False,False,,,,0,0,4308574901126309,4308574903611962,
input5_layer0,,,,20260729T050800Z-fx-89687ae2-R032,pra2026-bh408@3d036144-16-32K-row0-greedy1024,3d03614452cd0a925abc82a7686560ff80252dfa,0,rank0,HCU0:TCA23906041001,chatcmpl-bench-7f1746b7-0-9eeec82b-9c959c99,5,5,0,0,prefill_chunk,4096,4096,16384,20480,linear_attention,,,"[4096,5120]",null,"[3,4096]","[4096,5120]","[4096,5120]",False,False,False,,,,0,0,4308575560735672,4308575566961730,
input5_layer1,,,,20260729T050800Z-fx-89687ae2-R032,pra2026-bh408@3d036144-16-32K-row0-greedy1024,3d03614452cd0a925abc82a7686560ff80252dfa,0,rank0,HCU0:TCA23906041001,chatcmpl-bench-7f1746b7-0-9eeec82b-9c959c99,5,5,1,0,prefill_chunk,4096,4096,16384,20480,linear_attention,,,"[4096,5120]","[4096,5120]","[3,4096]","[4096,5120]","[4096,5120]",False,False,False,,,,0,0,4308575569441853,4308575572821414,
input5_layer2,,,,20260729T050800Z-fx-89687ae2-R032,pra2026-bh408@3d036144-16-32K-row0-greedy1024,3d03614452cd0a925abc82a7686560ff80252dfa,0,rank0,HCU0:TCA23906041001,chatcmpl-bench-7f1746b7-0-9eeec82b-9c959c99,5,5,2,0,prefill_chunk,4096,4096,16384,20480,linear_attention,,,"[4096,5120]","[4096,5120]","[3,4096]","[4096,5120]","[4096,5120]",False,False,False,,,,0,0,4308575574715932,4308575578063343,
input5_layer3,,,,20260729T050800Z-fx-89687ae2-R032,pra2026-bh408@3d036144-16-32K-row0-greedy1024,3d03614452cd0a925abc82a7686560ff80252dfa,0,rank0,HCU0:TCA23906041001,chatcmpl-bench-7f1746b7-0-9eeec82b-9c959c99,5,5,3,0,prefill_chunk,4096,4096,16384,20480,full_attention,,,"[4096,5120]","[4096,5120]","[3,4096]","[4096,5120]","[4096,5120]",False,False,False,,,,0,0,4308575580232213,4308575605567188,
input5_layer4,,,,20260729T050800Z-fx-89687ae2-R032,pra2026-bh408@3d036144-16-32K-row0-greedy1024,3d03614452cd0a925abc82a7686560ff80252dfa,0,rank0,HCU0:TCA23906041001,chatcmpl-bench-7f1746b7-0-9eeec82b-9c959c99,5,5,4,0,prefill_chunk,4096,4096,16384,20480,linear_attention,,,"[4096,5120]","[4096,5120]","[3,4096]","[4096,5120]","[4096,5120]",False,False,False,,,,0,0,4308575607834040,4308575611205881,
input5_layer5,,,,20260729T050800Z-fx-89687ae2-R032,pra2026-bh408@3d036144-16-32K-row0-greedy1024,3d03614452cd0a925abc82a7686560ff80252dfa,0,rank0,HCU0:TCA23906041001,chatcmpl-bench-7f1746b7-0-9eeec82b-9c959c99,5,5,5,0,prefill_chunk,4096,4096,16384,20480,linear_attention,,,"[4096,5120]","[4096,5120]","[3,4096]","[4096,5120]","[4096,5120]",False,False,False,,,,0,0,4308575613282850,4308575616658162,
input5_layer6,,,,20260729T050800Z-fx-89687ae2-R032,pra2026-bh408@3d036144-16-32K-row0-greedy1024,3d03614452cd0a925abc82a7686560ff80252dfa,0,rank0,HCU0:TCA23906041001,chatcmpl-bench-7f1746b7-0-9eeec82b-9c959c99,5,5,6,0,prefill_chunk,4096,4096,16384,20480,linear_attention,,,"[4096,5120]","[4096,5120]","[3,4096]","[4096,5120]","[4096,5120]",False,False,False,,,,0,0,4308575618534909,4308575621862660,
input5_layer7,,,,20260729T050800Z-fx-89687ae2-R032,pra2026-bh408@3d036144-16-32K-row0-greedy1024,3d03614452cd0a925abc82a7686560ff80252dfa,0,rank0,HCU0:TCA23906041001,chatcmpl-bench-7f1746b7-0-9eeec82b-9c959c99,5,5,7,0,prefill_chunk,4096,4096,16384,20480,full_attention,,,"[4096,5120]","[4096,5120]","[3,4096]","[4096,5120]","[4096,5120]",False,False,False,,,,0,0,4308575623790038,4308575626028229,
input5_layer8,,,,20260729T050800Z-fx-89687ae2-R032,pra2026-bh408@3d036144-16-32K-row0-greedy1024,3d03614452cd0a925abc82a7686560ff80252dfa,0,rank0,HCU0:TCA23906041001,chatcmpl-bench-7f1746b7-0-9eeec82b-9c959c99,5,5,8,0,prefill_chunk,4096,4096,16384,20480,linear_attention,,,"[4096,5120]","[4096,5120]","[3,4096]","[4096,5120]","[4096,5120]",False,False,False,,,,0,0,4308575628034787,4308575631399079,
input5_layer9,,,,20260729T050800Z-fx-89687ae2-R032,pra2026-bh408@3d036144-16-32K-row0-greedy1024,3d03614452cd0a925abc82a7686560ff80252dfa,0,rank0,HCU0:TCA23906041001,chatcmpl-bench-7f1746b7-0-9eeec82b-9c959c99,5,5,9,0,prefill_chunk,4096,4096,16384,20480,linear_attention,,,"[4096,5120]","[4096,5120]","[3,4096]","[4096,5120]","[4096,5120]",False,False,False,,,,0,0,4308575633211165,4308575637294793,
input5_layer10,,,,20260729T050800Z-fx-89687ae2-R032,pra2026-bh408@3d036144-16-32K-row0-greedy1024,3d03614452cd0a925abc82a7686560ff80252dfa,0,rank0,HCU0:TCA23906041001,chatcmpl-bench-7f1746b7-0-9eeec82b-9c959c99,5,5,10,0,prefill_chunk,4096,4096,16384,20480,linear_attention,,,"[4096,5120]","[4096,5120]","[3,4096]","[4096,5120]","[4096,5120]",False,False,False,,,,0,0,4308575639054190,4308575642429021,
input5_layer11,,,,20260729T050800Z-fx-89687ae2-R032,pra2026-bh408@3d036144-16-32K-row0-greedy1024,3d03614452cd0a925abc82a7686560ff80252dfa,0,rank0,HCU0:TCA23906041001,chatcmpl-bench-7f1746b7-0-9eeec82b-9c959c99,5,5,11,0,prefill_chunk,4096,4096,16384,20480,full_attention,,,"[4096,5120]","[4096,5120]","[3,4096]","[4096,5120]","[4096,5120]",False,False,False,,,,0,0,4308575644448820,4308575646705231,
input5_layer12,,,,20260729T050800Z-fx-89687ae2-R032,pra2026-bh408@3d036144-16-32K-row0-greedy1024,3d03614452cd0a925abc82a7686560ff80252dfa,0,rank0,HCU0:TCA23906041001,chatcmpl-bench-7f1746b7-0-9eeec82b-9c959c99,5,5,12,0,prefill_chunk,4096,4096,16384,20480,linear_attention,,,"[4096,5120]","[4096,5120]","[3,4096]","[4096,5120]","[4096,5120]",False,False,False,,,,0,0,4308575648557988,4308575651958790,
input5_layer13,,,,20260729T050800Z-fx-89687ae2-R032,pra2026-bh408@3d036144-16-32K-row0-greedy1024,3d03614452cd0a925abc82a7686560ff80252dfa,0,rank0,HCU0:TCA23906041001,chatcmpl-bench-7f1746b7-0-9eeec82b-9c959c99,5,5,13,0,prefill_chunk,4096,4096,16384,20480,linear_attention,,,"[4096,5120]","[4096,5120]","[3,4096]","[4096,5120]","[4096,5120]",False,False,False,,,,0,0,4308575653603855,4308575656979526,
input5_layer14,,,,20260729T050800Z-fx-89687ae2-R032,pra2026-bh408@3d036144-16-32K-row0-greedy1024,3d03614452cd0a925abc82a7686560ff80252dfa,0,rank0,HCU0:TCA23906041001,chatcmpl-bench-7f1746b7-0-9eeec82b-9c959c99,5,5,14,0,prefill_chunk,4096,4096,16384,20480,linear_attention,,,"[4096,5120]","[4096,5120]","[3,4096]","[4096,5120]","[4096,5120]",False,False,False,,,,0,0,4308575658759643,4308575662177435,
input5_layer15,,,,20260729T050800Z-fx-89687ae2-R032,pra2026-bh408@3d036144-16-32K-row0-greedy1024,3d03614452cd0a925abc82a7686560ff80252dfa,0,rank0,HCU0:TCA23906041001,chatcmpl-bench-7f1746b7-0-9eeec82b-9c959c99,5,5,15,0,prefill_chunk,4096,4096,16384,20480,full_attention,,,"[4096,5120]","[4096,5120]","[3,4096]","[4096,5120]","[4096,5120]",False,False,False,,,,0,0,4308575664238564,4308575666509585,
input5_layer16,,,,20260729T050800Z-fx-89687ae2-R032,pra2026-bh408@3d036144-16-32K-row0-greedy1024,3d03614452cd0a925abc82a7686560ff80252dfa,0,rank0,HCU0:TCA23906041001,chatcmpl-bench-7f1746b7-0-9eeec82b-9c959c99,5,5,16,0,prefill_chunk,4096,4096,16384,20480,linear_attention,,,"[4096,5120]","[4096,5120]","[3,4096]","[4096,5120]","[4096,5120]",False,False,False,,,,0,0,4308575668109050,4308575671535542,
input5_layer17,,,,20260729T050800Z-fx-89687ae2-R032,pra2026-bh408@3d036144-16-32K-row0-greedy1024,3d03614452cd0a925abc82a7686560ff80252dfa,0,rank0,HCU0:TCA23906041001,chatcmpl-bench-7f1746b7-0-9eeec82b-9c959c99,5,5,17,0,prefill_chunk,4096,4096,16384,20480,linear_attention,,,"[4096,5120]","[4096,5120]","[3,4096]","[4096,5120]","[4096,5120]",False,False,False,,,,0,0,4308575673328278,4308575676731240,
input5_layer18,,,,20260729T050800Z-fx-89687ae2-R032,pra2026-bh408@3d036144-16-32K-row0-greedy1024,3d03614452cd0a925abc82a7686560ff80252dfa,0,rank0,HCU0:TCA23906041001,chatcmpl-bench-7f1746b7-0-9eeec82b-9c959c99,5,5,18,0,prefill_chunk,4096,4096,16384,20480,linear_attention,,,"[4096,5120]","[4096,5120]","[3,4096]","[4096,5120]","[4096,5120]",False,False,False,,,,0,0,4308575678343775,4308575681761607,
input5_layer19,,,,20260729T050800Z-fx-89687ae2-R032,pra2026-bh408@3d036144-16-32K-row0-greedy1024,3d03614452cd0a925abc82a7686560ff80252dfa,0,rank0,HCU0:TCA23906041001,chatcmpl-bench-7f1746b7-0-9eeec82b-9c959c99,5,5,19,0,prefill_chunk,4096,4096,16384,20480,full_attention,,,"[4096,5120]","[4096,5120]","[3,4096]","[4096,5120]","[4096,5120]",False,False,False,,,,0,0,4308575683495273,4308575685794864,
input5_layer20,,,,20260729T050800Z-fx-89687ae2-R032,pra2026-bh408@3d036144-16-32K-row0-greedy1024,3d03614452cd0a925abc82a7686560ff80252dfa,0,rank0,HCU0:TCA23906041001,chatcmpl-bench-7f1746b7-0-9eeec82b-9c959c99,5,5,20,0,prefill_chunk,4096,4096,16384,20480,linear_attention,,,"[4096,5120]","[4096,5120]","[3,4096]","[4096,5120]","[4096,5120]",False,False,False,,,,0,0,4308575687514670,4308575690978432,
input5_layer21,,,,20260729T050800Z-fx-89687ae2-R032,pra2026-bh408@3d036144-16-32K-row0-greedy1024,3d03614452cd0a925abc82a7686560ff80252dfa,0,rank0,HCU0:TCA23906041001,chatcmpl-bench-7f1746b7-0-9eeec82b-9c959c99,5,5,21,0,prefill_chunk,4096,4096,16384,20480,linear_attention,,,"[4096,5120]","[4096,5120]","[3,4096]","[4096,5120]","[4096,5120]",False,False,False,,,,0,0,4308575692773549,4308575696221401,
input5_layer22,,,,20260729T050800Z-fx-89687ae2-R032,pra2026-bh408@3d036144-16-32K-row0-greedy1024,3d03614452cd0a925abc82a7686560ff80252dfa,0,rank0,HCU0:TCA23906041001,chatcmpl-bench-7f1746b7-0-9eeec82b-9c959c99,5,5,22,0,prefill_chunk,4096,4096,16384,20480,linear_attention,,,"[4096,5120]","[4096,5120]","[3,4096]","[4096,5120]","[4096,5120]",False,False,False,,,,0,0,4308575697882897,4308575701339689,
input5_layer23,,,,20260729T050800Z-fx-89687ae2-R032,pra2026-bh408@3d036144-16-32K-row0-greedy1024,3d03614452cd0a925abc82a7686560ff80252dfa,0,rank0,HCU0:TCA23906041001,chatcmpl-bench-7f1746b7-0-9eeec82b-9c959c99,5,5,23,0,prefill_chunk,4096,4096,16384,20480,full_attention,,,"[4096,5120]","[4096,5120]","[3,4096]","[4096,5120]","[4096,5120]",False,False,False,,,,0,0,4308575703306087,4308575705635189,
input5_layer24,,,,20260729T050800Z-fx-89687ae2-R032,pra2026-bh408@3d036144-16-32K-row0-greedy1024,3d03614452cd0a925abc82a7686560ff80252dfa,0,rank0,HCU0:TCA23906041001,chatcmpl-bench-7f1746b7-0-9eeec82b-9c959c99,5,5,24,0,prefill_chunk,4096,4096,16384,20480,linear_attention,,,"[4096,5120]","[4096,5120]","[3,4096]","[4096,5120]","[4096,5120]",False,False,False,,,,0,0,4308575707326744,4308575710800947,
input5_layer25,,,,20260729T050800Z-fx-89687ae2-R032,pra2026-bh408@3d036144-16-32K-row0-greedy1024,3d03614452cd0a925abc82a7686560ff80252dfa,0,rank0,HCU0:TCA23906041001,chatcmpl-bench-7f1746b7-0-9eeec82b-9c959c99,5,5,25,0,prefill_chunk,4096,4096,16384,20480,linear_attention,,,"[4096,5120]","[4096,5120]","[3,4096]","[4096,5120]","[4096,5120]",False,False,False,,,,0,0,4308575712582523,4308575716027385,
input5_layer26,,,,20260729T050800Z-fx-89687ae2-R032,pra2026-bh408@3d036144-16-32K-row0-greedy1024,3d03614452cd0a925abc82a7686560ff80252dfa,0,rank0,HCU0:TCA23906041001,chatcmpl-bench-7f1746b7-0-9eeec82b-9c959c99,5,5,26,0,prefill_chunk,4096,4096,16384,20480,linear_attention,,,"[4096,5120]","[4096,5120]","[3,4096]","[4096,5120]","[4096,5120]",False,False,False,,,,0,0,4308575717652570,4308575721098423,
input5_layer27,,,,20260729T050800Z-fx-89687ae2-R032,pra2026-bh408@3d036144-16-32K-row0-greedy1024,3d03614452cd0a925abc82a7686560ff80252dfa,0,rank0,HCU0:TCA23906041001,chatcmpl-bench-7f1746b7-0-9eeec82b-9c959c99,5,5,27,0,prefill_chunk,4096,4096,16384,20480,full_attention,,,"[4096,5120]","[4096,5120]","[3,4096]","[4096,5120]","[4096,5120]",False,False,False,,,,0,0,4308575722632037,4308575724951608,
input5_layer28,,,,20260729T050800Z-fx-89687ae2-R032,pra2026-bh408@3d036144-16-32K-row0-greedy1024,3d03614452cd0a925abc82a7686560ff80252dfa,0,rank0,HCU0:TCA23906041001,chatcmpl-bench-7f1746b7-0-9eeec82b-9c959c99,5,5,28,0,prefill_chunk,4096,4096,16384,20480,linear_attention,,,"[4096,5120]","[4096,5120]","[3,4096]","[4096,5120]","[4096,5120]",False,False,False,,,,0,0,4308575726616814,4308575730080296,
input5_layer29,,,,20260729T050800Z-fx-89687ae2-R032,pra2026-bh408@3d036144-16-32K-row0-greedy1024,3d03614452cd0a925abc82a7686560ff80252dfa,0,rank0,HCU0:TCA23906041001,chatcmpl-bench-7f1746b7-0-9eeec82b-9c959c99,5,5,29,0,prefill_chunk,4096,4096,16384,20480,linear_attention,,,"[4096,5120]","[4096,5120]","[3,4096]","[4096,5120]","[4096,5120]",False,False,False,,,,0,0,4308575731719791,4308575735199714,
input5_layer30,,,,20260729T050800Z-fx-89687ae2-R032,pra2026-bh408@3d036144-16-32K-row0-greedy1024,3d03614452cd0a925abc82a7686560ff80252dfa,0,rank0,HCU0:TCA23906041001,chatcmpl-bench-7f1746b7-0-9eeec82b-9c959c99,5,5,30,0,prefill_chunk,4096,4096,16384,20480,linear_attention,,,"[4096,5120]","[4096,5120]","[3,4096]","[4096,5120]","[4096,5120]",False,False,False,,,,0,0,4308575737299353,4308575740766185,
input5_layer31,,,,20260729T050800Z-fx-89687ae2-R032,pra2026-bh408@3d036144-16-32K-row0-greedy1024,3d03614452cd0a925abc82a7686560ff80252dfa,0,rank0,HCU0:TCA23906041001,chatcmpl-bench-7f1746b7-0-9eeec82b-9c959c99,5,5,31,0,prefill_chunk,4096,4096,16384,20480,full_attention,,,"[4096,5120]","[4096,5120]","[3,4096]","[4096,5120]","[4096,5120]",False,False,False,,,,0,0,4308575742391940,4308575744722072,
input5_layer32,,,,20260729T050800Z-fx-89687ae2-R032,pra2026-bh408@3d036144-16-32K-row0-greedy1024,3d03614452cd0a925abc82a7686560ff80252dfa,0,rank0,HCU0:TCA23906041001,chatcmpl-bench-7f1746b7-0-9eeec82b-9c959c99,5,5,32,0,prefill_chunk,4096,4096,16384,20480,linear_attention,,,"[4096,5120]","[4096,5120]","[3,4096]","[4096,5120]","[4096,5120]",False,False,False,,,,0,0,4308575746371907,4308575749869760,
input5_layer33,,,,20260729T050800Z-fx-89687ae2-R032,pra2026-bh408@3d036144-16-32K-row0-greedy1024,3d03614452cd0a925abc82a7686560ff80252dfa,0,rank0,HCU0:TCA23906041001,chatcmpl-bench-7f1746b7-0-9eeec82b-9c959c99,5,5,33,0,prefill_chunk,4096,4096,16384,20480,linear_attention,,,"[4096,5120]","[4096,5120]","[3,4096]","[4096,5120]","[4096,5120]",False,False,False,,,,0,0,4308575751600016,4308575755083418,
input5_layer34,,,,20260729T050800Z-fx-89687ae2-R032,pra2026-bh408@3d036144-16-32K-row0-greedy1024,3d03614452cd0a925abc82a7686560ff80252dfa,0,rank0,HCU0:TCA23906041001,chatcmpl-bench-7f1746b7-0-9eeec82b-9c959c99,5,5,34,0,prefill_chunk,4096,4096,16384,20480,linear_attention,,,"[4096,5120]","[4096,5120]","[3,4096]","[4096,5120]","[4096,5120]",False,False,False,,,,0,0,4308575756781964,4308575760313437,
input5_layer35,,,,20260729T050800Z-fx-89687ae2-R032,pra2026-bh408@3d036144-16-32K-row0-greedy1024,3d03614452cd0a925abc82a7686560ff80252dfa,0,rank0,HCU0:TCA23906041001,chatcmpl-bench-7f1746b7-0-9eeec82b-9c959c99,5,5,35,0,prefill_chunk,4096,4096,16384,20480,full_attention,,,"[4096,5120]","[4096,5120]","[3,4096]","[4096,5120]","[4096,5120]",False,False,False,,,,0,0,4308575761787301,4308575764128293,
input5_layer36,,,,20260729T050800Z-fx-89687ae2-R032,pra2026-bh408@3d036144-16-32K-row0-greedy1024,3d03614452cd0a925abc82a7686560ff80252dfa,0,rank0,HCU0:TCA23906041001,chatcmpl-bench-7f1746b7-0-9eeec82b-9c959c99,5,5,36,0,prefill_chunk,4096,4096,16384,20480,linear_attention,,,"[4096,5120]","[4096,5120]","[3,4096]","[4096,5120]","[4096,5120]",False,False,False,,,,0,0,4308575765650647,4308575769206860,
input5_layer37,,,,20260729T050800Z-fx-89687ae2-R032,pra2026-bh408@3d036144-16-32K-row0-greedy1024,3d03614452cd0a925abc82a7686560ff80252dfa,0,rank0,HCU0:TCA23906041001,chatcmpl-bench-7f1746b7-0-9eeec82b-9c959c99,5,5,37,0,prefill_chunk,4096,4096,16384,20480,linear_attention,,,"[4096,5120]","[4096,5120]","[3,4096]","[4096,5120]","[4096,5120]",False,False,False,,,,0,0,4308575771255989,4308575774788222,
input5_layer38,,,,20260729T050800Z-fx-89687ae2-R032,pra2026-bh408@3d036144-16-32K-row0-greedy1024,3d03614452cd0a925abc82a7686560ff80252dfa,0,rank0,HCU0:TCA23906041001,chatcmpl-bench-7f1746b7-0-9eeec82b-9c959c99,5,5,38,0,prefill_chunk,4096,4096,16384,20480,linear_attention,,,"[4096,5120]","[4096,5120]","[3,4096]","[4096,5120]","[4096,5120]",False,False,False,,,,0,0,4308575776557548,4308575780071241,
input5_layer39,,,,20260729T050800Z-fx-89687ae2-R032,pra2026-bh408@3d036144-16-32K-row0-greedy1024,3d03614452cd0a925abc82a7686560ff80252dfa,0,rank0,HCU0:TCA23906041001,chatcmpl-bench-7f1746b7-0-9eeec82b-9c959c99,5,5,39,0,prefill_chunk,4096,4096,16384,20480,full_attention,,,"[4096,5120]","[4096,5120]","[3,4096]","[4096,5120]","[4096,5120]",False,False,False,,,,0,0,4308575781733646,4308575784097608,
input5_layer40,,,,20260729T050800Z-fx-89687ae2-R032,pra2026-bh408@3d036144-16-32K-row0-greedy1024,3d03614452cd0a925abc82a7686560ff80252dfa,0,rank0,HCU0:TCA23906041001,chatcmpl-bench-7f1746b7-0-9eeec82b-9c959c99,5,5,40,0,prefill_chunk,4096,4096,16384,20480,linear_attention,,,"[4096,5120]","[4096,5120]","[3,4096]","[4096,5120]","[4096,5120]",False,False,False,,,,0,0,4308575785800374,4308575789370607,
input5_layer41,,,,20260729T050800Z-fx-89687ae2-R032,pra2026-bh408@3d036144-16-32K-row0-greedy1024,3d03614452cd0a925abc82a7686560ff80252dfa,0,rank0,HCU0:TCA23906041001,chatcmpl-bench-7f1746b7-0-9eeec82b-9c959c99,5,5,41,0,prefill_chunk,4096,4096,16384,20480,linear_attention,,,"[4096,5120]","[4096,5120]","[3,4096]","[4096,5120]","[4096,5120]",False,False,False,,,,0,0,4308575790910522,4308575794445194,
input5_layer42,,,,20260729T050800Z-fx-89687ae2-R032,pra2026-bh408@3d036144-16-32K-row0-greedy1024,3d03614452cd0a925abc82a7686560ff80252dfa,0,rank0,HCU0:TCA23906041001,chatcmpl-bench-7f1746b7-0-9eeec82b-9c959c99,5,5,42,0,prefill_chunk,4096,4096,16384,20480,linear_attention,,,"[4096,5120]","[4096,5120]","[3,4096]","[4096,5120]","[4096,5120]",False,False,False,,,,0,0,4308575796230821,4308575799781724,
input5_layer43,,,,20260729T050800Z-fx-89687ae2-R032,pra2026-bh408@3d036144-16-32K-row0-greedy1024,3d03614452cd0a925abc82a7686560ff80252dfa,0,rank0,HCU0:TCA23906041001,chatcmpl-bench-7f1746b7-0-9eeec82b-9c959c99,5,5,43,0,prefill_chunk,4096,4096,16384,20480,full_attention,,,"[4096,5120]","[4096,5120]","[3,4096]","[4096,5120]","[4096,5120]",False,False,False,,,,0,0,4308575801495280,4308575803859902,
input5_layer44,,,,20260729T050800Z-fx-89687ae2-R032,pra2026-bh408@3d036144-16-32K-row0-greedy1024,3d03614452cd0a925abc82a7686560ff80252dfa,0,rank0,HCU0:TCA23906041001,chatcmpl-bench-7f1746b7-0-9eeec82b-9c959c99,5,5,44,0,prefill_chunk,4096,4096,16384,20480,linear_attention,,,"[4096,5120]","[4096,5120]","[3,4096]","[4096,5120]","[4096,5120]",False,False,False,,,,0,0,4308575805719469,4308575809304733,
input5_layer45,,,,20260729T050800Z-fx-89687ae2-R032,pra2026-bh408@3d036144-16-32K-row0-greedy1024,3d03614452cd0a925abc82a7686560ff80252dfa,0,rank0,HCU0:TCA23906041001,chatcmpl-bench-7f1746b7-0-9eeec82b-9c959c99,5,5,45,0,prefill_chunk,4096,4096,16384,20480,linear_attention,,,"[4096,5120]","[4096,5120]","[3,4096]","[4096,5120]","[4096,5120]",False,False,False,,,,0,0,4308575811308511,4308575814879854,
input5_layer46,,,,20260729T050800Z-fx-89687ae2-R032,pra2026-bh408@3d036144-16-32K-row0-greedy1024,3d03614452cd0a925abc82a7686560ff80252dfa,0,rank0,HCU0:TCA23906041001,chatcmpl-bench-7f1746b7-0-9eeec82b-9c959c99,5,5,46,0,prefill_chunk,4096,4096,16384,20480,linear_attention,,,"[4096,5120]","[4096,5120]","[3,4096]","[4096,5120]","[4096,5120]",False,False,False,,,,0,0,4308575816408049,4308575819980942,
input5_layer47,,,,20260729T050800Z-fx-89687ae2-R032,pra2026-bh408@3d036144-16-32K-row0-greedy1024,3d03614452cd0a925abc82a7686560ff80252dfa,0,rank0,HCU0:TCA23906041001,chatcmpl-bench-7f1746b7-0-9eeec82b-9c959c99,5,5,47,0,prefill_chunk,4096,4096,16384,20480,full_attention,,,"[4096,5120]","[4096,5120]","[3,4096]","[4096,5120]","[4096,5120]",False,False,False,,,,0,0,4308575821906860,4308575824325882,
input5_layer48,,,,20260729T050800Z-fx-89687ae2-R032,pra2026-bh408@3d036144-16-32K-row0-greedy1024,3d03614452cd0a925abc82a7686560ff80252dfa,0,rank0,HCU0:TCA23906041001,chatcmpl-bench-7f1746b7-0-9eeec82b-9c959c99,5,5,48,0,prefill_chunk,4096,4096,16384,20480,linear_attention,,,"[4096,5120]","[4096,5120]","[3,4096]","[4096,5120]","[4096,5120]",False,False,False,,,,0,0,4308575826171799,4308575829773473,
input5_layer49,,,,20260729T050800Z-fx-89687ae2-R032,pra2026-bh408@3d036144-16-32K-row0-greedy1024,3d03614452cd0a925abc82a7686560ff80252dfa,0,rank0,HCU0:TCA23906041001,chatcmpl-bench-7f1746b7-0-9eeec82b-9c959c99,5,5,49,0,prefill_chunk,4096,4096,16384,20480,linear_attention,,,"[4096,5120]","[4096,5120]","[3,4096]","[4096,5120]","[4096,5120]",False,False,False,,,,0,0,4308575831773521,4308575835383655,
input5_layer50,,,,20260729T050800Z-fx-89687ae2-R032,pra2026-bh408@3d036144-16-32K-row0-greedy1024,3d03614452cd0a925abc82a7686560ff80252dfa,0,rank0,HCU0:TCA23906041001,chatcmpl-bench-7f1746b7-0-9eeec82b-9c959c99,5,5,50,0,prefill_chunk,4096,4096,16384,20480,linear_attention,,,"[4096,5120]","[4096,5120]","[3,4096]","[4096,5120]","[4096,5120]",False,False,False,,,,0,0,4308575837275323,4308575840874416,
input5_layer51,,,,20260729T050800Z-fx-89687ae2-R032,pra2026-bh408@3d036144-16-32K-row0-greedy1024,3d03614452cd0a925abc82a7686560ff80252dfa,0,rank0,HCU0:TCA23906041001,chatcmpl-bench-7f1746b7-0-9eeec82b-9c959c99,5,5,51,0,prefill_chunk,4096,4096,16384,20480,full_attention,,,"[4096,5120]","[4096,5120]","[3,4096]","[4096,5120]","[4096,5120]",False,False,False,,,,0,0,4308575842480081,4308575844888063,
input5_layer52,,,,20260729T050800Z-fx-89687ae2-R032,pra2026-bh408@3d036144-16-32K-row0-greedy1024,3d03614452cd0a925abc82a7686560ff80252dfa,0,rank0,HCU0:TCA23906041001,chatcmpl-bench-7f1746b7-0-9eeec82b-9c959c99,5,5,52,0,prefill_chunk,4096,4096,16384,20480,linear_attention,,,"[4096,5120]","[4096,5120]","[3,4096]","[4096,5120]","[4096,5120]",False,False,False,,,,0,0,4308575846777361,4308575850649257,
input5_layer53,,,,20260729T050800Z-fx-89687ae2-R032,pra2026-bh408@3d036144-16-32K-row0-greedy1024,3d03614452cd0a925abc82a7686560ff80252dfa,0,rank0,HCU0:TCA23906041001,chatcmpl-bench-7f1746b7-0-9eeec82b-9c959c99,5,5,53,0,prefill_chunk,4096,4096,16384,20480,linear_attention,,,"[4096,5120]","[4096,5120]","[3,4096]","[4096,5120]","[4096,5120]",False,False,False,,,,0,0,4308575852483744,4308575856101738,
input5_layer54,,,,20260729T050800Z-fx-89687ae2-R032,pra2026-bh408@3d036144-16-32K-row0-greedy1024,3d03614452cd0a925abc82a7686560ff80252dfa,0,rank0,HCU0:TCA23906041001,chatcmpl-bench-7f1746b7-0-9eeec82b-9c959c99,5,5,54,0,prefill_chunk,4096,4096,16384,20480,linear_attention,,,"[4096,5120]","[4096,5120]","[3,4096]","[4096,5120]","[4096,5120]",False,False,False,,,,0,0,4308575857728223,4308575861340286,
input5_layer55,,,,20260729T050800Z-fx-89687ae2-R032,pra2026-bh408@3d036144-16-32K-row0-greedy1024,3d03614452cd0a925abc82a7686560ff80252dfa,0,rank0,HCU0:TCA23906041001,chatcmpl-bench-7f1746b7-0-9eeec82b-9c959c99,5,5,55,0,prefill_chunk,4096,4096,16384,20480,full_attention,,,"[4096,5120]","[4096,5120]","[3,4096]","[4096,5120]","[4096,5120]",False,False,False,,,,0,0,4308575862886571,4308575865336094,
input5_layer56,,,,20260729T050800Z-fx-89687ae2-R032,pra2026-bh408@3d036144-16-32K-row0-greedy1024,3d03614452cd0a925abc82a7686560ff80252dfa,0,rank0,HCU0:TCA23906041001,chatcmpl-bench-7f1746b7-0-9eeec82b-9c959c99,5,5,56,0,prefill_chunk,4096,4096,16384,20480,linear_attention,,,"[4096,5120]","[4096,5120]","[3,4096]","[4096,5120]","[4096,5120]",False,False,False,,,,0,0,4308575867061460,4308575870731694,
input5_layer57,,,,20260729T050800Z-fx-89687ae2-R032,pra2026-bh408@3d036144-16-32K-row0-greedy1024,3d03614452cd0a925abc82a7686560ff80252dfa,0,rank0,HCU0:TCA23906041001,chatcmpl-bench-7f1746b7-0-9eeec82b-9c959c99,5,5,57,0,prefill_chunk,4096,4096,16384,20480,linear_attention,,,"[4096,5120]","[4096,5120]","[3,4096]","[4096,5120]","[4096,5120]",False,False,False,,,,0,0,4308575872336559,4308575875957832,
input5_layer58,,,,20260729T050800Z-fx-89687ae2-R032,pra2026-bh408@3d036144-16-32K-row0-greedy1024,3d03614452cd0a925abc82a7686560ff80252dfa,0,rank0,HCU0:TCA23906041001,chatcmpl-bench-7f1746b7-0-9eeec82b-9c959c99,5,5,58,0,prefill_chunk,4096,4096,16384,20480,linear_attention,,,"[4096,5120]","[4096,5120]","[3,4096]","[4096,5120]","[4096,5120]",False,False,False,,,,0,0,4308575877814019,4308575881456173,
input5_layer59,,,,20260729T050800Z-fx-89687ae2-R032,pra2026-bh408@3d036144-16-32K-row0-greedy1024,3d03614452cd0a925abc82a7686560ff80252dfa,0,rank0,HCU0:TCA23906041001,chatcmpl-bench-7f1746b7-0-9eeec82b-9c959c99,5,5,59,0,prefill_chunk,4096,4096,16384,20480,full_attention,,,"[4096,5120]","[4096,5120]","[3,4096]","[4096,5120]","[4096,5120]",False,False,False,,,,0,0,4308575883366661,4308575885806974,
input5_layer60,,,,20260729T050800Z-fx-89687ae2-R032,pra2026-bh408@3d036144-16-32K-row0-greedy1024,3d03614452cd0a925abc82a7686560ff80252dfa,0,rank0,HCU0:TCA23906041001,chatcmpl-bench-7f1746b7-0-9eeec82b-9c959c99,5,5,60,0,prefill_chunk,4096,4096,16384,20480,linear_attention,,,"[4096,5120]","[4096,5120]","[3,4096]","[4096,5120]","[4096,5120]",False,False,False,,,,0,0,4308575887482249,4308575891135093,
input5_layer61,,,,20260729T050800Z-fx-89687ae2-R032,pra2026-bh408@3d036144-16-32K-row0-greedy1024,3d03614452cd0a925abc82a7686560ff80252dfa,0,rank0,HCU0:TCA23906041001,chatcmpl-bench-7f1746b7-0-9eeec82b-9c959c99,5,5,61,0,prefill_chunk,4096,4096,16384,20480,linear_attention,,,"[4096,5120]","[4096,5120]","[3,4096]","[4096,5120]","[4096,5120]",False,False,False,,,,0,0,4308575892764248,4308575896429013,
input5_layer62,,,,20260729T050800Z-fx-89687ae2-R032,pra2026-bh408@3d036144-16-32K-row0-greedy1024,3d03614452cd0a925abc82a7686560ff80252dfa,0,rank0,HCU0:TCA23906041001,chatcmpl-bench-7f1746b7-0-9eeec82b-9c959c99,5,5,62,0,prefill_chunk,4096,4096,16384,20480,linear_attention,,,"[4096,5120]","[4096,5120]","[3,4096]","[4096,5120]","[4096,5120]",False,False,False,,,,0,0,4308575897980887,4308575901661501,
input5_layer63,,,,20260729T050800Z-fx-89687ae2-R032,pra2026-bh408@3d036144-16-32K-row0-greedy1024,3d03614452cd0a925abc82a7686560ff80252dfa,0,rank0,HCU0:TCA23906041001,chatcmpl-bench-7f1746b7-0-9eeec82b-9c959c99,5,5,63,0,prefill_chunk,4096,4096,16384,20480,full_attention,,,"[4096,5120]","[4096,5120]","[3,4096]","[4096,5120]","[4096,5120]",False,False,False,,,,0,0,4308575903464558,4308575905929381,
input6_layer0,,,,20260729T050800Z-fx-89687ae2-R032,pra2026-bh408@3d036144-16-32K-row0-greedy1024,3d03614452cd0a925abc82a7686560ff80252dfa,0,rank0,HCU0:TCA23906041001,chatcmpl-bench-7f1746b7-0-9eeec82b-9c959c99,6,6,0,0,prefill_chunk,105,105,20480,20585,linear_attention,,,"[105,5120]",null,"[3,105]","[105,5120]","[105,5120]",False,False,False,,,,0,0,4308576611350040,4308576635880548,
input6_layer1,,,,20260729T050800Z-fx-89687ae2-R032,pra2026-bh408@3d036144-16-32K-row0-greedy1024,3d03614452cd0a925abc82a7686560ff80252dfa,0,rank0,HCU0:TCA23906041001,chatcmpl-bench-7f1746b7-0-9eeec82b-9c959c99,6,6,1,0,prefill_chunk,105,105,20480,20585,linear_attention,,,"[105,5120]","[105,5120]","[3,105]","[105,5120]","[105,5120]",False,False,False,,,,0,0,4308576638217160,4308576641774883,
input6_layer2,,,,20260729T050800Z-fx-89687ae2-R032,pra2026-bh408@3d036144-16-32K-row0-greedy1024,3d03614452cd0a925abc82a7686560ff80252dfa,0,rank0,HCU0:TCA23906041001,chatcmpl-bench-7f1746b7-0-9eeec82b-9c959c99,6,6,2,0,prefill_chunk,105,105,20480,20585,linear_attention,,,"[105,5120]","[105,5120]","[3,105]","[105,5120]","[105,5120]",False,False,False,,,,0,0,4308576643559159,4308576646952321,
input6_layer3,,,,20260729T050800Z-fx-89687ae2-R032,pra2026-bh408@3d036144-16-32K-row0-greedy1024,3d03614452cd0a925abc82a7686560ff80252dfa,0,rank0,HCU0:TCA23906041001,chatcmpl-bench-7f1746b7-0-9eeec82b-9c959c99,6,6,3,0,prefill_chunk,105,105,20480,20585,full_attention,,,"[105,5120]","[105,5120]","[3,105]","[105,5120]","[105,5120]",False,False,False,,,,0,0,4308576648647807,4308576682605552,
input6_layer4,,,,20260729T050800Z-fx-89687ae2-R032,pra2026-bh408@3d036144-16-32K-row0-greedy1024,3d03614452cd0a925abc82a7686560ff80252dfa,0,rank0,HCU0:TCA23906041001,chatcmpl-bench-7f1746b7-0-9eeec82b-9c959c99,6,6,4,0,prefill_chunk,105,105,20480,20585,linear_attention,,,"[105,5120]","[105,5120]","[3,105]","[105,5120]","[105,5120]",False,False,False,,,,0,0,4308576685105456,4308576688970421,
input6_layer5,,,,20260729T050800Z-fx-89687ae2-R032,pra2026-bh408@3d036144-16-32K-row0-greedy1024,3d03614452cd0a925abc82a7686560ff80252dfa,0,rank0,HCU0:TCA23906041001,chatcmpl-bench-7f1746b7-0-9eeec82b-9c959c99,6,6,5,0,prefill_chunk,105,105,20480,20585,linear_attention,,,"[105,5120]","[105,5120]","[3,105]","[105,5120]","[105,5120]",False,False,False,,,,0,0,4308576690972240,4308576694336131,
input6_layer6,,,,20260729T050800Z-fx-89687ae2-R032,pra2026-bh408@3d036144-16-32K-row0-greedy1024,3d03614452cd0a925abc82a7686560ff80252dfa,0,rank0,HCU0:TCA23906041001,chatcmpl-bench-7f1746b7-0-9eeec82b-9c959c99,6,6,6,0,prefill_chunk,105,105,20480,20585,linear_attention,,,"[105,5120]","[105,5120]","[3,105]","[105,5120]","[105,5120]",False,False,False,,,,0,0,4308576696254079,4308576699630731,
input6_layer7,,,,20260729T050800Z-fx-89687ae2-R032,pra2026-bh408@3d036144-16-32K-row0-greedy1024,3d03614452cd0a925abc82a7686560ff80252dfa,0,rank0,HCU0:TCA23906041001,chatcmpl-bench-7f1746b7-0-9eeec82b-9c959c99,6,6,7,0,prefill_chunk,105,105,20480,20585,full_attention,,,"[105,5120]","[105,5120]","[3,105]","[105,5120]","[105,5120]",False,False,False,,,,0,0,4308576701579739,4308576703708828,
input6_layer8,,,,20260729T050800Z-fx-89687ae2-R032,pra2026-bh408@3d036144-16-32K-row0-greedy1024,3d03614452cd0a925abc82a7686560ff80252dfa,0,rank0,HCU0:TCA23906041001,chatcmpl-bench-7f1746b7-0-9eeec82b-9c959c99,6,6,8,0,prefill_chunk,105,105,20480,20585,linear_attention,,,"[105,5120]","[105,5120]","[3,105]","[105,5120]","[105,5120]",False,False,False,,,,0,0,4308576705526415,4308576708841276,
input6_layer9,,,,20260729T050800Z-fx-89687ae2-R032,pra2026-bh408@3d036144-16-32K-row0-greedy1024,3d03614452cd0a925abc82a7686560ff80252dfa,0,rank0,HCU0:TCA23906041001,chatcmpl-bench-7f1746b7-0-9eeec82b-9c959c99,6,6,9,0,prefill_chunk,105,105,20480,20585,linear_attention,,,"[105,5120]","[105,5120]","[3,105]","[105,5120]","[105,5120]",False,False,False,,,,0,0,4308576710527432,4308576713812092,
input6_layer10,,,,20260729T050800Z-fx-89687ae2-R032,pra2026-bh408@3d036144-16-32K-row0-greedy1024,3d03614452cd0a925abc82a7686560ff80252dfa,0,rank0,HCU0:TCA23906041001,chatcmpl-bench-7f1746b7-0-9eeec82b-9c959c99,6,6,10,0,prefill_chunk,105,105,20480,20585,linear_attention,,,"[105,5120]","[105,5120]","[3,105]","[105,5120]","[105,5120]",False,False,False,,,,0,0,4308576715475948,4308576718767439,
input6_layer11,,,,20260729T050800Z-fx-89687ae2-R032,pra2026-bh408@3d036144-16-32K-row0-greedy1024,3d03614452cd0a925abc82a7686560ff80252dfa,0,rank0,HCU0:TCA23906041001,chatcmpl-bench-7f1746b7-0-9eeec82b-9c959c99,6,6,11,0,prefill_chunk,105,105,20480,20585,full_attention,,,"[105,5120]","[105,5120]","[3,105]","[105,5120]","[105,5120]",False,False,False,,,,0,0,4308576720581915,4308576722574664,
input6_layer12,,,,20260729T050800Z-fx-89687ae2-R032,pra2026-bh408@3d036144-16-32K-row0-greedy1024,3d03614452cd0a925abc82a7686560ff80252dfa,0,rank0,HCU0:TCA23906041001,chatcmpl-bench-7f1746b7-0-9eeec82b-9c959c99,6,6,12,0,prefill_chunk,105,105,20480,20585,linear_attention,,,"[105,5120]","[105,5120]","[3,105]","[105,5120]","[105,5120]",False,False,False,,,,0,0,4308576724443001,4308576727762012,
input6_layer13,,,,20260729T050800Z-fx-89687ae2-R032,pra2026-bh408@3d036144-16-32K-row0-greedy1024,3d03614452cd0a925abc82a7686560ff80252dfa,0,rank0,HCU0:TCA23906041001,chatcmpl-bench-7f1746b7-0-9eeec82b-9c959c99,6,6,13,0,prefill_chunk,105,105,20480,20585,linear_attention,,,"[105,5120]","[105,5120]","[3,105]","[105,5120]","[105,5120]",False,False,False,,,,0,0,4308576729578739,4308576732837499,
input6_layer14,,,,20260729T050800Z-fx-89687ae2-R032,pra2026-bh408@3d036144-16-32K-row0-greedy1024,3d03614452cd0a925abc82a7686560ff80252dfa,0,rank0,HCU0:TCA23906041001,chatcmpl-bench-7f1746b7-0-9eeec82b-9c959c99,6,6,14,0,prefill_chunk,105,105,20480,20585,linear_attention,,,"[105,5120]","[105,5120]","[3,105]","[105,5120]","[105,5120]",False,False,False,,,,0,0,4308576734637106,4308576737892876,
input6_layer15,,,,20260729T050800Z-fx-89687ae2-R032,pra2026-bh408@3d036144-16-32K-row0-greedy1024,3d03614452cd0a925abc82a7686560ff80252dfa,0,rank0,HCU0:TCA23906041001,chatcmpl-bench-7f1746b7-0-9eeec82b-9c959c99,6,6,15,0,prefill_chunk,105,105,20480,20585,full_attention,,,"[105,5120]","[105,5120]","[3,105]","[105,5120]","[105,5120]",False,False,False,,,,0,0,4308576739670353,4308576741651101,
input6_layer16,,,,20260729T050800Z-fx-89687ae2-R032,pra2026-bh408@3d036144-16-32K-row0-greedy1024,3d03614452cd0a925abc82a7686560ff80252dfa,0,rank0,HCU0:TCA23906041001,chatcmpl-bench-7f1746b7-0-9eeec82b-9c959c99,6,6,16,0,prefill_chunk,105,105,20480,20585,linear_attention,,,"[105,5120]","[105,5120]","[3,105]","[105,5120]","[105,5120]",False,False,False,,,,0,0,4308576743275396,4308576746565377,
input6_layer17,,,,20260729T050800Z-fx-89687ae2-R032,pra2026-bh408@3d036144-16-32K-row0-greedy1024,3d03614452cd0a925abc82a7686560ff80252dfa,0,rank0,HCU0:TCA23906041001,chatcmpl-bench-7f1746b7-0-9eeec82b-9c959c99,6,6,17,0,prefill_chunk,105,105,20480,20585,linear_attention,,,"[105,5120]","[105,5120]","[3,105]","[105,5120]","[105,5120]",False,False,False,,,,0,0,4308576748308803,4308576751581614,
input6_layer18,,,,20260729T050800Z-fx-89687ae2-R032,pra2026-bh408@3d036144-16-32K-row0-greedy1024,3d03614452cd0a925abc82a7686560ff80252dfa,0,rank0,HCU0:TCA23906041001,chatcmpl-bench-7f1746b7-0-9eeec82b-9c959c99,6,6,18,0,prefill_chunk,105,105,20480,20585,linear_attention,,,"[105,5120]","[105,5120]","[3,105]","[105,5120]","[105,5120]",False,False,False,,,,0,0,4308576753411411,4308576756667221,
input6_layer19,,,,20260729T050800Z-fx-89687ae2-R032,pra2026-bh408@3d036144-16-32K-row0-greedy1024,3d03614452cd0a925abc82a7686560ff80252dfa,0,rank0,HCU0:TCA23906041001,chatcmpl-bench-7f1746b7-0-9eeec82b-9c959c99,6,6,19,0,prefill_chunk,105,105,20480,20585,full_attention,,,"[105,5120]","[105,5120]","[3,105]","[105,5120]","[105,5120]",False,False,False,,,,0,0,4308576758444977,4308576760428666,
input6_layer20,,,,20260729T050800Z-fx-89687ae2-R032,pra2026-bh408@3d036144-16-32K-row0-greedy1024,3d03614452cd0a925abc82a7686560ff80252dfa,0,rank0,HCU0:TCA23906041001,chatcmpl-bench-7f1746b7-0-9eeec82b-9c959c99,6,6,20,0,prefill_chunk,105,105,20480,20585,linear_attention,,,"[105,5120]","[105,5120]","[3,105]","[105,5120]","[105,5120]",False,False,False,,,,0,0,4308576762281543,4308576765546483,
input6_layer21,,,,20260729T050800Z-fx-89687ae2-R032,pra2026-bh408@3d036144-16-32K-row0-greedy1024,3d03614452cd0a925abc82a7686560ff80252dfa,0,rank0,HCU0:TCA23906041001,chatcmpl-bench-7f1746b7-0-9eeec82b-9c959c99,6,6,21,0,prefill_chunk,105,105,20480,20585,linear_attention,,,"[105,5120]","[105,5120]","[3,105]","[105,5120]","[105,5120]",False,False,False,,,,0,0,4308576767560522,4308576770805322,
input6_layer22,,,,20260729T050800Z-fx-89687ae2-R032,pra2026-bh408@3d036144-16-32K-row0-greedy1024,3d03614452cd0a925abc82a7686560ff80252dfa,0,rank0,HCU0:TCA23906041001,chatcmpl-bench-7f1746b7-0-9eeec82b-9c959c99,6,6,22,0,prefill_chunk,105,105,20480,20585,linear_attention,,,"[105,5120]","[105,5120]","[3,105]","[105,5120]","[105,5120]",False,False,False,,,,0,0,4308576772554349,4308576775876699,
input6_layer23,,,,20260729T050800Z-fx-89687ae2-R032,pra2026-bh408@3d036144-16-32K-row0-greedy1024,3d03614452cd0a925abc82a7686560ff80252dfa,0,rank0,HCU0:TCA23906041001,chatcmpl-bench-7f1746b7-0-9eeec82b-9c959c99,6,6,23,0,prefill_chunk,105,105,20480,20585,full_attention,,,"[105,5120]","[105,5120]","[3,105]","[105,5120]","[105,5120]",False,False,False,,,,0,0,4308576777653636,4308576779646884,
input6_layer24,,,,20260729T050800Z-fx-89687ae2-R032,pra2026-bh408@3d036144-16-32K-row0-greedy1024,3d03614452cd0a925abc82a7686560ff80252dfa,0,rank0,HCU0:TCA23906041001,chatcmpl-bench-7f1746b7-0-9eeec82b-9c959c99,6,6,24,0,prefill_chunk,105,105,20480,20585,linear_attention,,,"[105,5120]","[105,5120]","[3,105]","[105,5120]","[105,5120]",False,False,False,,,,0,0,4308576781210319,4308576784502530,
input6_layer25,,,,20260729T050800Z-fx-89687ae2-R032,pra2026-bh408@3d036144-16-32K-row0-greedy1024,3d03614452cd0a925abc82a7686560ff80252dfa,0,rank0,HCU0:TCA23906041001,chatcmpl-bench-7f1746b7-0-9eeec82b-9c959c99,6,6,25,0,prefill_chunk,105,105,20480,20585,linear_attention,,,"[105,5120]","[105,5120]","[3,105]","[105,5120]","[105,5120]",False,False,False,,,,0,0,4308576786310056,4308576789583187,
input6_layer26,,,,20260729T050800Z-fx-89687ae2-R032,pra2026-bh408@3d036144-16-32K-row0-greedy1024,3d03614452cd0a925abc82a7686560ff80252dfa,0,rank0,HCU0:TCA23906041001,chatcmpl-bench-7f1746b7-0-9eeec82b-9c959c99,6,6,26,0,prefill_chunk,105,105,20480,20585,linear_attention,,,"[105,5120]","[105,5120]","[3,105]","[105,5120]","[105,5120]",False,False,False,,,,0,0,4308576791421224,4308576794698174,
input6_layer27,,,,20260729T050800Z-fx-89687ae2-R032,pra2026-bh408@3d036144-16-32K-row0-greedy1024,3d03614452cd0a925abc82a7686560ff80252dfa,0,rank0,HCU0:TCA23906041001,chatcmpl-bench-7f1746b7-0-9eeec82b-9c959c99,6,6,27,0,prefill_chunk,105,105,20480,20585,full_attention,,,"[105,5120]","[105,5120]","[3,105]","[105,5120]","[105,5120]",False,False,False,,,,0,0,4308576796444201,4308576798447439,
input6_layer28,,,,20260729T050800Z-fx-89687ae2-R032,pra2026-bh408@3d036144-16-32K-row0-greedy1024,3d03614452cd0a925abc82a7686560ff80252dfa,0,rank0,HCU0:TCA23906041001,chatcmpl-bench-7f1746b7-0-9eeec82b-9c959c99,6,6,28,0,prefill_chunk,105,105,20480,20585,linear_attention,,,"[105,5120]","[105,5120]","[3,105]","[105,5120]","[105,5120]",False,False,False,,,,0,0,4308576800126375,4308576803416925,
input6_layer29,,,,20260729T050800Z-fx-89687ae2-R032,pra2026-bh408@3d036144-16-32K-row0-greedy1024,3d03614452cd0a925abc82a7686560ff80252dfa,0,rank0,HCU0:TCA23906041001,chatcmpl-bench-7f1746b7-0-9eeec82b-9c959c99,6,6,29,0,prefill_chunk,105,105,20480,20585,linear_attention,,,"[105,5120]","[105,5120]","[3,105]","[105,5120]","[105,5120]",False,False,False,,,,0,0,4308576805135192,4308576808426392,
input6_layer30,,,,20260729T050800Z-fx-89687ae2-R032,pra2026-bh408@3d036144-16-32K-row0-greedy1024,3d03614452cd0a925abc82a7686560ff80252dfa,0,rank0,HCU0:TCA23906041001,chatcmpl-bench-7f1746b7-0-9eeec82b-9c959c99,6,6,30,0,prefill_chunk,105,105,20480,20585,linear_attention,,,"[105,5120]","[105,5120]","[3,105]","[105,5120]","[105,5120]",False,False,False,,,,0,0,4308576810030987,4308576813298817,
input6_layer31,,,,20260729T050800Z-fx-89687ae2-R032,pra2026-bh408@3d036144-16-32K-row0-greedy1024,3d03614452cd0a925abc82a7686560ff80252dfa,0,rank0,HCU0:TCA23906041001,chatcmpl-bench-7f1746b7-0-9eeec82b-9c959c99,6,6,31,0,prefill_chunk,105,105,20480,20585,full_attention,,,"[105,5120]","[105,5120]","[3,105]","[105,5120]","[105,5120]",False,False,False,,,,0,0,4308576815237465,4308576817226054,
input6_layer32,,,,20260729T050800Z-fx-89687ae2-R032,pra2026-bh408@3d036144-16-32K-row0-greedy1024,3d03614452cd0a925abc82a7686560ff80252dfa,0,rank0,HCU0:TCA23906041001,chatcmpl-bench-7f1746b7-0-9eeec82b-9c959c99,6,6,32,0,prefill_chunk,105,105,20480,20585,linear_attention,,,"[105,5120]","[105,5120]","[3,105]","[105,5120]","[105,5120]",False,False,False,,,,0,0,4308576818952720,4308576822286931,
input6_layer33,,,,20260729T050800Z-fx-89687ae2-R032,pra2026-bh408@3d036144-16-32K-row0-greedy1024,3d03614452cd0a925abc82a7686560ff80252dfa,0,rank0,HCU0:TCA23906041001,chatcmpl-bench-7f1746b7-0-9eeec82b-9c959c99,6,6,33,0,prefill_chunk,105,105,20480,20585,linear_attention,,,"[105,5120]","[105,5120]","[3,105]","[105,5120]","[105,5120]",False,False,False,,,,0,0,4308576824274769,4308576827772172,
input6_layer34,,,,20260729T050800Z-fx-89687ae2-R032,pra2026-bh408@3d036144-16-32K-row0-greedy1024,3d03614452cd0a925abc82a7686560ff80252dfa,0,rank0,HCU0:TCA23906041001,chatcmpl-bench-7f1746b7-0-9eeec82b-9c959c99,6,6,34,0,prefill_chunk,105,105,20480,20585,linear_attention,,,"[105,5120]","[105,5120]","[3,105]","[105,5120]","[105,5120]",False,False,False,,,,0,0,4308576829401107,4308576832687838,
input6_layer35,,,,20260729T050800Z-fx-89687ae2-R032,pra2026-bh408@3d036144-16-32K-row0-greedy1024,3d03614452cd0a925abc82a7686560ff80252dfa,0,rank0,HCU0:TCA23906041001,chatcmpl-bench-7f1746b7-0-9eeec82b-9c959c99,6,6,35,0,prefill_chunk,105,105,20480,20585,full_attention,,,"[105,5120]","[105,5120]","[3,105]","[105,5120]","[105,5120]",False,False,False,,,,0,0,4308576834306313,4308576836304681,
input6_layer36,,,,20260729T050800Z-fx-89687ae2-R032,pra2026-bh408@3d036144-16-32K-row0-greedy1024,3d03614452cd0a925abc82a7686560ff80252dfa,0,rank0,HCU0:TCA23906041001,chatcmpl-bench-7f1746b7-0-9eeec82b-9c959c99,6,6,36,0,prefill_chunk,105,105,20480,20585,linear_attention,,,"[105,5120]","[105,5120]","[3,105]","[105,5120]","[105,5120]",False,False,False,,,,0,0,4308576838028007,4308576841347418,
input6_layer37,,,,20260729T050800Z-fx-89687ae2-R032,pra2026-bh408@3d036144-16-32K-row0-greedy1024,3d03614452cd0a925abc82a7686560ff80252dfa,0,rank0,HCU0:TCA23906041001,chatcmpl-bench-7f1746b7-0-9eeec82b-9c959c99,6,6,37,0,prefill_chunk,105,105,20480,20585,linear_attention,,,"[105,5120]","[105,5120]","[3,105]","[105,5120]","[105,5120]",False,False,False,,,,0,0,4308576842964133,4308576846339364,
input6_layer38,,,,20260729T050800Z-fx-89687ae2-R032,pra2026-bh408@3d036144-16-32K-row0-greedy1024,3d03614452cd0a925abc82a7686560ff80252dfa,0,rank0,HCU0:TCA23906041001,chatcmpl-bench-7f1746b7-0-9eeec82b-9c959c99,6,6,38,0,prefill_chunk,105,105,20480,20585,linear_attention,,,"[105,5120]","[105,5120]","[3,105]","[105,5120]","[105,5120]",False,False,False,,,,0,0,4308576848058181,4308576851564583,
input6_layer39,,,,20260729T050800Z-fx-89687ae2-R032,pra2026-bh408@3d036144-16-32K-row0-greedy1024,3d03614452cd0a925abc82a7686560ff80252dfa,0,rank0,HCU0:TCA23906041001,chatcmpl-bench-7f1746b7-0-9eeec82b-9c959c99,6,6,39,0,prefill_chunk,105,105,20480,20585,full_attention,,,"[105,5120]","[105,5120]","[3,105]","[105,5120]","[105,5120]",False,False,False,,,,0,0,4308576853491581,4308576855490360,
input6_layer40,,,,20260729T050800Z-fx-89687ae2-R032,pra2026-bh408@3d036144-16-32K-row0-greedy1024,3d03614452cd0a925abc82a7686560ff80252dfa,0,rank0,HCU0:TCA23906041001,chatcmpl-bench-7f1746b7-0-9eeec82b-9c959c99,6,6,40,0,prefill_chunk,105,105,20480,20585,linear_attention,,,"[105,5120]","[105,5120]","[3,105]","[105,5120]","[105,5120]",False,False,False,,,,0,0,4308576857538839,4308576860832429,
input6_layer41,,,,20260729T050800Z-fx-89687ae2-R032,pra2026-bh408@3d036144-16-32K-row0-greedy1024,3d03614452cd0a925abc82a7686560ff80252dfa,0,rank0,HCU0:TCA23906041001,chatcmpl-bench-7f1746b7-0-9eeec82b-9c959c99,6,6,41,0,prefill_chunk,105,105,20480,20585,linear_attention,,,"[105,5120]","[105,5120]","[3,105]","[105,5120]","[105,5120]",False,False,False,,,,0,0,4308576862759437,4308576866032798,
input6_layer42,,,,20260729T050800Z-fx-89687ae2-R032,pra2026-bh408@3d036144-16-32K-row0-greedy1024,3d03614452cd0a925abc82a7686560ff80252dfa,0,rank0,HCU0:TCA23906041001,chatcmpl-bench-7f1746b7-0-9eeec82b-9c959c99,6,6,42,0,prefill_chunk,105,105,20480,20585,linear_attention,,,"[105,5120]","[105,5120]","[3,105]","[105,5120]","[105,5120]",False,False,False,,,,0,0,4308576867845374,4308576871137995,
input6_layer43,,,,20260729T050800Z-fx-89687ae2-R032,pra2026-bh408@3d036144-16-32K-row0-greedy1024,3d03614452cd0a925abc82a7686560ff80252dfa,0,rank0,HCU0:TCA23906041001,chatcmpl-bench-7f1746b7-0-9eeec82b-9c959c99,6,6,43,0,prefill_chunk,105,105,20480,20585,full_attention,,,"[105,5120]","[105,5120]","[3,105]","[105,5120]","[105,5120]",False,False,False,,,,0,0,4308576872986672,4308576874982191,
input6_layer44,,,,20260729T050800Z-fx-89687ae2-R032,pra2026-bh408@3d036144-16-32K-row0-greedy1024,3d03614452cd0a925abc82a7686560ff80252dfa,0,rank0,HCU0:TCA23906041001,chatcmpl-bench-7f1746b7-0-9eeec82b-9c959c99,6,6,44,0,prefill_chunk,105,105,20480,20585,linear_attention,,,"[105,5120]","[105,5120]","[3,105]","[105,5120]","[105,5120]",False,False,False,,,,0,0,4308576876676547,4308576879999187,
input6_layer45,,,,20260729T050800Z-fx-89687ae2-R032,pra2026-bh408@3d036144-16-32K-row0-greedy1024,3d03614452cd0a925abc82a7686560ff80252dfa,0,rank0,HCU0:TCA23906041001,chatcmpl-bench-7f1746b7-0-9eeec82b-9c959c99,6,6,45,0,prefill_chunk,105,105,20480,20585,linear_attention,,,"[105,5120]","[105,5120]","[3,105]","[105,5120]","[105,5120]",False,False,False,,,,0,0,4308576881887025,4308576885178136,
input6_layer46,,,,20260729T050800Z-fx-89687ae2-R032,pra2026-bh408@3d036144-16-32K-row0-greedy1024,3d03614452cd0a925abc82a7686560ff80252dfa,0,rank0,HCU0:TCA23906041001,chatcmpl-bench-7f1746b7-0-9eeec82b-9c959c99,6,6,46,0,prefill_chunk,105,105,20480,20585,linear_attention,,,"[105,5120]","[105,5120]","[3,105]","[105,5120]","[105,5120]",False,False,False,,,,0,0,4308576887095323,4308576890362784,
input6_layer47,,,,20260729T050800Z-fx-89687ae2-R032,pra2026-bh408@3d036144-16-32K-row0-greedy1024,3d03614452cd0a925abc82a7686560ff80252dfa,0,rank0,HCU0:TCA23906041001,chatcmpl-bench-7f1746b7-0-9eeec82b-9c959c99,6,6,47,0,prefill_chunk,105,105,20480,20585,full_attention,,,"[105,5120]","[105,5120]","[3,105]","[105,5120]","[105,5120]",False,False,False,,,,0,0,4308576892159891,4308576894171389,
input6_layer48,,,,20260729T050800Z-fx-89687ae2-R032,pra2026-bh408@3d036144-16-32K-row0-greedy1024,3d03614452cd0a925abc82a7686560ff80252dfa,0,rank0,HCU0:TCA23906041001,chatcmpl-bench-7f1746b7-0-9eeec82b-9c959c99,6,6,48,0,prefill_chunk,105,105,20480,20585,linear_attention,,,"[105,5120]","[105,5120]","[3,105]","[105,5120]","[105,5120]",False,False,False,,,,0,0,4308576896001466,4308576899324677,
input6_layer49,,,,20260729T050800Z-fx-89687ae2-R032,pra2026-bh408@3d036144-16-32K-row0-greedy1024,3d03614452cd0a925abc82a7686560ff80252dfa,0,rank0,HCU0:TCA23906041001,chatcmpl-bench-7f1746b7-0-9eeec82b-9c959c99,6,6,49,0,prefill_chunk,105,105,20480,20585,linear_attention,,,"[105,5120]","[105,5120]","[3,105]","[105,5120]","[105,5120]",False,False,False,,,,0,0,4308576901197275,4308576904488895,
input6_layer50,,,,20260729T050800Z-fx-89687ae2-R032,pra2026-bh408@3d036144-16-32K-row0-greedy1024,3d03614452cd0a925abc82a7686560ff80252dfa,0,rank0,HCU0:TCA23906041001,chatcmpl-bench-7f1746b7-0-9eeec82b-9c959c99,6,6,50,0,prefill_chunk,105,105,20480,20585,linear_attention,,,"[105,5120]","[105,5120]","[3,105]","[105,5120]","[105,5120]",False,False,False,,,,0,0,4308576906222861,4308576909501792,
input6_layer51,,,,20260729T050800Z-fx-89687ae2-R032,pra2026-bh408@3d036144-16-32K-row0-greedy1024,3d03614452cd0a925abc82a7686560ff80252dfa,0,rank0,HCU0:TCA23906041001,chatcmpl-bench-7f1746b7-0-9eeec82b-9c959c99,6,6,51,0,prefill_chunk,105,105,20480,20585,full_attention,,,"[105,5120]","[105,5120]","[3,105]","[105,5120]","[105,5120]",False,False,False,,,,0,0,4308576911443540,4308576913433418,
input6_layer52,,,,20260729T050800Z-fx-89687ae2-R032,pra2026-bh408@3d036144-16-32K-row0-greedy1024,3d03614452cd0a925abc82a7686560ff80252dfa,0,rank0,HCU0:TCA23906041001,chatcmpl-bench-7f1746b7-0-9eeec82b-9c959c99,6,6,52,0,prefill_chunk,105,105,20480,20585,linear_attention,,,"[105,5120]","[105,5120]","[3,105]","[105,5120]","[105,5120]",False,False,False,,,,0,0,4308576915445017,4308576918749688,
input6_layer53,,,,20260729T050800Z-fx-89687ae2-R032,pra2026-bh408@3d036144-16-32K-row0-greedy1024,3d03614452cd0a925abc82a7686560ff80252dfa,0,rank0,HCU0:TCA23906041001,chatcmpl-bench-7f1746b7-0-9eeec82b-9c959c99,6,6,53,0,prefill_chunk,105,105,20480,20585,linear_attention,,,"[105,5120]","[105,5120]","[3,105]","[105,5120]","[105,5120]",False,False,False,,,,0,0,4308576920448454,4308576923717254,
input6_layer54,,,,20260729T050800Z-fx-89687ae2-R032,pra2026-bh408@3d036144-16-32K-row0-greedy1024,3d03614452cd0a925abc82a7686560ff80252dfa,0,rank0,HCU0:TCA23906041001,chatcmpl-bench-7f1746b7-0-9eeec82b-9c959c99,6,6,54,0,prefill_chunk,105,105,20480,20585,linear_attention,,,"[105,5120]","[105,5120]","[3,105]","[105,5120]","[105,5120]",False,False,False,,,,0,0,4308576925416950,4308576928726860,
input6_layer55,,,,20260729T050800Z-fx-89687ae2-R032,pra2026-bh408@3d036144-16-32K-row0-greedy1024,3d03614452cd0a925abc82a7686560ff80252dfa,0,rank0,HCU0:TCA23906041001,chatcmpl-bench-7f1746b7-0-9eeec82b-9c959c99,6,6,55,0,prefill_chunk,105,105,20480,20585,full_attention,,,"[105,5120]","[105,5120]","[3,105]","[105,5120]","[105,5120]",False,False,False,,,,0,0,4308576930508927,4308576932501046,
input6_layer56,,,,20260729T050800Z-fx-89687ae2-R032,pra2026-bh408@3d036144-16-32K-row0-greedy1024,3d03614452cd0a925abc82a7686560ff80252dfa,0,rank0,HCU0:TCA23906041001,chatcmpl-bench-7f1746b7-0-9eeec82b-9c959c99,6,6,56,0,prefill_chunk,105,105,20480,20585,linear_attention,,,"[105,5120]","[105,5120]","[3,105]","[105,5120]","[105,5120]",False,False,False,,,,0,0,4308576934207741,4308576937503162,
input6_layer57,,,,20260729T050800Z-fx-89687ae2-R032,pra2026-bh408@3d036144-16-32K-row0-greedy1024,3d03614452cd0a925abc82a7686560ff80252dfa,0,rank0,HCU0:TCA23906041001,chatcmpl-bench-7f1746b7-0-9eeec82b-9c959c99,6,6,57,0,prefill_chunk,105,105,20480,20585,linear_attention,,,"[105,5120]","[105,5120]","[3,105]","[105,5120]","[105,5120]",False,False,False,,,,0,0,4308576939287409,4308576942584889,
input6_layer58,,,,20260729T050800Z-fx-89687ae2-R032,pra2026-bh408@3d036144-16-32K-row0-greedy1024,3d03614452cd0a925abc82a7686560ff80252dfa,0,rank0,HCU0:TCA23906041001,chatcmpl-bench-7f1746b7-0-9eeec82b-9c959c99,6,6,58,0,prefill_chunk,105,105,20480,20585,linear_attention,,,"[105,5120]","[105,5120]","[3,105]","[105,5120]","[105,5120]",False,False,False,,,,0,0,4308576944182734,4308576947452085,
input6_layer59,,,,20260729T050800Z-fx-89687ae2-R032,pra2026-bh408@3d036144-16-32K-row0-greedy1024,3d03614452cd0a925abc82a7686560ff80252dfa,0,rank0,HCU0:TCA23906041001,chatcmpl-bench-7f1746b7-0-9eeec82b-9c959c99,6,6,59,0,prefill_chunk,105,105,20480,20585,full_attention,,,"[105,5120]","[105,5120]","[3,105]","[105,5120]","[105,5120]",False,False,False,,,,0,0,4308576949007429,4308576951003438,
input6_layer60,,,,20260729T050800Z-fx-89687ae2-R032,pra2026-bh408@3d036144-16-32K-row0-greedy1024,3d03614452cd0a925abc82a7686560ff80252dfa,0,rank0,HCU0:TCA23906041001,chatcmpl-bench-7f1746b7-0-9eeec82b-9c959c99,6,6,60,0,prefill_chunk,105,105,20480,20585,linear_attention,,,"[105,5120]","[105,5120]","[3,105]","[105,5120]","[105,5120]",False,False,False,,,,0,0,4308576952692493,4308576956014524,
input6_layer61,,,,20260729T050800Z-fx-89687ae2-R032,pra2026-bh408@3d036144-16-32K-row0-greedy1024,3d03614452cd0a925abc82a7686560ff80252dfa,0,rank0,HCU0:TCA23906041001,chatcmpl-bench-7f1746b7-0-9eeec82b-9c959c99,6,6,61,0,prefill_chunk,105,105,20480,20585,linear_attention,,,"[105,5120]","[105,5120]","[3,105]","[105,5120]","[105,5120]",False,False,False,,,,0,0,4308576957764060,4308576961042761,
input6_layer62,selected:04,chatcmpl-bench-7f1746b7-0-9eeec82b|s6|f6|l62|o0,20260729T050800Z-fx-89687ae2-R02,20260729T050800Z-fx-89687ae2-R032,pra2026-bh408@3d036144-16-32K-row0-greedy1024,3d03614452cd0a925abc82a7686560ff80252dfa,0,rank0,HCU0:TCA23906041001,chatcmpl-bench-7f1746b7-0-9eeec82b-9c959c99,6,6,62,0,prefill_chunk,105,105,20480,20585,linear_attention,False,request_id:'chatcmpl-bench-7f1746b7-0-9eeec82b-9c959c99'!='chatcmpl-bench-7f1746b7-0-9eeec82b',"[105,5120]","[105,5120]","[3,105]","[105,5120]","[105,5120]",True,True,True,ok,78,/public/home/tangyu408/Qwen_DCU_Worker_0/workload_profile/fx/traces/20260729T050800Z-fx-89687ae2-R032-qwen35-27b-eager-row0-hcu0/input6_layer62,4308576962711616,4308576968334649,4308576970337377,4308576974343695,
input6_layer63,selected:05,chatcmpl-bench-7f1746b7-0-9eeec82b|s6|f6|l63|o0,20260729T050800Z-fx-89687ae2-R02,20260729T050800Z-fx-89687ae2-R032,pra2026-bh408@3d036144-16-32K-row0-greedy1024,3d03614452cd0a925abc82a7686560ff80252dfa,0,rank0,HCU0:TCA23906041001,chatcmpl-bench-7f1746b7-0-9eeec82b-9c959c99,6,6,63,0,prefill_chunk,105,105,20480,20585,full_attention,False,request_id:'chatcmpl-bench-7f1746b7-0-9eeec82b-9c959c99'!='chatcmpl-bench-7f1746b7-0-9eeec82b',"[105,5120]","[105,5120]","[3,105]","[105,5120]","[105,5120]",True,True,True,ok,155,/public/home/tangyu408/Qwen_DCU_Worker_0/workload_profile/fx/traces/20260729T050800Z-fx-89687ae2-R032-qwen35-27b-eager-row0-hcu0/input6_layer63,4308576976222642,4308577095198008,4308577097767762,4308577100600308,
input7_layer0,selected:06,chatcmpl-bench-7f1746b7-0-9eeec82b|s7|f7|l0|o0,20260729T050800Z-fx-89687ae2-R02,20260729T050800Z-fx-89687ae2-R032,pra2026-bh408@3d036144-16-32K-row0-greedy1024,3d03614452cd0a925abc82a7686560ff80252dfa,0,rank0,HCU0:TCA23906041001,chatcmpl-bench-7f1746b7-0-9eeec82b-9c959c99,7,7,0,0,decode,1,1,20585,20586,linear_attention,False,request_id:'chatcmpl-bench-7f1746b7-0-9eeec82b-9c959c99'!='chatcmpl-bench-7f1746b7-0-9eeec82b',"[1,5120]",null,"[3,1]","[1,5120]","[1,5120]",True,True,True,ok,74,/public/home/tangyu408/Qwen_DCU_Worker_0/workload_profile/fx/traces/20260729T050800Z-fx-89687ae2-R032-qwen35-27b-eager-row0-hcu0/input7_layer0,4308577106323892,4308577113005394,4308577115086813,4308577388099391,
input7_layer1,,,,20260729T050800Z-fx-89687ae2-R032,pra2026-bh408@3d036144-16-32K-row0-greedy1024,3d03614452cd0a925abc82a7686560ff80252dfa,0,rank0,HCU0:TCA23906041001,chatcmpl-bench-7f1746b7-0-9eeec82b-9c959c99,7,7,1,0,decode,1,1,20585,20586,linear_attention,,,"[1,5120]","[1,5120]","[3,1]","[1,5120]","[1,5120]",False,False,False,,,,0,0,4308577390897727,4308577451336609,
input7_layer2,,,,20260729T050800Z-fx-89687ae2-R032,pra2026-bh408@3d036144-16-32K-row0-greedy1024,3d03614452cd0a925abc82a7686560ff80252dfa,0,rank0,HCU0:TCA23906041001,chatcmpl-bench-7f1746b7-0-9eeec82b-9c959c99,7,7,2,0,decode,1,1,20585,20586,linear_attention,,,"[1,5120]","[1,5120]","[3,1]","[1,5120]","[1,5120]",False,False,False,,,,0,0,4308577454679360,4308577456290415,
input7_layer3,selected:07,chatcmpl-bench-7f1746b7-0-9eeec82b|s7|f7|l3|o0,20260729T050800Z-fx-89687ae2-R02,20260729T050800Z-fx-89687ae2-R032,pra2026-bh408@3d036144-16-32K-row0-greedy1024,3d03614452cd0a925abc82a7686560ff80252dfa,0,rank0,HCU0:TCA23906041001,chatcmpl-bench-7f1746b7-0-9eeec82b-9c959c99,7,7,3,0,decode,1,1,20585,20586,full_attention,False,request_id:'chatcmpl-bench-7f1746b7-0-9eeec82b-9c959c99'!='chatcmpl-bench-7f1746b7-0-9eeec82b',"[1,5120]","[1,5120]","[3,1]","[1,5120]","[1,5120]",True,True,True,ok,155,/public/home/tangyu408/Qwen_DCU_Worker_0/workload_profile/fx/traces/20260729T050800Z-fx-89687ae2-R032-qwen35-27b-eager-row0-hcu0/input7_layer3,4308577458345474,4308577573561075,4308577576144699,4308577780898163,
input7_layer4,,,,20260729T050800Z-fx-89687ae2-R032,pra2026-bh408@3d036144-16-32K-row0-greedy1024,3d03614452cd0a925abc82a7686560ff80252dfa,0,rank0,HCU0:TCA23906041001,chatcmpl-bench-7f1746b7-0-9eeec82b-9c959c99,7,7,4,0,decode,1,1,20585,20586,linear_attention,,,"[1,5120]","[1,5120]","[3,1]","[1,5120]","[1,5120]",False,False,False,,,,0,0,4308577783301295,4308577785117822,
input7_layer5,,,,20260729T050800Z-fx-89687ae2-R032,pra2026-bh408@3d036144-16-32K-row0-greedy1024,3d03614452cd0a925abc82a7686560ff80252dfa,0,rank0,HCU0:TCA23906041001,chatcmpl-bench-7f1746b7-0-9eeec82b-9c959c99,7,7,5,0,decode,1,1,20585,20586,linear_attention,,,"[1,5120]","[1,5120]","[3,1]","[1,5120]","[1,5120]",False,False,False,,,,0,0,4308577787009360,4308577788587114,
input7_layer6,,,,20260729T050800Z-fx-89687ae2-R032,pra2026-bh408@3d036144-16-32K-row0-greedy1024,3d03614452cd0a925abc82a7686560ff80252dfa,0,rank0,HCU0:TCA23906041001,chatcmpl-bench-7f1746b7-0-9eeec82b-9c959c99,7,7,6,0,decode,1,1,20585,20586,linear_attention,,,"[1,5120]","[1,5120]","[3,1]","[1,5120]","[1,5120]",False,False,False,,,,0,0,4308577790370811,4308577791922125,
input7_layer7,,,,20260729T050800Z-fx-89687ae2-R032,pra2026-bh408@3d036144-16-32K-row0-greedy1024,3d03614452cd0a925abc82a7686560ff80252dfa,0,rank0,HCU0:TCA23906041001,chatcmpl-bench-7f1746b7-0-9eeec82b-9c959c99,7,7,7,0,decode,1,1,20585,20586,full_attention,,,"[1,5120]","[1,5120]","[3,1]","[1,5120]","[1,5120]",False,False,False,,,,0,0,4308577793502010,4308577795577799,
input7_layer8,,,,20260729T050800Z-fx-89687ae2-R032,pra2026-bh408@3d036144-16-32K-row0-greedy1024,3d03614452cd0a925abc82a7686560ff80252dfa,0,rank0,HCU0:TCA23906041001,chatcmpl-bench-7f1746b7-0-9eeec82b-9c959c99,7,7,8,0,decode,1,1,20585,20586,linear_attention,,,"[1,5120]","[1,5120]","[3,1]","[1,5120]","[1,5120]",False,False,False,,,,0,0,4308577797291495,4308577798832170,
input7_layer9,,,,20260729T050800Z-fx-89687ae2-R032,pra2026-bh408@3d036144-16-32K-row0-greedy1024,3d03614452cd0a925abc82a7686560ff80252dfa,0,rank0,HCU0:TCA23906041001,chatcmpl-bench-7f1746b7-0-9eeec82b-9c959c99,7,7,9,0,decode,1,1,20585,20586,linear_attention,,,"[1,5120]","[1,5120]","[3,1]","[1,5120]","[1,5120]",False,False,False,,,,0,0,4308577800434755,4308577801966039,
input7_layer10,,,,20260729T050800Z-fx-89687ae2-R032,pra2026-bh408@3d036144-16-32K-row0-greedy1024,3d03614452cd0a925abc82a7686560ff80252dfa,0,rank0,HCU0:TCA23906041001,chatcmpl-bench-7f1746b7-0-9eeec82b-9c959c99,7,7,10,0,decode,1,1,20585,20586,linear_attention,,,"[1,5120]","[1,5120]","[3,1]","[1,5120]","[1,5120]",False,False,False,,,,0,0,4308577803687555,4308577805219689,
input7_layer11,,,,20260729T050800Z-fx-89687ae2-R032,pra2026-bh408@3d036144-16-32K-row0-greedy1024,3d03614452cd0a925abc82a7686560ff80252dfa,0,rank0,HCU0:TCA23906041001,chatcmpl-bench-7f1746b7-0-9eeec82b-9c959c99,7,7,11,0,decode,1,1,20585,20586,full_attention,,,"[1,5120]","[1,5120]","[3,1]","[1,5120]","[1,5120]",False,False,False,,,,0,0,4308577807075926,4308577809001734,
input7_layer12,,,,20260729T050800Z-fx-89687ae2-R032,pra2026-bh408@3d036144-16-32K-row0-greedy1024,3d03614452cd0a925abc82a7686560ff80252dfa,0,rank0,HCU0:TCA23906041001,chatcmpl-bench-7f1746b7-0-9eeec82b-9c959c99,7,7,12,0,decode,1,1,20585,20586,linear_attention,,,"[1,5120]","[1,5120]","[3,1]","[1,5120]","[1,5120]",False,False,False,,,,0,0,4308577810598889,4308577812137053,
input7_layer13,,,,20260729T050800Z-fx-89687ae2-R032,pra2026-bh408@3d036144-16-32K-row0-greedy1024,3d03614452cd0a925abc82a7686560ff80252dfa,0,rank0,HCU0:TCA23906041001,chatcmpl-bench-7f1746b7-0-9eeec82b-9c959c99,7,7,13,0,decode,1,1,20585,20586,linear_attention,,,"[1,5120]","[1,5120]","[3,1]","[1,5120]","[1,5120]",False,False,False,,,,0,0,4308577813877960,4308577815417954,
input7_layer14,,,,20260729T050800Z-fx-89687ae2-R032,pra2026-bh408@3d036144-16-32K-row0-greedy1024,3d03614452cd0a925abc82a7686560ff80252dfa,0,rank0,HCU0:TCA23906041001,chatcmpl-bench-7f1746b7-0-9eeec82b-9c959c99,7,7,14,0,decode,1,1,20585,20586,linear_attention,,,"[1,5120]","[1,5120]","[3,1]","[1,5120]","[1,5120]",False,False,False,,,,0,0,4308577817089619,4308577818626134,
input7_layer15,,,,20260729T050800Z-fx-89687ae2-R032,pra2026-bh408@3d036144-16-32K-row0-greedy1024,3d03614452cd0a925abc82a7686560ff80252dfa,0,rank0,HCU0:TCA23906041001,chatcmpl-bench-7f1746b7-0-9eeec82b-9c959c99,7,7,15,0,decode,1,1,20585,20586,full_attention,,,"[1,5120]","[1,5120]","[3,1]","[1,5120]","[1,5120]",False,False,False,,,,0,0,4308577820208478,4308577822120086,
input7_layer16,,,,20260729T050800Z-fx-89687ae2-R032,pra2026-bh408@3d036144-16-32K-row0-greedy1024,3d03614452cd0a925abc82a7686560ff80252dfa,0,rank0,HCU0:TCA23906041001,chatcmpl-bench-7f1746b7-0-9eeec82b-9c959c99,7,7,16,0,decode,1,1,20585,20586,linear_attention,,,"[1,5120]","[1,5120]","[3,1]","[1,5120]","[1,5120]",False,False,False,,,,0,0,4308577823682761,4308577825247915,
input7_layer17,,,,20260729T050800Z-fx-89687ae2-R032,pra2026-bh408@3d036144-16-32K-row0-greedy1024,3d03614452cd0a925abc82a7686560ff80252dfa,0,rank0,HCU0:TCA23906041001,chatcmpl-bench-7f1746b7-0-9eeec82b-9c959c99,7,7,17,0,decode,1,1,20585,20586,linear_attention,,,"[1,5120]","[1,5120]","[3,1]","[1,5120]","[1,5120]",False,False,False,,,,0,0,4308577826810900,4308577828352694,
input7_layer18,,,,20260729T050800Z-fx-89687ae2-R032,pra2026-bh408@3d036144-16-32K-row0-greedy1024,3d03614452cd0a925abc82a7686560ff80252dfa,0,rank0,HCU0:TCA23906041001,chatcmpl-bench-7f1746b7-0-9eeec82b-9c959c99,7,7,18,0,decode,1,1,20585,20586,linear_attention,,,"[1,5120]","[1,5120]","[3,1]","[1,5120]","[1,5120]",False,False,False,,,,0,0,4308577830181821,4308577831709365,
input7_layer19,,,,20260729T050800Z-fx-89687ae2-R032,pra2026-bh408@3d036144-16-32K-row0-greedy1024,3d03614452cd0a925abc82a7686560ff80252dfa,0,rank0,HCU0:TCA23906041001,chatcmpl-bench-7f1746b7-0-9eeec82b-9c959c99,7,7,19,0,decode,1,1,20585,20586,full_attention,,,"[1,5120]","[1,5120]","[3,1]","[1,5120]","[1,5120]",False,False,False,,,,0,0,4308577833182099,4308577835099997,
input7_layer20,,,,20260729T050800Z-fx-89687ae2-R032,pra2026-bh408@3d036144-16-32K-row0-greedy1024,3d03614452cd0a925abc82a7686560ff80252dfa,0,rank0,HCU0:TCA23906041001,chatcmpl-bench-7f1746b7-0-9eeec82b-9c959c99,7,7,20,0,decode,1,1,20585,20586,linear_attention,,,"[1,5120]","[1,5120]","[3,1]","[1,5120]","[1,5120]",False,False,False,,,,0,0,4308577836758792,4308577838318997,
input7_layer21,,,,20260729T050800Z-fx-89687ae2-R032,pra2026-bh408@3d036144-16-32K-row0-greedy1024,3d03614452cd0a925abc82a7686560ff80252dfa,0,rank0,HCU0:TCA23906041001,chatcmpl-bench-7f1746b7-0-9eeec82b-9c959c99,7,7,21,0,decode,1,1,20585,20586,linear_attention,,,"[1,5120]","[1,5120]","[3,1]","[1,5120]","[1,5120]",False,False,False,,,,0,0,4308577839912822,4308577841445366,
input7_layer22,,,,20260729T050800Z-fx-89687ae2-R032,pra2026-bh408@3d036144-16-32K-row0-greedy1024,3d03614452cd0a925abc82a7686560ff80252dfa,0,rank0,HCU0:TCA23906041001,chatcmpl-bench-7f1746b7-0-9eeec82b-9c959c99,7,7,22,0,decode,1,1,20585,20586,linear_attention,,,"[1,5120]","[1,5120]","[3,1]","[1,5120]","[1,5120]",False,False,False,,,,0,0,4308577843147572,4308577844668626,
input7_layer23,,,,20260729T050800Z-fx-89687ae2-R032,pra2026-bh408@3d036144-16-32K-row0-greedy1024,3d03614452cd0a925abc82a7686560ff80252dfa,0,rank0,HCU0:TCA23906041001,chatcmpl-bench-7f1746b7-0-9eeec82b-9c959c99,7,7,23,0,decode,1,1,20585,20586,full_attention,,,"[1,5120]","[1,5120]","[3,1]","[1,5120]","[1,5120]",False,False,False,,,,0,0,4308577846215110,4308577848125458,
input7_layer24,,,,20260729T050800Z-fx-89687ae2-R032,pra2026-bh408@3d036144-16-32K-row0-greedy1024,3d03614452cd0a925abc82a7686560ff80252dfa,0,rank0,HCU0:TCA23906041001,chatcmpl-bench-7f1746b7-0-9eeec82b-9c959c99,7,7,24,0,decode,1,1,20585,20586,linear_attention,,,"[1,5120]","[1,5120]","[3,1]","[1,5120]","[1,5120]",False,False,False,,,,0,0,4308577849824494,4308577851369008,
input7_layer25,,,,20260729T050800Z-fx-89687ae2-R032,pra2026-bh408@3d036144-16-32K-row0-greedy1024,3d03614452cd0a925abc82a7686560ff80252dfa,0,rank0,HCU0:TCA23906041001,chatcmpl-bench-7f1746b7-0-9eeec82b-9c959c99,7,7,25,0,decode,1,1,20585,20586,linear_attention,,,"[1,5120]","[1,5120]","[3,1]","[1,5120]","[1,5120]",False,False,False,,,,0,0,4308577852858912,4308577854389286,
input7_layer26,,,,20260729T050800Z-fx-89687ae2-R032,pra2026-bh408@3d036144-16-32K-row0-greedy1024,3d03614452cd0a925abc82a7686560ff80252dfa,0,rank0,HCU0:TCA23906041001,chatcmpl-bench-7f1746b7-0-9eeec82b-9c959c99,7,7,26,0,decode,1,1,20585,20586,linear_attention,,,"[1,5120]","[1,5120]","[3,1]","[1,5120]","[1,5120]",False,False,False,,,,0,0,4308577855873850,4308577857411774,
input7_layer27,,,,20260729T050800Z-fx-89687ae2-R032,pra2026-bh408@3d036144-16-32K-row0-greedy1024,3d03614452cd0a925abc82a7686560ff80252dfa,0,rank0,HCU0:TCA23906041001,chatcmpl-bench-7f1746b7-0-9eeec82b-9c959c99,7,7,27,0,decode,1,1,20585,20586,full_attention,,,"[1,5120]","[1,5120]","[3,1]","[1,5120]","[1,5120]",False,False,False,,,,0,0,4308577859147510,4308577861064158,
input7_layer28,,,,20260729T050800Z-fx-89687ae2-R032,pra2026-bh408@3d036144-16-32K-row0-greedy1024,3d03614452cd0a925abc82a7686560ff80252dfa,0,rank0,HCU0:TCA23906041001,chatcmpl-bench-7f1746b7-0-9eeec82b-9c959c99,7,7,28,0,decode,1,1,20585,20586,linear_attention,,,"[1,5120]","[1,5120]","[3,1]","[1,5120]","[1,5120]",False,False,False,,,,0,0,4308577862594492,4308577864131257,
input7_layer29,,,,20260729T050800Z-fx-89687ae2-R032,pra2026-bh408@3d036144-16-32K-row0-greedy1024,3d03614452cd0a925abc82a7686560ff80252dfa,0,rank0,HCU0:TCA23906041001,chatcmpl-bench-7f1746b7-0-9eeec82b-9c959c99,7,7,29,0,decode,1,1,20585,20586,linear_attention,,,"[1,5120]","[1,5120]","[3,1]","[1,5120]","[1,5120]",False,False,False,,,,0,0,4308577865869323,4308577867407517,
input7_layer30,,,,20260729T050800Z-fx-89687ae2-R032,pra2026-bh408@3d036144-16-32K-row0-greedy1024,3d03614452cd0a925abc82a7686560ff80252dfa,0,rank0,HCU0:TCA23906041001,chatcmpl-bench-7f1746b7-0-9eeec82b-9c959c99,7,7,30,0,decode,1,1,20585,20586,linear_attention,,,"[1,5120]","[1,5120]","[3,1]","[1,5120]","[1,5120]",False,False,False,,,,0,0,4308577869152513,4308577870687988,
input7_layer31,,,,20260729T050800Z-fx-89687ae2-R032,pra2026-bh408@3d036144-16-32K-row0-greedy1024,3d03614452cd0a925abc82a7686560ff80252dfa,0,rank0,HCU0:TCA23906041001,chatcmpl-bench-7f1746b7-0-9eeec82b-9c959c99,7,7,31,0,decode,1,1,20585,20586,full_attention,,,"[1,5120]","[1,5120]","[3,1]","[1,5120]","[1,5120]",False,False,False,,,,0,0,4308577872344413,4308577874273131,
input7_layer32,,,,20260729T050800Z-fx-89687ae2-R032,pra2026-bh408@3d036144-16-32K-row0-greedy1024,3d03614452cd0a925abc82a7686560ff80252dfa,0,rank0,HCU0:TCA23906041001,chatcmpl-bench-7f1746b7-0-9eeec82b-9c959c99,7,7,32,0,decode,1,1,20585,20586,linear_attention,,,"[1,5120]","[1,5120]","[3,1]","[1,5120]","[1,5120]",False,False,False,,,,0,0,4308577875994077,4308577877527651,
input7_layer33,,,,20260729T050800Z-fx-89687ae2-R032,pra2026-bh408@3d036144-16-32K-row0-greedy1024,3d03614452cd0a925abc82a7686560ff80252dfa,0,rank0,HCU0:TCA23906041001,chatcmpl-bench-7f1746b7-0-9eeec82b-9c959c99,7,7,33,0,decode,1,1,20585,20586,linear_attention,,,"[1,5120]","[1,5120]","[3,1]","[1,5120]","[1,5120]",False,False,False,,,,0,0,4308577879394259,4308577880911333,
input7_layer34,,,,20260729T050800Z-fx-89687ae2-R032,pra2026-bh408@3d036144-16-32K-row0-greedy1024,3d03614452cd0a925abc82a7686560ff80252dfa,0,rank0,HCU0:TCA23906041001,chatcmpl-bench-7f1746b7-0-9eeec82b-9c959c99,7,7,34,0,decode,1,1,20585,20586,linear_attention,,,"[1,5120]","[1,5120]","[3,1]","[1,5120]","[1,5120]",False,False,False,,,,0,0,4308577882577088,4308577884092482,
input7_layer35,,,,20260729T050800Z-fx-89687ae2-R032,pra2026-bh408@3d036144-16-32K-row0-greedy1024,3d03614452cd0a925abc82a7686560ff80252dfa,0,rank0,HCU0:TCA23906041001,chatcmpl-bench-7f1746b7-0-9eeec82b-9c959c99,7,7,35,0,decode,1,1,20585,20586,full_attention,,,"[1,5120]","[1,5120]","[3,1]","[1,5120]","[1,5120]",False,False,False,,,,0,0,4308577885545696,4308577887470394,
input7_layer36,,,,20260729T050800Z-fx-89687ae2-R032,pra2026-bh408@3d036144-16-32K-row0-greedy1024,3d03614452cd0a925abc82a7686560ff80252dfa,0,rank0,HCU0:TCA23906041001,chatcmpl-bench-7f1746b7-0-9eeec82b-9c959c99,7,7,36,0,decode,1,1,20585,20586,linear_attention,,,"[1,5120]","[1,5120]","[3,1]","[1,5120]","[1,5120]",False,False,False,,,,0,0,4308577889272250,4308577890801765,
input7_layer37,,,,20260729T050800Z-fx-89687ae2-R032,pra2026-bh408@3d036144-16-32K-row0-greedy1024,3d03614452cd0a925abc82a7686560ff80252dfa,0,rank0,HCU0:TCA23906041001,chatcmpl-bench-7f1746b7-0-9eeec82b-9c959c99,7,7,37,0,decode,1,1,20585,20586,linear_attention,,,"[1,5120]","[1,5120]","[3,1]","[1,5120]","[1,5120]",False,False,False,,,,0,0,4308577892311879,4308577893846053,
input7_layer38,,,,20260729T050800Z-fx-89687ae2-R032,pra2026-bh408@3d036144-16-32K-row0-greedy1024,3d03614452cd0a925abc82a7686560ff80252dfa,0,rank0,HCU0:TCA23906041001,chatcmpl-bench-7f1746b7-0-9eeec82b-9c959c99,7,7,38,0,decode,1,1,20585,20586,linear_attention,,,"[1,5120]","[1,5120]","[3,1]","[1,5120]","[1,5120]",False,False,False,,,,0,0,4308577895534819,4308577897058433,
input7_layer39,,,,20260729T050800Z-fx-89687ae2-R032,pra2026-bh408@3d036144-16-32K-row0-greedy1024,3d03614452cd0a925abc82a7686560ff80252dfa,0,rank0,HCU0:TCA23906041001,chatcmpl-bench-7f1746b7-0-9eeec82b-9c959c99,7,7,39,0,decode,1,1,20585,20586,full_attention,,,"[1,5120]","[1,5120]","[3,1]","[1,5120]","[1,5120]",False,False,False,,,,0,0,4308577898712838,4308577900624456,
input7_layer40,,,,20260729T050800Z-fx-89687ae2-R032,pra2026-bh408@3d036144-16-32K-row0-greedy1024,3d03614452cd0a925abc82a7686560ff80252dfa,0,rank0,HCU0:TCA23906041001,chatcmpl-bench-7f1746b7-0-9eeec82b-9c959c99,7,7,40,0,decode,1,1,20585,20586,linear_attention,,,"[1,5120]","[1,5120]","[3,1]","[1,5120]","[1,5120]",False,False,False,,,,0,0,4308577902260201,4308577903785895,
input7_layer41,,,,20260729T050800Z-fx-89687ae2-R032,pra2026-bh408@3d036144-16-32K-row0-greedy1024,3d03614452cd0a925abc82a7686560ff80252dfa,0,rank0,HCU0:TCA23906041001,chatcmpl-bench-7f1746b7-0-9eeec82b-9c959c99,7,7,41,0,decode,1,1,20585,20586,linear_attention,,,"[1,5120]","[1,5120]","[3,1]","[1,5120]","[1,5120]",False,False,False,,,,0,0,4308577905301440,4308577906824914,
input7_layer42,,,,20260729T050800Z-fx-89687ae2-R032,pra2026-bh408@3d036144-16-32K-row0-greedy1024,3d03614452cd0a925abc82a7686560ff80252dfa,0,rank0,HCU0:TCA23906041001,chatcmpl-bench-7f1746b7-0-9eeec82b-9c959c99,7,7,42,0,decode,1,1,20585,20586,linear_attention,,,"[1,5120]","[1,5120]","[3,1]","[1,5120]","[1,5120]",False,False,False,,,,0,0,4308577908465379,4308577909987713,
input7_layer43,,,,20260729T050800Z-fx-89687ae2-R032,pra2026-bh408@3d036144-16-32K-row0-greedy1024,3d03614452cd0a925abc82a7686560ff80252dfa,0,rank0,HCU0:TCA23906041001,chatcmpl-bench-7f1746b7-0-9eeec82b-9c959c99,7,7,43,0,decode,1,1,20585,20586,full_attention,,,"[1,5120]","[1,5120]","[3,1]","[1,5120]","[1,5120]",False,False,False,,,,0,0,4308577911815750,4308577913729208,
input7_layer44,,,,20260729T050800Z-fx-89687ae2-R032,pra2026-bh408@3d036144-16-32K-row0-greedy1024,3d03614452cd0a925abc82a7686560ff80252dfa,0,rank0,HCU0:TCA23906041001,chatcmpl-bench-7f1746b7-0-9eeec82b-9c959c99,7,7,44,0,decode,1,1,20585,20586,linear_attention,,,"[1,5120]","[1,5120]","[3,1]","[1,5120]","[1,5120]",False,False,False,,,,0,0,4308577915206442,4308577916762646,
input7_layer45,,,,20260729T050800Z-fx-89687ae2-R032,pra2026-bh408@3d036144-16-32K-row0-greedy1024,3d03614452cd0a925abc82a7686560ff80252dfa,0,rank0,HCU0:TCA23906041001,chatcmpl-bench-7f1746b7-0-9eeec82b-9c959c99,7,7,45,0,decode,1,1,20585,20586,linear_attention,,,"[1,5120]","[1,5120]","[3,1]","[1,5120]","[1,5120]",False,False,False,,,,0,0,4308577918638913,4308577920155898,
input7_layer46,,,,20260729T050800Z-fx-89687ae2-R032,pra2026-bh408@3d036144-16-32K-row0-greedy1024,3d03614452cd0a925abc82a7686560ff80252dfa,0,rank0,HCU0:TCA23906041001,chatcmpl-bench-7f1746b7-0-9eeec82b-9c959c99,7,7,46,0,decode,1,1,20585,20586,linear_attention,,,"[1,5120]","[1,5120]","[3,1]","[1,5120]","[1,5120]",False,False,False,,,,0,0,4308577921876204,4308577923400128,
input7_layer47,,,,20260729T050800Z-fx-89687ae2-R032,pra2026-bh408@3d036144-16-32K-row0-greedy1024,3d03614452cd0a925abc82a7686560ff80252dfa,0,rank0,HCU0:TCA23906041001,chatcmpl-bench-7f1746b7-0-9eeec82b-9c959c99,7,7,47,0,decode,1,1,20585,20586,full_attention,,,"[1,5120]","[1,5120]","[3,1]","[1,5120]","[1,5120]",False,False,False,,,,0,0,4308577924993093,4308577926931791,
input7_layer48,,,,20260729T050800Z-fx-89687ae2-R032,pra2026-bh408@3d036144-16-32K-row0-greedy1024,3d03614452cd0a925abc82a7686560ff80252dfa,0,rank0,HCU0:TCA23906041001,chatcmpl-bench-7f1746b7-0-9eeec82b-9c959c99,7,7,48,0,decode,1,1,20585,20586,linear_attention,,,"[1,5120]","[1,5120]","[3,1]","[1,5120]","[1,5120]",False,False,False,,,,0,0,4308577928850358,4308577930395443,
input7_layer49,,,,20260729T050800Z-fx-89687ae2-R032,pra2026-bh408@3d036144-16-32K-row0-greedy1024,3d03614452cd0a925abc82a7686560ff80252dfa,0,rank0,HCU0:TCA23906041001,chatcmpl-bench-7f1746b7-0-9eeec82b-9c959c99,7,7,49,0,decode,1,1,20585,20586,linear_attention,,,"[1,5120]","[1,5120]","[3,1]","[1,5120]","[1,5120]",False,False,False,,,,0,0,4308577932111739,4308577933633883,
input7_layer50,,,,20260729T050800Z-fx-89687ae2-R032,pra2026-bh408@3d036144-16-32K-row0-greedy1024,3d03614452cd0a925abc82a7686560ff80252dfa,0,rank0,HCU0:TCA23906041001,chatcmpl-bench-7f1746b7-0-9eeec82b-9c959c99,7,7,50,0,decode,1,1,20585,20586,linear_attention,,,"[1,5120]","[1,5120]","[3,1]","[1,5120]","[1,5120]",False,False,False,,,,0,0,4308577935448190,4308577936961474,
input7_layer51,,,,20260729T050800Z-fx-89687ae2-R032,pra2026-bh408@3d036144-16-32K-row0-greedy1024,3d03614452cd0a925abc82a7686560ff80252dfa,0,rank0,HCU0:TCA23906041001,chatcmpl-bench-7f1746b7-0-9eeec82b-9c959c99,7,7,51,0,decode,1,1,20585,20586,full_attention,,,"[1,5120]","[1,5120]","[3,1]","[1,5120]","[1,5120]",False,False,False,,,,0,0,4308577938889632,4308577940816470,
input7_layer52,,,,20260729T050800Z-fx-89687ae2-R032,pra2026-bh408@3d036144-16-32K-row0-greedy1024,3d03614452cd0a925abc82a7686560ff80252dfa,0,rank0,HCU0:TCA23906041001,chatcmpl-bench-7f1746b7-0-9eeec82b-9c959c99,7,7,52,0,decode,1,1,20585,20586,linear_attention,,,"[1,5120]","[1,5120]","[3,1]","[1,5120]","[1,5120]",False,False,False,,,,0,0,4308577942373904,4308577943897328,
input7_layer53,,,,20260729T050800Z-fx-89687ae2-R032,pra2026-bh408@3d036144-16-32K-row0-greedy1024,3d03614452cd0a925abc82a7686560ff80252dfa,0,rank0,HCU0:TCA23906041001,chatcmpl-bench-7f1746b7-0-9eeec82b-9c959c99,7,7,53,0,decode,1,1,20585,20586,linear_attention,,,"[1,5120]","[1,5120]","[3,1]","[1,5120]","[1,5120]",False,False,False,,,,0,0,4308577945690845,4308577947227249,
input7_layer54,,,,20260729T050800Z-fx-89687ae2-R032,pra2026-bh408@3d036144-16-32K-row0-greedy1024,3d03614452cd0a925abc82a7686560ff80252dfa,0,rank0,HCU0:TCA23906041001,chatcmpl-bench-7f1746b7-0-9eeec82b-9c959c99,7,7,54,0,decode,1,1,20585,20586,linear_attention,,,"[1,5120]","[1,5120]","[3,1]","[1,5120]","[1,5120]",False,False,False,,,,0,0,4308577948935855,4308577950463869,
input7_layer55,,,,20260729T050800Z-fx-89687ae2-R032,pra2026-bh408@3d036144-16-32K-row0-greedy1024,3d03614452cd0a925abc82a7686560ff80252dfa,0,rank0,HCU0:TCA23906041001,chatcmpl-bench-7f1746b7-0-9eeec82b-9c959c99,7,7,55,0,decode,1,1,20585,20586,full_attention,,,"[1,5120]","[1,5120]","[3,1]","[1,5120]","[1,5120]",False,False,False,,,,0,0,4308577952126445,4308577954040973,
input7_layer56,,,,20260729T050800Z-fx-89687ae2-R032,pra2026-bh408@3d036144-16-32K-row0-greedy1024,3d03614452cd0a925abc82a7686560ff80252dfa,0,rank0,HCU0:TCA23906041001,chatcmpl-bench-7f1746b7-0-9eeec82b-9c959c99,7,7,56,0,decode,1,1,20585,20586,linear_attention,,,"[1,5120]","[1,5120]","[3,1]","[1,5120]","[1,5120]",False,False,False,,,,0,0,4308577955730658,4308577957268273,
input7_layer57,,,,20260729T050800Z-fx-89687ae2-R032,pra2026-bh408@3d036144-16-32K-row0-greedy1024,3d03614452cd0a925abc82a7686560ff80252dfa,0,rank0,HCU0:TCA23906041001,chatcmpl-bench-7f1746b7-0-9eeec82b-9c959c99,7,7,57,0,decode,1,1,20585,20586,linear_attention,,,"[1,5120]","[1,5120]","[3,1]","[1,5120]","[1,5120]",False,False,False,,,,0,0,4308577959022489,4308577960546593,
input7_layer58,,,,20260729T050800Z-fx-89687ae2-R032,pra2026-bh408@3d036144-16-32K-row0-greedy1024,3d03614452cd0a925abc82a7686560ff80252dfa,0,rank0,HCU0:TCA23906041001,chatcmpl-bench-7f1746b7-0-9eeec82b-9c959c99,7,7,58,0,decode,1,1,20585,20586,linear_attention,,,"[1,5120]","[1,5120]","[3,1]","[1,5120]","[1,5120]",False,False,False,,,,0,0,4308577962290799,4308577963824294,
input7_layer59,,,,20260729T050800Z-fx-89687ae2-R032,pra2026-bh408@3d036144-16-32K-row0-greedy1024,3d03614452cd0a925abc82a7686560ff80252dfa,0,rank0,HCU0:TCA23906041001,chatcmpl-bench-7f1746b7-0-9eeec82b-9c959c99,7,7,59,0,decode,1,1,20585,20586,full_attention,,,"[1,5120]","[1,5120]","[3,1]","[1,5120]","[1,5120]",False,False,False,,,,0,0,4308577965574000,4308577967496268,
input7_layer60,,,,20260729T050800Z-fx-89687ae2-R032,pra2026-bh408@3d036144-16-32K-row0-greedy1024,3d03614452cd0a925abc82a7686560ff80252dfa,0,rank0,HCU0:TCA23906041001,chatcmpl-bench-7f1746b7-0-9eeec82b-9c959c99,7,7,60,0,decode,1,1,20585,20586,linear_attention,,,"[1,5120]","[1,5120]","[3,1]","[1,5120]","[1,5120]",False,False,False,,,,0,0,4308577969292444,4308577970822859,
input7_layer61,,,,20260729T050800Z-fx-89687ae2-R032,pra2026-bh408@3d036144-16-32K-row0-greedy1024,3d03614452cd0a925abc82a7686560ff80252dfa,0,rank0,HCU0:TCA23906041001,chatcmpl-bench-7f1746b7-0-9eeec82b-9c959c99,7,7,61,0,decode,1,1,20585,20586,linear_attention,,,"[1,5120]","[1,5120]","[3,1]","[1,5120]","[1,5120]",False,False,False,,,,0,0,4308577972278522,4308577973797346,
input7_layer62,,,,20260729T050800Z-fx-89687ae2-R032,pra2026-bh408@3d036144-16-32K-row0-greedy1024,3d03614452cd0a925abc82a7686560ff80252dfa,0,rank0,HCU0:TCA23906041001,chatcmpl-bench-7f1746b7-0-9eeec82b-9c959c99,7,7,62,0,decode,1,1,20585,20586,linear_attention,,,"[1,5120]","[1,5120]","[3,1]","[1,5120]","[1,5120]",False,False,False,,,,0,0,4308577975906736,4308577977431800,
input7_layer63,,,,20260729T050800Z-fx-89687ae2-R032,pra2026-bh408@3d036144-16-32K-row0-greedy1024,3d03614452cd0a925abc82a7686560ff80252dfa,0,rank0,HCU0:TCA23906041001,chatcmpl-bench-7f1746b7-0-9eeec82b-9c959c99,7,7,63,0,decode,1,1,20585,20586,full_attention,,,"[1,5120]","[1,5120]","[3,1]","[1,5120]","[1,5120]",False,False,False,,,,0,0,4308577979224927,4308577981135275,
input8_layer0,,,,20260729T050800Z-fx-89687ae2-R032,pra2026-bh408@3d036144-16-32K-row0-greedy1024,3d03614452cd0a925abc82a7686560ff80252dfa,0,rank0,HCU0:TCA23906041001,chatcmpl-bench-7f1746b7-0-9eeec82b-9c959c99,8,8,0,0,decode,1,1,20586,20587,linear_attention,,,"[1,5120]",null,"[3,1]","[1,5120]","[1,5120]",False,False,False,,,,0,0,4308577986385913,4308577988131480,
input8_layer1,,,,20260729T050800Z-fx-89687ae2-R032,pra2026-bh408@3d036144-16-32K-row0-greedy1024,3d03614452cd0a925abc82a7686560ff80252dfa,0,rank0,HCU0:TCA23906041001,chatcmpl-bench-7f1746b7-0-9eeec82b-9c959c99,8,8,1,0,decode,1,1,20586,20587,linear_attention,,,"[1,5120]","[1,5120]","[3,1]","[1,5120]","[1,5120]",False,False,False,,,,0,0,4308577989844395,4308577991402280,
input8_layer2,,,,20260729T050800Z-fx-89687ae2-R032,pra2026-bh408@3d036144-16-32K-row0-greedy1024,3d03614452cd0a925abc82a7686560ff80252dfa,0,rank0,HCU0:TCA23906041001,chatcmpl-bench-7f1746b7-0-9eeec82b-9c959c99,8,8,2,0,decode,1,1,20586,20587,linear_attention,,,"[1,5120]","[1,5120]","[3,1]","[1,5120]","[1,5120]",False,False,False,,,,0,0,4308577993101516,4308577994630380,
input8_layer3,,,,20260729T050800Z-fx-89687ae2-R032,pra2026-bh408@3d036144-16-32K-row0-greedy1024,3d03614452cd0a925abc82a7686560ff80252dfa,0,rank0,HCU0:TCA23906041001,chatcmpl-bench-7f1746b7-0-9eeec82b-9c959c99,8,8,3,0,decode,1,1,20586,20587,full_attention,,,"[1,5120]","[1,5120]","[3,1]","[1,5120]","[1,5120]",False,False,False,,,,0,0,4308577996331196,4308577998327434,
input8_layer4,,,,20260729T050800Z-fx-89687ae2-R032,pra2026-bh408@3d036144-16-32K-row0-greedy1024,3d03614452cd0a925abc82a7686560ff80252dfa,0,rank0,HCU0:TCA23906041001,chatcmpl-bench-7f1746b7-0-9eeec82b-9c959c99,8,8,4,0,decode,1,1,20586,20587,linear_attention,,,"[1,5120]","[1,5120]","[3,1]","[1,5120]","[1,5120]",False,False,False,,,,0,0,4308578000032420,4308578001575935,
input8_layer5,,,,20260729T050800Z-fx-89687ae2-R032,pra2026-bh408@3d036144-16-32K-row0-greedy1024,3d03614452cd0a925abc82a7686560ff80252dfa,0,rank0,HCU0:TCA23906041001,chatcmpl-bench-7f1746b7-0-9eeec82b-9c959c99,8,8,5,0,decode,1,1,20586,20587,linear_attention,,,"[1,5120]","[1,5120]","[3,1]","[1,5120]","[1,5120]",False,False,False,,,,0,0,4308578003350541,4308578004866655,
input8_layer6,,,,20260729T050800Z-fx-89687ae2-R032,pra2026-bh408@3d036144-16-32K-row0-greedy1024,3d03614452cd0a925abc82a7686560ff80252dfa,0,rank0,HCU0:TCA23906041001,chatcmpl-bench-7f1746b7-0-9eeec82b-9c959c99,8,8,6,0,decode,1,1,20586,20587,linear_attention,,,"[1,5120]","[1,5120]","[3,1]","[1,5120]","[1,5120]",False,False,False,,,,0,0,4308578006716412,4308578008237936,
input8_layer7,,,,20260729T050800Z-fx-89687ae2-R032,pra2026-bh408@3d036144-16-32K-row0-greedy1024,3d03614452cd0a925abc82a7686560ff80252dfa,0,rank0,HCU0:TCA23906041001,chatcmpl-bench-7f1746b7-0-9eeec82b-9c959c99,8,8,7,0,decode,1,1,20586,20587,full_attention,,,"[1,5120]","[1,5120]","[3,1]","[1,5120]","[1,5120]",False,False,False,,,,0,0,4308578010120374,4308578012043682,
input8_layer8,,,,20260729T050800Z-fx-89687ae2-R032,pra2026-bh408@3d036144-16-32K-row0-greedy1024,3d03614452cd0a925abc82a7686560ff80252dfa,0,rank0,HCU0:TCA23906041001,chatcmpl-bench-7f1746b7-0-9eeec82b-9c959c99,8,8,8,0,decode,1,1,20586,20587,linear_attention,,,"[1,5120]","[1,5120]","[3,1]","[1,5120]","[1,5120]",False,False,False,,,,0,0,4308578013540926,4308578015068130,
input8_layer9,,,,20260729T050800Z-fx-89687ae2-R032,pra2026-bh408@3d036144-16-32K-row0-greedy1024,3d03614452cd0a925abc82a7686560ff80252dfa,0,rank0,HCU0:TCA23906041001,chatcmpl-bench-7f1746b7-0-9eeec82b-9c959c99,8,8,9,0,decode,1,1,20586,20587,linear_attention,,,"[1,5120]","[1,5120]","[3,1]","[1,5120]","[1,5120]",False,False,False,,,,0,0,4308578016737996,4308578018259850,
input8_layer10,,,,20260729T050800Z-fx-89687ae2-R032,pra2026-bh408@3d036144-16-32K-row0-greedy1024,3d03614452cd0a925abc82a7686560ff80252dfa,0,rank0,HCU0:TCA23906041001,chatcmpl-bench-7f1746b7-0-9eeec82b-9c959c99,8,8,10,0,decode,1,1,20586,20587,linear_attention,,,"[1,5120]","[1,5120]","[3,1]","[1,5120]","[1,5120]",False,False,False,,,,0,0,4308578019815484,4308578021344978,
input8_layer11,,,,20260729T050800Z-fx-89687ae2-R032,pra2026-bh408@3d036144-16-32K-row0-greedy1024,3d03614452cd0a925abc82a7686560ff80252dfa,0,rank0,HCU0:TCA23906041001,chatcmpl-bench-7f1746b7-0-9eeec82b-9c959c99,8,8,11,0,decode,1,1,20586,20587,full_attention,,,"[1,5120]","[1,5120]","[3,1]","[1,5120]","[1,5120]",False,False,False,,,,0,0,4308578023773481,4308578025695029,
input8_layer12,,,,20260729T050800Z-fx-89687ae2-R032,pra2026-bh408@3d036144-16-32K-row0-greedy1024,3d03614452cd0a925abc82a7686560ff80252dfa,0,rank0,HCU0:TCA23906041001,chatcmpl-bench-7f1746b7-0-9eeec82b-9c959c99,8,8,12,0,decode,1,1,20586,20587,linear_attention,,,"[1,5120]","[1,5120]","[3,1]","[1,5120]","[1,5120]",False,False,False,,,,0,0,4308578027511386,4308578029033600,
input8_layer13,,,,20260729T050800Z-fx-89687ae2-R032,pra2026-bh408@3d036144-16-32K-row0-greedy1024,3d03614452cd0a925abc82a7686560ff80252dfa,0,rank0,HCU0:TCA23906041001,chatcmpl-bench-7f1746b7-0-9eeec82b-9c959c99,8,8,13,0,decode,1,1,20586,20587,linear_attention,,,"[1,5120]","[1,5120]","[3,1]","[1,5120]","[1,5120]",False,False,False,,,,0,0,4308578030882457,4308578032416231,
input8_layer14,,,,20260729T050800Z-fx-89687ae2-R032,pra2026-bh408@3d036144-16-32K-row0-greedy1024,3d03614452cd0a925abc82a7686560ff80252dfa,0,rank0,HCU0:TCA23906041001,chatcmpl-bench-7f1746b7-0-9eeec82b-9c959c99,8,8,14,0,decode,1,1,20586,20587,linear_attention,,,"[1,5120]","[1,5120]","[3,1]","[1,5120]","[1,5120]",False,False,False,,,,0,0,4308578034295069,4308578035804963,
input8_layer15,,,,20260729T050800Z-fx-89687ae2-R032,pra2026-bh408@3d036144-16-32K-row0-greedy1024,3d03614452cd0a925abc82a7686560ff80252dfa,0,rank0,HCU0:TCA23906041001,chatcmpl-bench-7f1746b7-0-9eeec82b-9c959c99,8,8,15,0,decode,1,1,20586,20587,full_attention,,,"[1,5120]","[1,5120]","[3,1]","[1,5120]","[1,5120]",False,False,False,,,,0,0,4308578037464998,4308578039393126,
input8_layer16,,,,20260729T050800Z-fx-89687ae2-R032,pra2026-bh408@3d036144-16-32K-row0-greedy1024,3d03614452cd0a925abc82a7686560ff80252dfa,0,rank0,HCU0:TCA23906041001,chatcmpl-bench-7f1746b7-0-9eeec82b-9c959c99,8,8,16,0,decode,1,1,20586,20587,linear_attention,,,"[1,5120]","[1,5120]","[3,1]","[1,5120]","[1,5120]",False,False,False,,,,0,0,4308578041035631,4308578042584036,
input8_layer17,,,,20260729T050800Z-fx-89687ae2-R032,pra2026-bh408@3d036144-16-32K-row0-greedy1024,3d03614452cd0a925abc82a7686560ff80252dfa,0,rank0,HCU0:TCA23906041001,chatcmpl-bench-7f1746b7-0-9eeec82b-9c959c99,8,8,17,0,decode,1,1,20586,20587,linear_attention,,,"[1,5120]","[1,5120]","[3,1]","[1,5120]","[1,5120]",False,False,False,,,,0,0,4308578044232461,4308578045742315,
input8_layer18,,,,20260729T050800Z-fx-89687ae2-R032,pra2026-bh408@3d036144-16-32K-row0-greedy1024,3d03614452cd0a925abc82a7686560ff80252dfa,0,rank0,HCU0:TCA23906041001,chatcmpl-bench-7f1746b7-0-9eeec82b-9c959c99,8,8,18,0,decode,1,1,20586,20587,linear_attention,,,"[1,5120]","[1,5120]","[3,1]","[1,5120]","[1,5120]",False,False,False,,,,0,0,4308578047497511,4308578049031316,
input8_layer19,,,,20260729T050800Z-fx-89687ae2-R032,pra2026-bh408@3d036144-16-32K-row0-greedy1024,3d03614452cd0a925abc82a7686560ff80252dfa,0,rank0,HCU0:TCA23906041001,chatcmpl-bench-7f1746b7-0-9eeec82b-9c959c99,8,8,19,0,decode,1,1,20586,20587,full_attention,,,"[1,5120]","[1,5120]","[3,1]","[1,5120]","[1,5120]",False,False,False,,,,0,0,4308578051001274,4308578052927352,
input8_layer20,,,,20260729T050800Z-fx-89687ae2-R032,pra2026-bh408@3d036144-16-32K-row0-greedy1024,3d03614452cd0a925abc82a7686560ff80252dfa,0,rank0,HCU0:TCA23906041001,chatcmpl-bench-7f1746b7-0-9eeec82b-9c959c99,8,8,20,0,decode,1,1,20586,20587,linear_attention,,,"[1,5120]","[1,5120]","[3,1]","[1,5120]","[1,5120]",False,False,False,,,,0,0,4308578054785329,4308578056317003,
input8_layer21,,,,20260729T050800Z-fx-89687ae2-R032,pra2026-bh408@3d036144-16-32K-row0-greedy1024,3d03614452cd0a925abc82a7686560ff80252dfa,0,rank0,HCU0:TCA23906041001,chatcmpl-bench-7f1746b7-0-9eeec82b-9c959c99,8,8,21,0,decode,1,1,20586,20587,linear_attention,,,"[1,5120]","[1,5120]","[3,1]","[1,5120]","[1,5120]",False,False,False,,,,0,0,4308578058028649,4308578059573664,
input8_layer22,,,,20260729T050800Z-fx-89687ae2-R032,pra2026-bh408@3d036144-16-32K-row0-greedy1024,3d03614452cd0a925abc82a7686560ff80252dfa,0,rank0,HCU0:TCA23906041001,chatcmpl-bench-7f1746b7-0-9eeec82b-9c959c99,8,8,22,0,decode,1,1,20586,20587,linear_attention,,,"[1,5120]","[1,5120]","[3,1]","[1,5120]","[1,5120]",False,False,False,,,,0,0,4308578061202339,4308578062710973,
input8_layer23,,,,20260729T050800Z-fx-89687ae2-R032,pra2026-bh408@3d036144-16-32K-row0-greedy1024,3d03614452cd0a925abc82a7686560ff80252dfa,0,rank0,HCU0:TCA23906041001,chatcmpl-bench-7f1746b7-0-9eeec82b-9c959c99,8,8,23,0,decode,1,1,20586,20587,full_attention,,,"[1,5120]","[1,5120]","[3,1]","[1,5120]","[1,5120]",False,False,False,,,,0,0,4308578064306678,4308578066456858,
input8_layer24,,,,20260729T050800Z-fx-89687ae2-R032,pra2026-bh408@3d036144-16-32K-row0-greedy1024,3d03614452cd0a925abc82a7686560ff80252dfa,0,rank0,HCU0:TCA23906041001,chatcmpl-bench-7f1746b7-0-9eeec82b-9c959c99,8,8,24,0,decode,1,1,20586,20587,linear_attention,,,"[1,5120]","[1,5120]","[3,1]","[1,5120]","[1,5120]",False,False,False,,,,0,0,4308578068389166,4308578069919300,
input8_layer25,,,,20260729T050800Z-fx-89687ae2-R032,pra2026-bh408@3d036144-16-32K-row0-greedy1024,3d03614452cd0a925abc82a7686560ff80252dfa,0,rank0,HCU0:TCA23906041001,chatcmpl-bench-7f1746b7-0-9eeec82b-9c959c99,8,8,25,0,decode,1,1,20586,20587,linear_attention,,,"[1,5120]","[1,5120]","[3,1]","[1,5120]","[1,5120]",False,False,False,,,,0,0,4308578071581165,4308578073087389,
input8_layer26,,,,20260729T050800Z-fx-89687ae2-R032,pra2026-bh408@3d036144-16-32K-row0-greedy1024,3d03614452cd0a925abc82a7686560ff80252dfa,0,rank0,HCU0:TCA23906041001,chatcmpl-bench-7f1746b7-0-9eeec82b-9c959c99,8,8,26,0,decode,1,1,20586,20587,linear_attention,,,"[1,5120]","[1,5120]","[3,1]","[1,5120]","[1,5120]",False,False,False,,,,0,0,4308578074993627,4308578076519761,
input8_layer27,,,,20260729T050800Z-fx-89687ae2-R032,pra2026-bh408@3d036144-16-32K-row0-greedy1024,3d03614452cd0a925abc82a7686560ff80252dfa,0,rank0,HCU0:TCA23906041001,chatcmpl-bench-7f1746b7-0-9eeec82b-9c959c99,8,8,27,0,decode,1,1,20586,20587,full_attention,,,"[1,5120]","[1,5120]","[3,1]","[1,5120]","[1,5120]",False,False,False,,,,0,0,4308578094352427,4308578096271495,
input8_layer28,,,,20260729T050800Z-fx-89687ae2-R032,pra2026-bh408@3d036144-16-32K-row0-greedy1024,3d03614452cd0a925abc82a7686560ff80252dfa,0,rank0,HCU0:TCA23906041001,chatcmpl-bench-7f1746b7-0-9eeec82b-9c959c99,8,8,28,0,decode,1,1,20586,20587,linear_attention,,,"[1,5120]","[1,5120]","[3,1]","[1,5120]","[1,5120]",False,False,False,,,,0,0,4308578097959751,4308578099491595,
input8_layer29,,,,20260729T050800Z-fx-89687ae2-R032,pra2026-bh408@3d036144-16-32K-row0-greedy1024,3d03614452cd0a925abc82a7686560ff80252dfa,0,rank0,HCU0:TCA23906041001,chatcmpl-bench-7f1746b7-0-9eeec82b-9c959c99,8,8,29,0,decode,1,1,20586,20587,linear_attention,,,"[1,5120]","[1,5120]","[3,1]","[1,5120]","[1,5120]",False,False,False,,,,0,0,4308578101216521,4308578102727615,
input8_layer30,,,,20260729T050800Z-fx-89687ae2-R032,pra2026-bh408@3d036144-16-32K-row0-greedy1024,3d03614452cd0a925abc82a7686560ff80252dfa,0,rank0,HCU0:TCA23906041001,chatcmpl-bench-7f1746b7-0-9eeec82b-9c959c99,8,8,30,0,decode,1,1,20586,20587,linear_attention,,,"[1,5120]","[1,5120]","[3,1]","[1,5120]","[1,5120]",False,False,False,,,,0,0,4308578104400940,4308578105930195,
input8_layer31,,,,20260729T050800Z-fx-89687ae2-R032,pra2026-bh408@3d036144-16-32K-row0-greedy1024,3d03614452cd0a925abc82a7686560ff80252dfa,0,rank0,HCU0:TCA23906041001,chatcmpl-bench-7f1746b7-0-9eeec82b-9c959c99,8,8,31,0,decode,1,1,20586,20587,full_attention,,,"[1,5120]","[1,5120]","[3,1]","[1,5120]","[1,5120]",False,False,False,,,,0,0,4308578107405738,4308578109321916,
input8_layer32,,,,20260729T050800Z-fx-89687ae2-R032,pra2026-bh408@3d036144-16-32K-row0-greedy1024,3d03614452cd0a925abc82a7686560ff80252dfa,0,rank0,HCU0:TCA23906041001,chatcmpl-bench-7f1746b7-0-9eeec82b-9c959c99,8,8,32,0,decode,1,1,20586,20587,linear_attention,,,"[1,5120]","[1,5120]","[3,1]","[1,5120]","[1,5120]",False,False,False,,,,0,0,4308578110879191,4308578112415025,
input8_layer33,,,,20260729T050800Z-fx-89687ae2-R032,pra2026-bh408@3d036144-16-32K-row0-greedy1024,3d03614452cd0a925abc82a7686560ff80252dfa,0,rank0,HCU0:TCA23906041001,chatcmpl-bench-7f1746b7-0-9eeec82b-9c959c99,8,8,33,0,decode,1,1,20586,20587,linear_attention,,,"[1,5120]","[1,5120]","[3,1]","[1,5120]","[1,5120]",False,False,False,,,,0,0,4308578113905189,4308578115438563,
input8_layer34,,,,20260729T050800Z-fx-89687ae2-R032,pra2026-bh408@3d036144-16-32K-row0-greedy1024,3d03614452cd0a925abc82a7686560ff80252dfa,0,rank0,HCU0:TCA23906041001,chatcmpl-bench-7f1746b7-0-9eeec82b-9c959c99,8,8,34,0,decode,1,1,20586,20587,linear_attention,,,"[1,5120]","[1,5120]","[3,1]","[1,5120]","[1,5120]",False,False,False,,,,0,0,4308578117232630,4308578118750564,
input8_layer35,,,,20260729T050800Z-fx-89687ae2-R032,pra2026-bh408@3d036144-16-32K-row0-greedy1024,3d03614452cd0a925abc82a7686560ff80252dfa,0,rank0,HCU0:TCA23906041001,chatcmpl-bench-7f1746b7-0-9eeec82b-9c959c99,8,8,35,0,decode,1,1,20586,20587,full_attention,,,"[1,5120]","[1,5120]","[3,1]","[1,5120]","[1,5120]",False,False,False,,,,0,0,4308578120474390,4308578122410078,
input8_layer36,,,,20260729T050800Z-fx-89687ae2-R032,pra2026-bh408@3d036144-16-32K-row0-greedy1024,3d03614452cd0a925abc82a7686560ff80252dfa,0,rank0,HCU0:TCA23906041001,chatcmpl-bench-7f1746b7-0-9eeec82b-9c959c99,8,8,36,0,decode,1,1,20586,20587,linear_attention,,,"[1,5120]","[1,5120]","[3,1]","[1,5120]","[1,5120]",False,False,False,,,,0,0,4308578123867932,4308578125395926,
input8_layer37,,,,20260729T050800Z-fx-89687ae2-R032,pra2026-bh408@3d036144-16-32K-row0-greedy1024,3d03614452cd0a925abc82a7686560ff80252dfa,0,rank0,HCU0:TCA23906041001,chatcmpl-bench-7f1746b7-0-9eeec82b-9c959c99,8,8,37,0,decode,1,1,20586,20587,linear_attention,,,"[1,5120]","[1,5120]","[3,1]","[1,5120]","[1,5120]",False,False,False,,,,0,0,4308578127130782,4308578128652686,
input8_layer38,,,,20260729T050800Z-fx-89687ae2-R032,pra2026-bh408@3d036144-16-32K-row0-greedy1024,3d03614452cd0a925abc82a7686560ff80252dfa,0,rank0,HCU0:TCA23906041001,chatcmpl-bench-7f1746b7-0-9eeec82b-9c959c99,8,8,38,0,decode,1,1,20586,20587,linear_attention,,,"[1,5120]","[1,5120]","[3,1]","[1,5120]","[1,5120]",False,False,False,,,,0,0,4308578130418152,4308578131929076,
input8_layer39,,,,20260729T050800Z-fx-89687ae2-R032,pra2026-bh408@3d036144-16-32K-row0-greedy1024,3d03614452cd0a925abc82a7686560ff80252dfa,0,rank0,HCU0:TCA23906041001,chatcmpl-bench-7f1746b7-0-9eeec82b-9c959c99,8,8,39,0,decode,1,1,20586,20587,full_attention,,,"[1,5120]","[1,5120]","[3,1]","[1,5120]","[1,5120]",False,False,False,,,,0,0,4308578133958945,4308578135873863,
input8_layer40,,,,20260729T050800Z-fx-89687ae2-R032,pra2026-bh408@3d036144-16-32K-row0-greedy1024,3d03614452cd0a925abc82a7686560ff80252dfa,0,rank0,HCU0:TCA23906041001,chatcmpl-bench-7f1746b7-0-9eeec82b-9c959c99,8,8,40,0,decode,1,1,20586,20587,linear_attention,,,"[1,5120]","[1,5120]","[3,1]","[1,5120]","[1,5120]",False,False,False,,,,0,0,4308578137469148,4308578138985722,
input8_layer41,,,,20260729T050800Z-fx-89687ae2-R032,pra2026-bh408@3d036144-16-32K-row0-greedy1024,3d03614452cd0a925abc82a7686560ff80252dfa,0,rank0,HCU0:TCA23906041001,chatcmpl-bench-7f1746b7-0-9eeec82b-9c959c99,8,8,41,0,decode,1,1,20586,20587,linear_attention,,,"[1,5120]","[1,5120]","[3,1]","[1,5120]","[1,5120]",False,False,False,,,,0,0,4308578140454186,4308578141971580,
input8_layer42,,,,20260729T050800Z-fx-89687ae2-R032,pra2026-bh408@3d036144-16-32K-row0-greedy1024,3d03614452cd0a925abc82a7686560ff80252dfa,0,rank0,HCU0:TCA23906041001,chatcmpl-bench-7f1746b7-0-9eeec82b-9c959c99,8,8,42,0,decode,1,1,20586,20587,linear_attention,,,"[1,5120]","[1,5120]","[3,1]","[1,5120]","[1,5120]",False,False,False,,,,0,0,4308578144209871,4308578145720005,
input8_layer43,,,,20260729T050800Z-fx-89687ae2-R032,pra2026-bh408@3d036144-16-32K-row0-greedy1024,3d03614452cd0a925abc82a7686560ff80252dfa,0,rank0,HCU0:TCA23906041001,chatcmpl-bench-7f1746b7-0-9eeec82b-9c959c99,8,8,43,0,decode,1,1,20586,20587,full_attention,,,"[1,5120]","[1,5120]","[3,1]","[1,5120]","[1,5120]",False,False,False,,,,0,0,4308578147533672,4308578149441959,
input8_layer44,,,,20260729T050800Z-fx-89687ae2-R032,pra2026-bh408@3d036144-16-32K-row0-greedy1024,3d03614452cd0a925abc82a7686560ff80252dfa,0,rank0,HCU0:TCA23906041001,chatcmpl-bench-7f1746b7-0-9eeec82b-9c959c99,8,8,44,0,decode,1,1,20586,20587,linear_attention,,,"[1,5120]","[1,5120]","[3,1]","[1,5120]","[1,5120]",False,False,False,,,,0,0,4308578151198926,4308578152717500,
input8_layer45,,,,20260729T050800Z-fx-89687ae2-R032,pra2026-bh408@3d036144-16-32K-row0-greedy1024,3d03614452cd0a925abc82a7686560ff80252dfa,0,rank0,HCU0:TCA23906041001,chatcmpl-bench-7f1746b7-0-9eeec82b-9c959c99,8,8,45,0,decode,1,1,20586,20587,linear_attention,,,"[1,5120]","[1,5120]","[3,1]","[1,5120]","[1,5120]",False,False,False,,,,0,0,4308578154656978,4308578156184562,
input8_layer46,,,,20260729T050800Z-fx-89687ae2-R032,pra2026-bh408@3d036144-16-32K-row0-greedy1024,3d03614452cd0a925abc82a7686560ff80252dfa,0,rank0,HCU0:TCA23906041001,chatcmpl-bench-7f1746b7-0-9eeec82b-9c959c99,8,8,46,0,decode,1,1,20586,20587,linear_attention,,,"[1,5120]","[1,5120]","[3,1]","[1,5120]","[1,5120]",False,False,False,,,,0,0,4308578157914118,4308578159445042,
input8_layer47,,,,20260729T050800Z-fx-89687ae2-R032,pra2026-bh408@3d036144-16-32K-row0-greedy1024,3d03614452cd0a925abc82a7686560ff80252dfa,0,rank0,HCU0:TCA23906041001,chatcmpl-bench-7f1746b7-0-9eeec82b-9c959c99,8,8,47,0,decode,1,1,20586,20587,full_attention,,,"[1,5120]","[1,5120]","[3,1]","[1,5120]","[1,5120]",False,False,False,,,,0,0,4308578161213869,4308578163109836,
input8_layer48,,,,20260729T050800Z-fx-89687ae2-R032,pra2026-bh408@3d036144-16-32K-row0-greedy1024,3d03614452cd0a925abc82a7686560ff80252dfa,0,rank0,HCU0:TCA23906041001,chatcmpl-bench-7f1746b7-0-9eeec82b-9c959c99,8,8,48,0,decode,1,1,20586,20587,linear_attention,,,"[1,5120]","[1,5120]","[3,1]","[1,5120]","[1,5120]",False,False,False,,,,0,0,4308578164833942,4308578166370597,
input8_layer49,,,,20260729T050800Z-fx-89687ae2-R032,pra2026-bh408@3d036144-16-32K-row0-greedy1024,3d03614452cd0a925abc82a7686560ff80252dfa,0,rank0,HCU0:TCA23906041001,chatcmpl-bench-7f1746b7-0-9eeec82b-9c959c99,8,8,49,0,decode,1,1,20586,20587,linear_attention,,,"[1,5120]","[1,5120]","[3,1]","[1,5120]","[1,5120]",False,False,False,,,,0,0,4308578167922251,4308578169438495,
input8_layer50,,,,20260729T050800Z-fx-89687ae2-R032,pra2026-bh408@3d036144-16-32K-row0-greedy1024,3d03614452cd0a925abc82a7686560ff80252dfa,0,rank0,HCU0:TCA23906041001,chatcmpl-bench-7f1746b7-0-9eeec82b-9c959c99,8,8,50,0,decode,1,1,20586,20587,linear_attention,,,"[1,5120]","[1,5120]","[3,1]","[1,5120]","[1,5120]",False,False,False,,,,0,0,4308578171294022,4308578172812167,
input8_layer51,,,,20260729T050800Z-fx-89687ae2-R032,pra2026-bh408@3d036144-16-32K-row0-greedy1024,3d03614452cd0a925abc82a7686560ff80252dfa,0,rank0,HCU0:TCA23906041001,chatcmpl-bench-7f1746b7-0-9eeec82b-9c959c99,8,8,51,0,decode,1,1,20586,20587,full_attention,,,"[1,5120]","[1,5120]","[3,1]","[1,5120]","[1,5120]",False,False,False,,,,0,0,4308578174665714,4308578176572301,
input8_layer52,,,,20260729T050800Z-fx-89687ae2-R032,pra2026-bh408@3d036144-16-32K-row0-greedy1024,3d03614452cd0a925abc82a7686560ff80252dfa,0,rank0,HCU0:TCA23906041001,chatcmpl-bench-7f1746b7-0-9eeec82b-9c959c99,8,8,52,0,decode,1,1,20586,20587,linear_attention,,,"[1,5120]","[1,5120]","[3,1]","[1,5120]","[1,5120]",False,False,False,,,,0,0,4308578178288267,4308578179795391,
input8_layer53,,,,20260729T050800Z-fx-89687ae2-R032,pra2026-bh408@3d036144-16-32K-row0-greedy1024,3d03614452cd0a925abc82a7686560ff80252dfa,0,rank0,HCU0:TCA23906041001,chatcmpl-bench-7f1746b7-0-9eeec82b-9c959c99,8,8,53,0,decode,1,1,20586,20587,linear_attention,,,"[1,5120]","[1,5120]","[3,1]","[1,5120]","[1,5120]",False,False,False,,,,0,0,4308578181781510,4308578183291544,
input8_layer54,,,,20260729T050800Z-fx-89687ae2-R032,pra2026-bh408@3d036144-16-32K-row0-greedy1024,3d03614452cd0a925abc82a7686560ff80252dfa,0,rank0,HCU0:TCA23906041001,chatcmpl-bench-7f1746b7-0-9eeec82b-9c959c99,8,8,54,0,decode,1,1,20586,20587,linear_attention,,,"[1,5120]","[1,5120]","[3,1]","[1,5120]","[1,5120]",False,False,False,,,,0,0,4308578185134561,4308578186633425,
input8_layer55,,,,20260729T050800Z-fx-89687ae2-R032,pra2026-bh408@3d036144-16-32K-row0-greedy1024,3d03614452cd0a925abc82a7686560ff80252dfa,0,rank0,HCU0:TCA23906041001,chatcmpl-bench-7f1746b7-0-9eeec82b-9c959c99,8,8,55,0,decode,1,1,20586,20587,full_attention,,,"[1,5120]","[1,5120]","[3,1]","[1,5120]","[1,5120]",False,False,False,,,,0,0,4308578188269660,4308578190155368,
input8_layer56,,,,20260729T050800Z-fx-89687ae2-R032,pra2026-bh408@3d036144-16-32K-row0-greedy1024,3d03614452cd0a925abc82a7686560ff80252dfa,0,rank0,HCU0:TCA23906041001,chatcmpl-bench-7f1746b7-0-9eeec82b-9c959c99,8,8,56,0,decode,1,1,20586,20587,linear_attention,,,"[1,5120]","[1,5120]","[3,1]","[1,5120]","[1,5120]",False,False,False,,,,0,0,4308578191985855,4308578193510539,
input8_layer57,,,,20260729T050800Z-fx-89687ae2-R032,pra2026-bh408@3d036144-16-32K-row0-greedy1024,3d03614452cd0a925abc82a7686560ff80252dfa,0,rank0,HCU0:TCA23906041001,chatcmpl-bench-7f1746b7-0-9eeec82b-9c959c99,8,8,57,0,decode,1,1,20586,20587,linear_attention,,,"[1,5120]","[1,5120]","[3,1]","[1,5120]","[1,5120]",False,False,False,,,,0,0,4308578195219325,4308578196716659,
input8_layer58,,,,20260729T050800Z-fx-89687ae2-R032,pra2026-bh408@3d036144-16-32K-row0-greedy1024,3d03614452cd0a925abc82a7686560ff80252dfa,0,rank0,HCU0:TCA23906041001,chatcmpl-bench-7f1746b7-0-9eeec82b-9c959c99,8,8,58,0,decode,1,1,20586,20587,linear_attention,,,"[1,5120]","[1,5120]","[3,1]","[1,5120]","[1,5120]",False,False,False,,,,0,0,4308578198264243,4308578199758517,
input8_layer59,,,,20260729T050800Z-fx-89687ae2-R032,pra2026-bh408@3d036144-16-32K-row0-greedy1024,3d03614452cd0a925abc82a7686560ff80252dfa,0,rank0,HCU0:TCA23906041001,chatcmpl-bench-7f1746b7-0-9eeec82b-9c959c99,8,8,59,0,decode,1,1,20586,20587,full_attention,,,"[1,5120]","[1,5120]","[3,1]","[1,5120]","[1,5120]",False,False,False,,,,0,0,4308578201378362,4308578203289080,
input8_layer60,,,,20260729T050800Z-fx-89687ae2-R032,pra2026-bh408@3d036144-16-32K-row0-greedy1024,3d03614452cd0a925abc82a7686560ff80252dfa,0,rank0,HCU0:TCA23906041001,chatcmpl-bench-7f1746b7-0-9eeec82b-9c959c99,8,8,60,0,decode,1,1,20586,20587,linear_attention,,,"[1,5120]","[1,5120]","[3,1]","[1,5120]","[1,5120]",False,False,False,,,,0,0,4308578205009176,4308578206522370,
input8_layer61,,,,20260729T050800Z-fx-89687ae2-R032,pra2026-bh408@3d036144-16-32K-row0-greedy1024,3d03614452cd0a925abc82a7686560ff80252dfa,0,rank0,HCU0:TCA23906041001,chatcmpl-bench-7f1746b7-0-9eeec82b-9c959c99,8,8,61,0,decode,1,1,20586,20587,linear_attention,,,"[1,5120]","[1,5120]","[3,1]","[1,5120]","[1,5120]",False,False,False,,,,0,0,4308578208333927,4308578209829571,
input8_layer62,,,,20260729T050800Z-fx-89687ae2-R032,pra2026-bh408@3d036144-16-32K-row0-greedy1024,3d03614452cd0a925abc82a7686560ff80252dfa,0,rank0,HCU0:TCA23906041001,chatcmpl-bench-7f1746b7-0-9eeec82b-9c959c99,8,8,62,0,decode,1,1,20586,20587,linear_attention,,,"[1,5120]","[1,5120]","[3,1]","[1,5120]","[1,5120]",False,False,False,,,,0,0,4308578211789229,4308578213304623,
input8_layer63,,,,20260729T050800Z-fx-89687ae2-R032,pra2026-bh408@3d036144-16-32K-row0-greedy1024,3d03614452cd0a925abc82a7686560ff80252dfa,0,rank0,HCU0:TCA23906041001,chatcmpl-bench-7f1746b7-0-9eeec82b-9c959c99,8,8,63,0,decode,1,1,20586,20587,full_attention,,,"[1,5120]","[1,5120]","[3,1]","[1,5120]","[1,5120]",False,False,False,,,,0,0,4308578215445723,4308578217342441,
input9_layer0,,,,20260729T050800Z-fx-89687ae2-R032,pra2026-bh408@3d036144-16-32K-row0-greedy1024,3d03614452cd0a925abc82a7686560ff80252dfa,0,rank0,HCU0:TCA23906041001,chatcmpl-bench-7f1746b7-0-9eeec82b-9c959c99,9,9,0,0,decode,1,1,20587,20588,linear_attention,,,"[1,5120]",null,"[3,1]","[1,5120]","[1,5120]",False,False,False,,,,0,0,4308578222607299,4308578224320065,
input9_layer1,,,,20260729T050800Z-fx-89687ae2-R032,pra2026-bh408@3d036144-16-32K-row0-greedy1024,3d03614452cd0a925abc82a7686560ff80252dfa,0,rank0,HCU0:TCA23906041001,chatcmpl-bench-7f1746b7-0-9eeec82b-9c959c99,9,9,1,0,decode,1,1,20587,20588,linear_attention,,,"[1,5120]","[1,5120]","[3,1]","[1,5120]","[1,5120]",False,False,False,,,,0,0,4308578226287294,4308578227817438,
input9_layer2,,,,20260729T050800Z-fx-89687ae2-R032,pra2026-bh408@3d036144-16-32K-row0-greedy1024,3d03614452cd0a925abc82a7686560ff80252dfa,0,rank0,HCU0:TCA23906041001,chatcmpl-bench-7f1746b7-0-9eeec82b-9c959c99,9,9,2,0,decode,1,1,20587,20588,linear_attention,,,"[1,5120]","[1,5120]","[3,1]","[1,5120]","[1,5120]",False,False,False,,,,0,0,4308578229878687,4308578231391741,
input9_layer3,,,,20260729T050800Z-fx-89687ae2-R032,pra2026-bh408@3d036144-16-32K-row0-greedy1024,3d03614452cd0a925abc82a7686560ff80252dfa,0,rank0,HCU0:TCA23906041001,chatcmpl-bench-7f1746b7-0-9eeec82b-9c959c99,9,9,3,0,decode,1,1,20587,20588,full_attention,,,"[1,5120]","[1,5120]","[3,1]","[1,5120]","[1,5120]",False,False,False,,,,0,0,4308578233031236,4308578234996155,
input9_layer4,,,,20260729T050800Z-fx-89687ae2-R032,pra2026-bh408@3d036144-16-32K-row0-greedy1024,3d03614452cd0a925abc82a7686560ff80252dfa,0,rank0,HCU0:TCA23906041001,chatcmpl-bench-7f1746b7-0-9eeec82b-9c959c99,9,9,4,0,decode,1,1,20587,20588,linear_attention,,,"[1,5120]","[1,5120]","[3,1]","[1,5120]","[1,5120]",False,False,False,,,,0,0,4308578236666150,4308578238192444,
input9_layer5,,,,20260729T050800Z-fx-89687ae2-R032,pra2026-bh408@3d036144-16-32K-row0-greedy1024,3d03614452cd0a925abc82a7686560ff80252dfa,0,rank0,HCU0:TCA23906041001,chatcmpl-bench-7f1746b7-0-9eeec82b-9c959c99,9,9,5,0,decode,1,1,20587,20588,linear_attention,,,"[1,5120]","[1,5120]","[3,1]","[1,5120]","[1,5120]",False,False,False,,,,0,0,4308578239981011,4308578241506815,
input9_layer6,,,,20260729T050800Z-fx-89687ae2-R032,pra2026-bh408@3d036144-16-32K-row0-greedy1024,3d03614452cd0a925abc82a7686560ff80252dfa,0,rank0,HCU0:TCA23906041001,chatcmpl-bench-7f1746b7-0-9eeec82b-9c959c99,9,9,6,0,decode,1,1,20587,20588,linear_attention,,,"[1,5120]","[1,5120]","[3,1]","[1,5120]","[1,5120]",False,False,False,,,,0,0,4308578243492934,4308578244995668,
input9_layer7,,,,20260729T050800Z-fx-89687ae2-R032,pra2026-bh408@3d036144-16-32K-row0-greedy1024,3d03614452cd0a925abc82a7686560ff80252dfa,0,rank0,HCU0:TCA23906041001,chatcmpl-bench-7f1746b7-0-9eeec82b-9c959c99,9,9,7,0,decode,1,1,20587,20588,full_attention,,,"[1,5120]","[1,5120]","[3,1]","[1,5120]","[1,5120]",False,False,False,,,,0,0,4308578247035167,4308578248941824,
input9_layer8,,,,20260729T050800Z-fx-89687ae2-R032,pra2026-bh408@3d036144-16-32K-row0-greedy1024,3d03614452cd0a925abc82a7686560ff80252dfa,0,rank0,HCU0:TCA23906041001,chatcmpl-bench-7f1746b7-0-9eeec82b-9c959c99,9,9,8,0,decode,1,1,20587,20588,linear_attention,,,"[1,5120]","[1,5120]","[3,1]","[1,5120]","[1,5120]",False,False,False,,,,0,0,4308578250550339,4308578252065483,
input9_layer9,,,,20260729T050800Z-fx-89687ae2-R032,pra2026-bh408@3d036144-16-32K-row0-greedy1024,3d03614452cd0a925abc82a7686560ff80252dfa,0,rank0,HCU0:TCA23906041001,chatcmpl-bench-7f1746b7-0-9eeec82b-9c959c99,9,9,9,0,decode,1,1,20587,20588,linear_attention,,,"[1,5120]","[1,5120]","[3,1]","[1,5120]","[1,5120]",False,False,False,,,,0,0,4308578253675358,4308578255188642,
input9_layer10,,,,20260729T050800Z-fx-89687ae2-R032,pra2026-bh408@3d036144-16-32K-row0-greedy1024,3d03614452cd0a925abc82a7686560ff80252dfa,0,rank0,HCU0:TCA23906041001,chatcmpl-bench-7f1746b7-0-9eeec82b-9c959c99,9,9,10,0,decode,1,1,20587,20588,linear_attention,,,"[1,5120]","[1,5120]","[3,1]","[1,5120]","[1,5120]",False,False,False,,,,0,0,4308578257659525,4308578259170819,
input9_layer11,,,,20260729T050800Z-fx-89687ae2-R032,pra2026-bh408@3d036144-16-32K-row0-greedy1024,3d03614452cd0a925abc82a7686560ff80252dfa,0,rank0,HCU0:TCA23906041001,chatcmpl-bench-7f1746b7-0-9eeec82b-9c959c99,9,9,11,0,decode,1,1,20587,20588,full_attention,,,"[1,5120]","[1,5120]","[3,1]","[1,5120]","[1,5120]",False,False,False,,,,0,0,4308578261008227,4308578262908644,
input9_layer12,,,,20260729T050800Z-fx-89687ae2-R032,pra2026-bh408@3d036144-16-32K-row0-greedy1024,3d03614452cd0a925abc82a7686560ff80252dfa,0,rank0,HCU0:TCA23906041001,chatcmpl-bench-7f1746b7-0-9eeec82b-9c959c99,9,9,12,0,decode,1,1,20587,20588,linear_attention,,,"[1,5120]","[1,5120]","[3,1]","[1,5120]","[1,5120]",False,False,False,,,,0,0,4308578264540229,4308578266293276,
input9_layer13,,,,20260729T050800Z-fx-89687ae2-R032,pra2026-bh408@3d036144-16-32K-row0-greedy1024,3d03614452cd0a925abc82a7686560ff80252dfa,0,rank0,HCU0:TCA23906041001,chatcmpl-bench-7f1746b7-0-9eeec82b-9c959c99,9,9,13,0,decode,1,1,20587,20588,linear_attention,,,"[1,5120]","[1,5120]","[3,1]","[1,5120]","[1,5120]",False,False,False,,,,0,0,4308578267984461,4308578269511456,
input9_layer14,,,,20260729T050800Z-fx-89687ae2-R032,pra2026-bh408@3d036144-16-32K-row0-greedy1024,3d03614452cd0a925abc82a7686560ff80252dfa,0,rank0,HCU0:TCA23906041001,chatcmpl-bench-7f1746b7-0-9eeec82b-9c959c99,9,9,14,0,decode,1,1,20587,20588,linear_attention,,,"[1,5120]","[1,5120]","[3,1]","[1,5120]","[1,5120]",False,False,False,,,,0,0,4308578271180341,4308578272686615,
input9_layer15,,,,20260729T050800Z-fx-89687ae2-R032,pra2026-bh408@3d036144-16-32K-row0-greedy1024,3d03614452cd0a925abc82a7686560ff80252dfa,0,rank0,HCU0:TCA23906041001,chatcmpl-bench-7f1746b7-0-9eeec82b-9c959c99,9,9,15,0,decode,1,1,20587,20588,full_attention,,,"[1,5120]","[1,5120]","[3,1]","[1,5120]","[1,5120]",False,False,False,,,,0,0,4308578274301510,4308578276213308,
input9_layer16,,,,20260729T050800Z-fx-89687ae2-R032,pra2026-bh408@3d036144-16-32K-row0-greedy1024,3d03614452cd0a925abc82a7686560ff80252dfa,0,rank0,HCU0:TCA23906041001,chatcmpl-bench-7f1746b7-0-9eeec82b-9c959c99,9,9,16,0,decode,1,1,20587,20588,linear_attention,,,"[1,5120]","[1,5120]","[3,1]","[1,5120]","[1,5120]",False,False,False,,,,0,0,4308578277933714,4308578279446588,
input9_layer17,,,,20260729T050800Z-fx-89687ae2-R032,pra2026-bh408@3d036144-16-32K-row0-greedy1024,3d03614452cd0a925abc82a7686560ff80252dfa,0,rank0,HCU0:TCA23906041001,chatcmpl-bench-7f1746b7-0-9eeec82b-9c959c99,9,9,17,0,decode,1,1,20587,20588,linear_attention,,,"[1,5120]","[1,5120]","[3,1]","[1,5120]","[1,5120]",False,False,False,,,,0,0,4308578281183254,4308578282679708,
input9_layer18,,,,20260729T050800Z-fx-89687ae2-R032,pra2026-bh408@3d036144-16-32K-row0-greedy1024,3d03614452cd0a925abc82a7686560ff80252dfa,0,rank0,HCU0:TCA23906041001,chatcmpl-bench-7f1746b7-0-9eeec82b-9c959c99,9,9,18,0,decode,1,1,20587,20588,linear_attention,,,"[1,5120]","[1,5120]","[3,1]","[1,5120]","[1,5120]",False,False,False,,,,0,0,4308578284597306,4308578286106690,
input9_layer19,,,,20260729T050800Z-fx-89687ae2-R032,pra2026-bh408@3d036144-16-32K-row0-greedy1024,3d03614452cd0a925abc82a7686560ff80252dfa,0,rank0,HCU0:TCA23906041001,chatcmpl-bench-7f1746b7-0-9eeec82b-9c959c99,9,9,19,0,decode,1,1,20587,20588,full_attention,,,"[1,5120]","[1,5120]","[3,1]","[1,5120]","[1,5120]",False,False,False,,,,0,0,4308578287907577,4308578289809984,
input9_layer20,,,,20260729T050800Z-fx-89687ae2-R032,pra2026-bh408@3d036144-16-32K-row0-greedy1024,3d03614452cd0a925abc82a7686560ff80252dfa,0,rank0,HCU0:TCA23906041001,chatcmpl-bench-7f1746b7-0-9eeec82b-9c959c99,9,9,20,0,decode,1,1,20587,20588,linear_attention,,,"[1,5120]","[1,5120]","[3,1]","[1,5120]","[1,5120]",False,False,False,,,,0,0,4308578291639891,4308578293143425,
input9_layer21,,,,20260729T050800Z-fx-89687ae2-R032,pra2026-bh408@3d036144-16-32K-row0-greedy1024,3d03614452cd0a925abc82a7686560ff80252dfa,0,rank0,HCU0:TCA23906041001,chatcmpl-bench-7f1746b7-0-9eeec82b-9c959c99,9,9,21,0,decode,1,1,20587,20588,linear_attention,,,"[1,5120]","[1,5120]","[3,1]","[1,5120]","[1,5120]",False,False,False,,,,0,0,4308578294966022,4308578296469206,
input9_layer22,,,,20260729T050800Z-fx-89687ae2-R032,pra2026-bh408@3d036144-16-32K-row0-greedy1024,3d03614452cd0a925abc82a7686560ff80252dfa,0,rank0,HCU0:TCA23906041001,chatcmpl-bench-7f1746b7-0-9eeec82b-9c959c99,9,9,22,0,decode,1,1,20587,20588,linear_attention,,,"[1,5120]","[1,5120]","[3,1]","[1,5120]","[1,5120]",False,False,False,,,,0,0,4308578298308113,4308578299819867,
input9_layer23,,,,20260729T050800Z-fx-89687ae2-R032,pra2026-bh408@3d036144-16-32K-row0-greedy1024,3d03614452cd0a925abc82a7686560ff80252dfa,0,rank0,HCU0:TCA23906041001,chatcmpl-bench-7f1746b7-0-9eeec82b-9c959c99,9,9,23,0,decode,1,1,20587,20588,full_attention,,,"[1,5120]","[1,5120]","[3,1]","[1,5120]","[1,5120]",False,False,False,,,,0,0,4308578301625474,4308578303556962,
input9_layer24,,,,20260729T050800Z-fx-89687ae2-R032,pra2026-bh408@3d036144-16-32K-row0-greedy1024,3d03614452cd0a925abc82a7686560ff80252dfa,0,rank0,HCU0:TCA23906041001,chatcmpl-bench-7f1746b7-0-9eeec82b-9c959c99,9,9,24,0,decode,1,1,20587,20588,linear_attention,,,"[1,5120]","[1,5120]","[3,1]","[1,5120]","[1,5120]",False,False,False,,,,0,0,4308578305609431,4308578307118245,
input9_layer25,,,,20260729T050800Z-fx-89687ae2-R032,pra2026-bh408@3d036144-16-32K-row0-greedy1024,3d03614452cd0a925abc82a7686560ff80252dfa,0,rank0,HCU0:TCA23906041001,chatcmpl-bench-7f1746b7-0-9eeec82b-9c959c99,9,9,25,0,decode,1,1,20587,20588,linear_attention,,,"[1,5120]","[1,5120]","[3,1]","[1,5120]","[1,5120]",False,False,False,,,,0,0,4308578308993483,4308578310502537,
input9_layer26,,,,20260729T050800Z-fx-89687ae2-R032,pra2026-bh408@3d036144-16-32K-row0-greedy1024,3d03614452cd0a925abc82a7686560ff80252dfa,0,rank0,HCU0:TCA23906041001,chatcmpl-bench-7f1746b7-0-9eeec82b-9c959c99,9,9,26,0,decode,1,1,20587,20588,linear_attention,,,"[1,5120]","[1,5120]","[3,1]","[1,5120]","[1,5120]",False,False,False,,,,0,0,4308578312307253,4308578313823097,
input9_layer27,,,,20260729T050800Z-fx-89687ae2-R032,pra2026-bh408@3d036144-16-32K-row0-greedy1024,3d03614452cd0a925abc82a7686560ff80252dfa,0,rank0,HCU0:TCA23906041001,chatcmpl-bench-7f1746b7-0-9eeec82b-9c959c99,9,9,27,0,decode,1,1,20587,20588,full_attention,,,"[1,5120]","[1,5120]","[3,1]","[1,5120]","[1,5120]",False,False,False,,,,0,0,4308578315549954,4308578317469561,
input9_layer28,,,,20260729T050800Z-fx-89687ae2-R032,pra2026-bh408@3d036144-16-32K-row0-greedy1024,3d03614452cd0a925abc82a7686560ff80252dfa,0,rank0,HCU0:TCA23906041001,chatcmpl-bench-7f1746b7-0-9eeec82b-9c959c99,9,9,28,0,decode,1,1,20587,20588,linear_attention,,,"[1,5120]","[1,5120]","[3,1]","[1,5120]","[1,5120]",False,False,False,,,,0,0,4308578319307628,4308578320831233,
input9_layer29,,,,20260729T050800Z-fx-89687ae2-R032,pra2026-bh408@3d036144-16-32K-row0-greedy1024,3d03614452cd0a925abc82a7686560ff80252dfa,0,rank0,HCU0:TCA23906041001,chatcmpl-bench-7f1746b7-0-9eeec82b-9c959c99,9,9,29,0,decode,1,1,20587,20588,linear_attention,,,"[1,5120]","[1,5120]","[3,1]","[1,5120]","[1,5120]",False,False,False,,,,0,0,4308578322574489,4308578324100063,
input9_layer30,,,,20260729T050800Z-fx-89687ae2-R032,pra2026-bh408@3d036144-16-32K-row0-greedy1024,3d03614452cd0a925abc82a7686560ff80252dfa,0,rank0,HCU0:TCA23906041001,chatcmpl-bench-7f1746b7-0-9eeec82b-9c959c99,9,9,30,0,decode,1,1,20587,20588,linear_attention,,,"[1,5120]","[1,5120]","[3,1]","[1,5120]","[1,5120]",False,False,False,,,,0,0,4308578325923000,4308578327446934,
input9_layer31,,,,20260729T050800Z-fx-89687ae2-R032,pra2026-bh408@3d036144-16-32K-row0-greedy1024,3d03614452cd0a925abc82a7686560ff80252dfa,0,rank0,HCU0:TCA23906041001,chatcmpl-bench-7f1746b7-0-9eeec82b-9c959c99,9,9,31,0,decode,1,1,20587,20588,full_attention,,,"[1,5120]","[1,5120]","[3,1]","[1,5120]","[1,5120]",False,False,False,,,,0,0,4308578329322062,4308578331236779,
input9_layer32,,,,20260729T050800Z-fx-89687ae2-R032,pra2026-bh408@3d036144-16-32K-row0-greedy1024,3d03614452cd0a925abc82a7686560ff80252dfa,0,rank0,HCU0:TCA23906041001,chatcmpl-bench-7f1746b7-0-9eeec82b-9c959c99,9,9,32,0,decode,1,1,20587,20588,linear_attention,,,"[1,5120]","[1,5120]","[3,1]","[1,5120]","[1,5120]",False,False,False,,,,0,0,4308578332953225,4308578334489150,
input9_layer33,,,,20260729T050800Z-fx-89687ae2-R032,pra2026-bh408@3d036144-16-32K-row0-greedy1024,3d03614452cd0a925abc82a7686560ff80252dfa,0,rank0,HCU0:TCA23906041001,chatcmpl-bench-7f1746b7-0-9eeec82b-9c959c99,9,9,33,0,decode,1,1,20587,20588,linear_attention,,,"[1,5120]","[1,5120]","[3,1]","[1,5120]","[1,5120]",False,False,False,,,,0,0,4308578336294406,4308578337805520,
input9_layer34,,,,20260729T050800Z-fx-89687ae2-R032,pra2026-bh408@3d036144-16-32K-row0-greedy1024,3d03614452cd0a925abc82a7686560ff80252dfa,0,rank0,HCU0:TCA23906041001,chatcmpl-bench-7f1746b7-0-9eeec82b-9c959c99,9,9,34,0,decode,1,1,20587,20588,linear_attention,,,"[1,5120]","[1,5120]","[3,1]","[1,5120]","[1,5120]",False,False,False,,,,0,0,4308578339455296,4308578340957860,
input9_layer35,,,,20260729T050800Z-fx-89687ae2-R032,pra2026-bh408@3d036144-16-32K-row0-greedy1024,3d03614452cd0a925abc82a7686560ff80252dfa,0,rank0,HCU0:TCA23906041001,chatcmpl-bench-7f1746b7-0-9eeec82b-9c959c99,9,9,35,0,decode,1,1,20587,20588,full_attention,,,"[1,5120]","[1,5120]","[3,1]","[1,5120]","[1,5120]",False,False,False,,,,0,0,4308578342534774,4308578344457652,
input9_layer36,,,,20260729T050800Z-fx-89687ae2-R032,pra2026-bh408@3d036144-16-32K-row0-greedy1024,3d03614452cd0a925abc82a7686560ff80252dfa,0,rank0,HCU0:TCA23906041001,chatcmpl-bench-7f1746b7-0-9eeec82b-9c959c99,9,9,36,0,decode,1,1,20587,20588,linear_attention,,,"[1,5120]","[1,5120]","[3,1]","[1,5120]","[1,5120]",False,False,False,,,,0,0,4308578346061277,4308578347593511,
input9_layer37,,,,20260729T050800Z-fx-89687ae2-R032,pra2026-bh408@3d036144-16-32K-row0-greedy1024,3d03614452cd0a925abc82a7686560ff80252dfa,0,rank0,HCU0:TCA23906041001,chatcmpl-bench-7f1746b7-0-9eeec82b-9c959c99,9,9,37,0,decode,1,1,20587,20588,linear_attention,,,"[1,5120]","[1,5120]","[3,1]","[1,5120]","[1,5120]",False,False,False,,,,0,0,4308578349243547,4308578350757341,
input9_layer38,,,,20260729T050800Z-fx-89687ae2-R032,pra2026-bh408@3d036144-16-32K-row0-greedy1024,3d03614452cd0a925abc82a7686560ff80252dfa,0,rank0,HCU0:TCA23906041001,chatcmpl-bench-7f1746b7-0-9eeec82b-9c959c99,9,9,38,0,decode,1,1,20587,20588,linear_attention,,,"[1,5120]","[1,5120]","[3,1]","[1,5120]","[1,5120]",False,False,False,,,,0,0,4308578352426366,4308578353941500,
input9_layer39,,,,20260729T050800Z-fx-89687ae2-R032,pra2026-bh408@3d036144-16-32K-row0-greedy1024,3d03614452cd0a925abc82a7686560ff80252dfa,0,rank0,HCU0:TCA23906041001,chatcmpl-bench-7f1746b7-0-9eeec82b-9c959c99,9,9,39,0,decode,1,1,20587,20588,full_attention,,,"[1,5120]","[1,5120]","[3,1]","[1,5120]","[1,5120]",False,False,False,,,,0,0,4308578355522745,4308578357430783,
input9_layer40,,,,20260729T050800Z-fx-89687ae2-R032,pra2026-bh408@3d036144-16-32K-row0-greedy1024,3d03614452cd0a925abc82a7686560ff80252dfa,0,rank0,HCU0:TCA23906041001,chatcmpl-bench-7f1746b7-0-9eeec82b-9c959c99,9,9,40,0,decode,1,1,20587,20588,linear_attention,,,"[1,5120]","[1,5120]","[3,1]","[1,5120]","[1,5120]",False,False,False,,,,0,0,4308578358968267,4308578360498591,
input9_layer41,,,,20260729T050800Z-fx-89687ae2-R032,pra2026-bh408@3d036144-16-32K-row0-greedy1024,3d03614452cd0a925abc82a7686560ff80252dfa,0,rank0,HCU0:TCA23906041001,chatcmpl-bench-7f1746b7-0-9eeec82b-9c959c99,9,9,41,0,decode,1,1,20587,20588,linear_attention,,,"[1,5120]","[1,5120]","[3,1]","[1,5120]","[1,5120]",False,False,False,,,,0,0,4308578362185267,4308578363690291,
input9_layer42,,,,20260729T050800Z-fx-89687ae2-R032,pra2026-bh408@3d036144-16-32K-row0-greedy1024,3d03614452cd0a925abc82a7686560ff80252dfa,0,rank0,HCU0:TCA23906041001,chatcmpl-bench-7f1746b7-0-9eeec82b-9c959c99,9,9,42,0,decode,1,1,20587,20588,linear_attention,,,"[1,5120]","[1,5120]","[3,1]","[1,5120]","[1,5120]",False,False,False,,,,0,0,4308578365370967,4308578366887991,
input9_layer43,,,,20260729T050800Z-fx-89687ae2-R032,pra2026-bh408@3d036144-16-32K-row0-greedy1024,3d03614452cd0a925abc82a7686560ff80252dfa,0,rank0,HCU0:TCA23906041001,chatcmpl-bench-7f1746b7-0-9eeec82b-9c959c99,9,9,43,0,decode,1,1,20587,20588,full_attention,,,"[1,5120]","[1,5120]","[3,1]","[1,5120]","[1,5120]",False,False,False,,,,0,0,4308578368703128,4308578371494614,
input9_layer44,,,,20260729T050800Z-fx-89687ae2-R032,pra2026-bh408@3d036144-16-32K-row0-greedy1024,3d03614452cd0a925abc82a7686560ff80252dfa,0,rank0,HCU0:TCA23906041001,chatcmpl-bench-7f1746b7-0-9eeec82b-9c959c99,9,9,44,0,decode,1,1,20587,20588,linear_attention,,,"[1,5120]","[1,5120]","[3,1]","[1,5120]","[1,5120]",False,False,False,,,,0,0,4308578373484112,4308578375249889,
input9_layer45,,,,20260729T050800Z-fx-89687ae2-R032,pra2026-bh408@3d036144-16-32K-row0-greedy1024,3d03614452cd0a925abc82a7686560ff80252dfa,0,rank0,HCU0:TCA23906041001,chatcmpl-bench-7f1746b7-0-9eeec82b-9c959c99,9,9,45,0,decode,1,1,20587,20588,linear_attention,,,"[1,5120]","[1,5120]","[3,1]","[1,5120]","[1,5120]",False,False,False,,,,0,0,4308578376931684,4308578378525399,
input9_layer46,,,,20260729T050800Z-fx-89687ae2-R032,pra2026-bh408@3d036144-16-32K-row0-greedy1024,3d03614452cd0a925abc82a7686560ff80252dfa,0,rank0,HCU0:TCA23906041001,chatcmpl-bench-7f1746b7-0-9eeec82b-9c959c99,9,9,46,0,decode,1,1,20587,20588,linear_attention,,,"[1,5120]","[1,5120]","[3,1]","[1,5120]","[1,5120]",False,False,False,,,,0,0,4308578380076003,4308578381659248,
input9_layer47,,,,20260729T050800Z-fx-89687ae2-R032,pra2026-bh408@3d036144-16-32K-row0-greedy1024,3d03614452cd0a925abc82a7686560ff80252dfa,0,rank0,HCU0:TCA23906041001,chatcmpl-bench-7f1746b7-0-9eeec82b-9c959c99,9,9,47,0,decode,1,1,20587,20588,full_attention,,,"[1,5120]","[1,5120]","[3,1]","[1,5120]","[1,5120]",False,False,False,,,,0,0,4308578383329614,4308578385322782,
input9_layer48,,,,20260729T050800Z-fx-89687ae2-R032,pra2026-bh408@3d036144-16-32K-row0-greedy1024,3d03614452cd0a925abc82a7686560ff80252dfa,0,rank0,HCU0:TCA23906041001,chatcmpl-bench-7f1746b7-0-9eeec82b-9c959c99,9,9,48,0,decode,1,1,20587,20588,linear_attention,,,"[1,5120]","[1,5120]","[3,1]","[1,5120]","[1,5120]",False,False,False,,,,0,0,4308578386924437,4308578388578542,
input9_layer49,,,,20260729T050800Z-fx-89687ae2-R032,pra2026-bh408@3d036144-16-32K-row0-greedy1024,3d03614452cd0a925abc82a7686560ff80252dfa,0,rank0,HCU0:TCA23906041001,chatcmpl-bench-7f1746b7-0-9eeec82b-9c959c99,9,9,49,0,decode,1,1,20587,20588,linear_attention,,,"[1,5120]","[1,5120]","[3,1]","[1,5120]","[1,5120]",False,False,False,,,,0,0,4308578390241888,4308578391825773,
input9_layer50,,,,20260729T050800Z-fx-89687ae2-R032,pra2026-bh408@3d036144-16-32K-row0-greedy1024,3d03614452cd0a925abc82a7686560ff80252dfa,0,rank0,HCU0:TCA23906041001,chatcmpl-bench-7f1746b7-0-9eeec82b-9c959c99,9,9,50,0,decode,1,1,20587,20588,linear_attention,,,"[1,5120]","[1,5120]","[3,1]","[1,5120]","[1,5120]",False,False,False,,,,0,0,4308578393362007,4308578394927072,
input9_layer51,,,,20260729T050800Z-fx-89687ae2-R032,pra2026-bh408@3d036144-16-32K-row0-greedy1024,3d03614452cd0a925abc82a7686560ff80252dfa,0,rank0,HCU0:TCA23906041001,chatcmpl-bench-7f1746b7-0-9eeec82b-9c959c99,9,9,51,0,decode,1,1,20587,20588,full_attention,,,"[1,5120]","[1,5120]","[3,1]","[1,5120]","[1,5120]",False,False,False,,,,0,0,4308578396755298,4308578398726357,
input9_layer52,,,,20260729T050800Z-fx-89687ae2-R032,pra2026-bh408@3d036144-16-32K-row0-greedy1024,3d03614452cd0a925abc82a7686560ff80252dfa,0,rank0,HCU0:TCA23906041001,chatcmpl-bench-7f1746b7-0-9eeec82b-9c959c99,9,9,52,0,decode,1,1,20587,20588,linear_attention,,,"[1,5120]","[1,5120]","[3,1]","[1,5120]","[1,5120]",False,False,False,,,,0,0,4308578400339342,4308578401902176,
input9_layer53,,,,20260729T050800Z-fx-89687ae2-R032,pra2026-bh408@3d036144-16-32K-row0-greedy1024,3d03614452cd0a925abc82a7686560ff80252dfa,0,rank0,HCU0:TCA23906041001,chatcmpl-bench-7f1746b7-0-9eeec82b-9c959c99,9,9,53,0,decode,1,1,20587,20588,linear_attention,,,"[1,5120]","[1,5120]","[3,1]","[1,5120]","[1,5120]",False,False,False,,,,0,0,4308578403601562,4308578405140646,
input9_layer54,,,,20260729T050800Z-fx-89687ae2-R032,pra2026-bh408@3d036144-16-32K-row0-greedy1024,3d03614452cd0a925abc82a7686560ff80252dfa,0,rank0,HCU0:TCA23906041001,chatcmpl-bench-7f1746b7-0-9eeec82b-9c959c99,9,9,54,0,decode,1,1,20587,20588,linear_attention,,,"[1,5120]","[1,5120]","[3,1]","[1,5120]","[1,5120]",False,False,False,,,,0,0,4308578406704731,4308578408255025,
input9_layer55,,,,20260729T050800Z-fx-89687ae2-R032,pra2026-bh408@3d036144-16-32K-row0-greedy1024,3d03614452cd0a925abc82a7686560ff80252dfa,0,rank0,HCU0:TCA23906041001,chatcmpl-bench-7f1746b7-0-9eeec82b-9c959c99,9,9,55,0,decode,1,1,20587,20588,full_attention,,,"[1,5120]","[1,5120]","[3,1]","[1,5120]","[1,5120]",False,False,False,,,,0,0,4308578409944431,4308578411896849,
input9_layer56,,,,20260729T050800Z-fx-89687ae2-R032,pra2026-bh408@3d036144-16-32K-row0-greedy1024,3d03614452cd0a925abc82a7686560ff80252dfa,0,rank0,HCU0:TCA23906041001,chatcmpl-bench-7f1746b7-0-9eeec82b-9c959c99,9,9,56,0,decode,1,1,20587,20588,linear_attention,,,"[1,5120]","[1,5120]","[3,1]","[1,5120]","[1,5120]",False,False,False,,,,0,0,4308578413515624,4308578415056499,
input9_layer57,,,,20260729T050800Z-fx-89687ae2-R032,pra2026-bh408@3d036144-16-32K-row0-greedy1024,3d03614452cd0a925abc82a7686560ff80252dfa,0,rank0,HCU0:TCA23906041001,chatcmpl-bench-7f1746b7-0-9eeec82b-9c959c99,9,9,57,0,decode,1,1,20587,20588,linear_attention,,,"[1,5120]","[1,5120]","[3,1]","[1,5120]","[1,5120]",False,False,False,,,,0,0,4308578416766835,4308578418303069,
input9_layer58,,,,20260729T050800Z-fx-89687ae2-R032,pra2026-bh408@3d036144-16-32K-row0-greedy1024,3d03614452cd0a925abc82a7686560ff80252dfa,0,rank0,HCU0:TCA23906041001,chatcmpl-bench-7f1746b7-0-9eeec82b-9c959c99,9,9,58,0,decode,1,1,20587,20588,linear_attention,,,"[1,5120]","[1,5120]","[3,1]","[1,5120]","[1,5120]",False,False,False,,,,0,0,4308578420003075,4308578421535349,
input9_layer59,,,,20260729T050800Z-fx-89687ae2-R032,pra2026-bh408@3d036144-16-32K-row0-greedy1024,3d03614452cd0a925abc82a7686560ff80252dfa,0,rank0,HCU0:TCA23906041001,chatcmpl-bench-7f1746b7-0-9eeec82b-9c959c99,9,9,59,0,decode,1,1,20587,20588,full_attention,,,"[1,5120]","[1,5120]","[3,1]","[1,5120]","[1,5120]",False,False,False,,,,0,0,4308578423129754,4308578425063892,
input9_layer60,,,,20260729T050800Z-fx-89687ae2-R032,pra2026-bh408@3d036144-16-32K-row0-greedy1024,3d03614452cd0a925abc82a7686560ff80252dfa,0,rank0,HCU0:TCA23906041001,chatcmpl-bench-7f1746b7-0-9eeec82b-9c959c99,9,9,60,0,decode,1,1,20587,20588,linear_attention,,,"[1,5120]","[1,5120]","[3,1]","[1,5120]","[1,5120]",False,False,False,,,,0,0,4308578426557906,4308578428091270,
input9_layer61,,,,20260729T050800Z-fx-89687ae2-R032,pra2026-bh408@3d036144-16-32K-row0-greedy1024,3d03614452cd0a925abc82a7686560ff80252dfa,0,rank0,HCU0:TCA23906041001,chatcmpl-bench-7f1746b7-0-9eeec82b-9c959c99,9,9,61,0,decode,1,1,20587,20588,linear_attention,,,"[1,5120]","[1,5120]","[3,1]","[1,5120]","[1,5120]",False,False,False,,,,0,0,4308578429657724,4308578431198079,
input9_layer62,,,,20260729T050800Z-fx-89687ae2-R032,pra2026-bh408@3d036144-16-32K-row0-greedy1024,3d03614452cd0a925abc82a7686560ff80252dfa,0,rank0,HCU0:TCA23906041001,chatcmpl-bench-7f1746b7-0-9eeec82b-9c959c99,9,9,62,0,decode,1,1,20587,20588,linear_attention,,,"[1,5120]","[1,5120]","[3,1]","[1,5120]","[1,5120]",False,False,False,,,,0,0,4308578432996555,4308578434527220,
input9_layer63,,,,20260729T050800Z-fx-89687ae2-R032,pra2026-bh408@3d036144-16-32K-row0-greedy1024,3d03614452cd0a925abc82a7686560ff80252dfa,0,rank0,HCU0:TCA23906041001,chatcmpl-bench-7f1746b7-0-9eeec82b-9c959c99,9,9,63,0,decode,1,1,20587,20588,full_attention,,,"[1,5120]","[1,5120]","[3,1]","[1,5120]","[1,5120]",False,False,False,,,,0,0,4308578436420227,4308578438356055,
input10_layer0,,,,20260729T050800Z-fx-89687ae2-R032,pra2026-bh408@3d036144-16-32K-row0-greedy1024,3d03614452cd0a925abc82a7686560ff80252dfa,0,rank0,HCU0:TCA23906041001,chatcmpl-bench-7f1746b7-0-9eeec82b-9c959c99,10,10,0,0,decode,1,1,20588,20589,linear_attention,,,"[1,5120]",null,"[3,1]","[1,5120]","[1,5120]",False,False,False,,,,0,0,4308578444043368,4308578445761154,
input10_layer1,,,,20260729T050800Z-fx-89687ae2-R032,pra2026-bh408@3d036144-16-32K-row0-greedy1024,3d03614452cd0a925abc82a7686560ff80252dfa,0,rank0,HCU0:TCA23906041001,chatcmpl-bench-7f1746b7-0-9eeec82b-9c959c99,10,10,1,0,decode,1,1,20588,20589,linear_attention,,,"[1,5120]","[1,5120]","[3,1]","[1,5120]","[1,5120]",False,False,False,,,,0,0,4308578447819153,4308578449392498,
input10_layer2,,,,20260729T050800Z-fx-89687ae2-R032,pra2026-bh408@3d036144-16-32K-row0-greedy1024,3d03614452cd0a925abc82a7686560ff80252dfa,0,rank0,HCU0:TCA23906041001,chatcmpl-bench-7f1746b7-0-9eeec82b-9c959c99,10,10,2,0,decode,1,1,20588,20589,linear_attention,,,"[1,5120]","[1,5120]","[3,1]","[1,5120]","[1,5120]",False,False,False,,,,0,0,4308578451231125,4308578452756519,
input10_layer3,,,,20260729T050800Z-fx-89687ae2-R032,pra2026-bh408@3d036144-16-32K-row0-greedy1024,3d03614452cd0a925abc82a7686560ff80252dfa,0,rank0,HCU0:TCA23906041001,chatcmpl-bench-7f1746b7-0-9eeec82b-9c959c99,10,10,3,0,decode,1,1,20588,20589,full_attention,,,"[1,5120]","[1,5120]","[3,1]","[1,5120]","[1,5120]",False,False,False,,,,0,0,4308578454353484,4308578456336252,
input10_layer4,,,,20260729T050800Z-fx-89687ae2-R032,pra2026-bh408@3d036144-16-32K-row0-greedy1024,3d03614452cd0a925abc82a7686560ff80252dfa,0,rank0,HCU0:TCA23906041001,chatcmpl-bench-7f1746b7-0-9eeec82b-9c959c99,10,10,4,0,decode,1,1,20588,20589,linear_attention,,,"[1,5120]","[1,5120]","[3,1]","[1,5120]","[1,5120]",False,False,False,,,,0,0,4308578458354521,4308578459885975,
input10_layer5,,,,20260729T050800Z-fx-89687ae2-R032,pra2026-bh408@3d036144-16-32K-row0-greedy1024,3d03614452cd0a925abc82a7686560ff80252dfa,0,rank0,HCU0:TCA23906041001,chatcmpl-bench-7f1746b7-0-9eeec82b-9c959c99,10,10,5,0,decode,1,1,20588,20589,linear_attention,,,"[1,5120]","[1,5120]","[3,1]","[1,5120]","[1,5120]",False,False,False,,,,0,0,4308578461581521,4308578463112825,
input10_layer6,,,,20260729T050800Z-fx-89687ae2-R032,pra2026-bh408@3d036144-16-32K-row0-greedy1024,3d03614452cd0a925abc82a7686560ff80252dfa,0,rank0,HCU0:TCA23906041001,chatcmpl-bench-7f1746b7-0-9eeec82b-9c959c99,10,10,6,0,decode,1,1,20588,20589,linear_attention,,,"[1,5120]","[1,5120]","[3,1]","[1,5120]","[1,5120]",False,False,False,,,,0,0,4308578464893952,4308578466607598,
input10_layer7,,,,20260729T050800Z-fx-89687ae2-R032,pra2026-bh408@3d036144-16-32K-row0-greedy1024,3d03614452cd0a925abc82a7686560ff80252dfa,0,rank0,HCU0:TCA23906041001,chatcmpl-bench-7f1746b7-0-9eeec82b-9c959c99,10,10,7,0,decode,1,1,20588,20589,full_attention,,,"[1,5120]","[1,5120]","[3,1]","[1,5120]","[1,5120]",False,False,False,,,,0,0,4308578468238753,4308578470156241,
input10_layer8,,,,20260729T050800Z-fx-89687ae2-R032,pra2026-bh408@3d036144-16-32K-row0-greedy1024,3d03614452cd0a925abc82a7686560ff80252dfa,0,rank0,HCU0:TCA23906041001,chatcmpl-bench-7f1746b7-0-9eeec82b-9c959c99,10,10,8,0,decode,1,1,20588,20589,linear_attention,,,"[1,5120]","[1,5120]","[3,1]","[1,5120]","[1,5120]",False,False,False,,,,0,0,4308578471767216,4308578473313900,
input10_layer9,,,,20260729T050800Z-fx-89687ae2-R032,pra2026-bh408@3d036144-16-32K-row0-greedy1024,3d03614452cd0a925abc82a7686560ff80252dfa,0,rank0,HCU0:TCA23906041001,chatcmpl-bench-7f1746b7-0-9eeec82b-9c959c99,10,10,9,0,decode,1,1,20588,20589,linear_attention,,,"[1,5120]","[1,5120]","[3,1]","[1,5120]","[1,5120]",False,False,False,,,,0,0,4308578474828924,4308578476365329,
input10_layer10,,,,20260729T050800Z-fx-89687ae2-R032,pra2026-bh408@3d036144-16-32K-row0-greedy1024,3d03614452cd0a925abc82a7686560ff80252dfa,0,rank0,HCU0:TCA23906041001,chatcmpl-bench-7f1746b7-0-9eeec82b-9c959c99,10,10,10,0,decode,1,1,20588,20589,linear_attention,,,"[1,5120]","[1,5120]","[3,1]","[1,5120]","[1,5120]",False,False,False,,,,0,0,4308578478152385,4308578479674809,
input10_layer11,,,,20260729T050800Z-fx-89687ae2-R032,pra2026-bh408@3d036144-16-32K-row0-greedy1024,3d03614452cd0a925abc82a7686560ff80252dfa,0,rank0,HCU0:TCA23906041001,chatcmpl-bench-7f1746b7-0-9eeec82b-9c959c99,10,10,11,0,decode,1,1,20588,20589,full_attention,,,"[1,5120]","[1,5120]","[3,1]","[1,5120]","[1,5120]",False,False,False,,,,0,0,4308578481284334,4308578483205122,
input10_layer12,,,,20260729T050800Z-fx-89687ae2-R032,pra2026-bh408@3d036144-16-32K-row0-greedy1024,3d03614452cd0a925abc82a7686560ff80252dfa,0,rank0,HCU0:TCA23906041001,chatcmpl-bench-7f1746b7-0-9eeec82b-9c959c99,10,10,12,0,decode,1,1,20588,20589,linear_attention,,,"[1,5120]","[1,5120]","[3,1]","[1,5120]","[1,5120]",False,False,False,,,,0,0,4308578484967609,4308578486494993,
input10_layer13,,,,20260729T050800Z-fx-89687ae2-R032,pra2026-bh408@3d036144-16-32K-row0-greedy1024,3d03614452cd0a925abc82a7686560ff80252dfa,0,rank0,HCU0:TCA23906041001,chatcmpl-bench-7f1746b7-0-9eeec82b-9c959c99,10,10,13,0,decode,1,1,20588,20589,linear_attention,,,"[1,5120]","[1,5120]","[3,1]","[1,5120]","[1,5120]",False,False,False,,,,0,0,4308578488174158,4308578489688902,
input10_layer14,,,,20260729T050800Z-fx-89687ae2-R032,pra2026-bh408@3d036144-16-32K-row0-greedy1024,3d03614452cd0a925abc82a7686560ff80252dfa,0,rank0,HCU0:TCA23906041001,chatcmpl-bench-7f1746b7-0-9eeec82b-9c959c99,10,10,14,0,decode,1,1,20588,20589,linear_attention,,,"[1,5120]","[1,5120]","[3,1]","[1,5120]","[1,5120]",False,False,False,,,,0,0,4308578491391608,4308578492892922,
input10_layer15,,,,20260729T050800Z-fx-89687ae2-R032,pra2026-bh408@3d036144-16-32K-row0-greedy1024,3d03614452cd0a925abc82a7686560ff80252dfa,0,rank0,HCU0:TCA23906041001,chatcmpl-bench-7f1746b7-0-9eeec82b-9c959c99,10,10,15,0,decode,1,1,20588,20589,full_attention,,,"[1,5120]","[1,5120]","[3,1]","[1,5120]","[1,5120]",False,False,False,,,,0,0,4308578494718859,4308578496664727,
input10_layer16,,,,20260729T050800Z-fx-89687ae2-R032,pra2026-bh408@3d036144-16-32K-row0-greedy1024,3d03614452cd0a925abc82a7686560ff80252dfa,0,rank0,HCU0:TCA23906041001,chatcmpl-bench-7f1746b7-0-9eeec82b-9c959c99,10,10,16,0,decode,1,1,20588,20589,linear_attention,,,"[1,5120]","[1,5120]","[3,1]","[1,5120]","[1,5120]",False,False,False,,,,0,0,4308578498442914,4308578499973868,
input10_layer17,,,,20260729T050800Z-fx-89687ae2-R032,pra2026-bh408@3d036144-16-32K-row0-greedy1024,3d03614452cd0a925abc82a7686560ff80252dfa,0,rank0,HCU0:TCA23906041001,chatcmpl-bench-7f1746b7-0-9eeec82b-9c959c99,10,10,17,0,decode,1,1,20588,20589,linear_attention,,,"[1,5120]","[1,5120]","[3,1]","[1,5120]","[1,5120]",False,False,False,,,,0,0,4308578501696534,4308578503216258,
input10_layer18,,,,20260729T050800Z-fx-89687ae2-R032,pra2026-bh408@3d036144-16-32K-row0-greedy1024,3d03614452cd0a925abc82a7686560ff80252dfa,0,rank0,HCU0:TCA23906041001,chatcmpl-bench-7f1746b7-0-9eeec82b-9c959c99,10,10,18,0,decode,1,1,20588,20589,linear_attention,,,"[1,5120]","[1,5120]","[3,1]","[1,5120]","[1,5120]",False,False,False,,,,0,0,4308578505099256,4308578506617040,
input10_layer19,,,,20260729T050800Z-fx-89687ae2-R032,pra2026-bh408@3d036144-16-32K-row0-greedy1024,3d03614452cd0a925abc82a7686560ff80252dfa,0,rank0,HCU0:TCA23906041001,chatcmpl-bench-7f1746b7-0-9eeec82b-9c959c99,10,10,19,0,decode,1,1,20588,20589,full_attention,,,"[1,5120]","[1,5120]","[3,1]","[1,5120]","[1,5120]",False,False,False,,,,0,0,4308578508350876,4308578510268434,
input10_layer20,,,,20260729T050800Z-fx-89687ae2-R032,pra2026-bh408@3d036144-16-32K-row0-greedy1024,3d03614452cd0a925abc82a7686560ff80252dfa,0,rank0,HCU0:TCA23906041001,chatcmpl-bench-7f1746b7-0-9eeec82b-9c959c99,10,10,20,0,decode,1,1,20588,20589,linear_attention,,,"[1,5120]","[1,5120]","[3,1]","[1,5120]","[1,5120]",False,False,False,,,,0,0,4308578512010880,4308578513551674,
input10_layer21,,,,20260729T050800Z-fx-89687ae2-R032,pra2026-bh408@3d036144-16-32K-row0-greedy1024,3d03614452cd0a925abc82a7686560ff80252dfa,0,rank0,HCU0:TCA23906041001,chatcmpl-bench-7f1746b7-0-9eeec82b-9c959c99,10,10,21,0,decode,1,1,20588,20589,linear_attention,,,"[1,5120]","[1,5120]","[3,1]","[1,5120]","[1,5120]",False,False,False,,,,0,0,4308578515316371,4308578516828205,
input10_layer22,,,,20260729T050800Z-fx-89687ae2-R032,pra2026-bh408@3d036144-16-32K-row0-greedy1024,3d03614452cd0a925abc82a7686560ff80252dfa,0,rank0,HCU0:TCA23906041001,chatcmpl-bench-7f1746b7-0-9eeec82b-9c959c99,10,10,22,0,decode,1,1,20588,20589,linear_attention,,,"[1,5120]","[1,5120]","[3,1]","[1,5120]","[1,5120]",False,False,False,,,,0,0,4308578518494560,4308578520023325,
input10_layer23,,,,20260729T050800Z-fx-89687ae2-R032,pra2026-bh408@3d036144-16-32K-row0-greedy1024,3d03614452cd0a925abc82a7686560ff80252dfa,0,rank0,HCU0:TCA23906041001,chatcmpl-bench-7f1746b7-0-9eeec82b-9c959c99,10,10,23,0,decode,1,1,20588,20589,full_attention,,,"[1,5120]","[1,5120]","[3,1]","[1,5120]","[1,5120]",False,False,False,,,,0,0,4308578521979363,4308578523901091,
input10_layer24,,,,20260729T050800Z-fx-89687ae2-R032,pra2026-bh408@3d036144-16-32K-row0-greedy1024,3d03614452cd0a925abc82a7686560ff80252dfa,0,rank0,HCU0:TCA23906041001,chatcmpl-bench-7f1746b7-0-9eeec82b-9c959c99,10,10,24,0,decode,1,1,20588,20589,linear_attention,,,"[1,5120]","[1,5120]","[3,1]","[1,5120]","[1,5120]",False,False,False,,,,0,0,4308578525882719,4308578527414273,
input10_layer25,,,,20260729T050800Z-fx-89687ae2-R032,pra2026-bh408@3d036144-16-32K-row0-greedy1024,3d03614452cd0a925abc82a7686560ff80252dfa,0,rank0,HCU0:TCA23906041001,chatcmpl-bench-7f1746b7-0-9eeec82b-9c959c99,10,10,25,0,decode,1,1,20588,20589,linear_attention,,,"[1,5120]","[1,5120]","[3,1]","[1,5120]","[1,5120]",False,False,False,,,,0,0,4308578529002958,4308578530514862,
input10_layer26,,,,20260729T050800Z-fx-89687ae2-R032,pra2026-bh408@3d036144-16-32K-row0-greedy1024,3d03614452cd0a925abc82a7686560ff80252dfa,0,rank0,HCU0:TCA23906041001,chatcmpl-bench-7f1746b7-0-9eeec82b-9c959c99,10,10,26,0,decode,1,1,20588,20589,linear_attention,,,"[1,5120]","[1,5120]","[3,1]","[1,5120]","[1,5120]",False,False,False,,,,0,0,4308578532182568,4308578533682131,
input10_layer27,,,,20260729T050800Z-fx-89687ae2-R032,pra2026-bh408@3d036144-16-32K-row0-greedy1024,3d03614452cd0a925abc82a7686560ff80252dfa,0,rank0,HCU0:TCA23906041001,chatcmpl-bench-7f1746b7-0-9eeec82b-9c959c99,10,10,27,0,decode,1,1,20588,20589,full_attention,,,"[1,5120]","[1,5120]","[3,1]","[1,5120]","[1,5120]",False,False,False,,,,0,0,4308578535761711,4308578537678469,
input10_layer28,,,,20260729T050800Z-fx-89687ae2-R032,pra2026-bh408@3d036144-16-32K-row0-greedy1024,3d03614452cd0a925abc82a7686560ff80252dfa,0,rank0,HCU0:TCA23906041001,chatcmpl-bench-7f1746b7-0-9eeec82b-9c959c99,10,10,28,0,decode,1,1,20588,20589,linear_attention,,,"[1,5120]","[1,5120]","[3,1]","[1,5120]","[1,5120]",False,False,False,,,,0,0,4308578539175513,4308578540680827,
input10_layer29,,,,20260729T050800Z-fx-89687ae2-R032,pra2026-bh408@3d036144-16-32K-row0-greedy1024,3d03614452cd0a925abc82a7686560ff80252dfa,0,rank0,HCU0:TCA23906041001,chatcmpl-bench-7f1746b7-0-9eeec82b-9c959c99,10,10,29,0,decode,1,1,20588,20589,linear_attention,,,"[1,5120]","[1,5120]","[3,1]","[1,5120]","[1,5120]",False,False,False,,,,0,0,4308578542466773,4308578543973487,
input10_layer30,,,,20260729T050800Z-fx-89687ae2-R032,pra2026-bh408@3d036144-16-32K-row0-greedy1024,3d03614452cd0a925abc82a7686560ff80252dfa,0,rank0,HCU0:TCA23906041001,chatcmpl-bench-7f1746b7-0-9eeec82b-9c959c99,10,10,30,0,decode,1,1,20588,20589,linear_attention,,,"[1,5120]","[1,5120]","[3,1]","[1,5120]","[1,5120]",False,False,False,,,,0,0,4308578545622052,4308578547132167,
input10_layer31,,,,20260729T050800Z-fx-89687ae2-R032,pra2026-bh408@3d036144-16-32K-row0-greedy1024,3d03614452cd0a925abc82a7686560ff80252dfa,0,rank0,HCU0:TCA23906041001,chatcmpl-bench-7f1746b7-0-9eeec82b-9c959c99,10,10,31,0,decode,1,1,20588,20589,full_attention,,,"[1,5120]","[1,5120]","[3,1]","[1,5120]","[1,5120]",False,False,False,,,,0,0,4308578548851533,4308578550754450,
input10_layer32,,,,20260729T050800Z-fx-89687ae2-R032,pra2026-bh408@3d036144-16-32K-row0-greedy1024,3d03614452cd0a925abc82a7686560ff80252dfa,0,rank0,HCU0:TCA23906041001,chatcmpl-bench-7f1746b7-0-9eeec82b-9c959c99,10,10,32,0,decode,1,1,20588,20589,linear_attention,,,"[1,5120]","[1,5120]","[3,1]","[1,5120]","[1,5120]",False,False,False,,,,0,0,4308578552224604,4308578553744628,
input10_layer33,,,,20260729T050800Z-fx-89687ae2-R032,pra2026-bh408@3d036144-16-32K-row0-greedy1024,3d03614452cd0a925abc82a7686560ff80252dfa,0,rank0,HCU0:TCA23906041001,chatcmpl-bench-7f1746b7-0-9eeec82b-9c959c99,10,10,33,0,decode,1,1,20588,20589,linear_attention,,,"[1,5120]","[1,5120]","[3,1]","[1,5120]","[1,5120]",False,False,False,,,,0,0,4308578555226582,4308578556729926,
input10_layer34,,,,20260729T050800Z-fx-89687ae2-R032,pra2026-bh408@3d036144-16-32K-row0-greedy1024,3d03614452cd0a925abc82a7686560ff80252dfa,0,rank0,HCU0:TCA23906041001,chatcmpl-bench-7f1746b7-0-9eeec82b-9c959c99,10,10,34,0,decode,1,1,20588,20589,linear_attention,,,"[1,5120]","[1,5120]","[3,1]","[1,5120]","[1,5120]",False,False,False,,,,0,0,4308578558366021,4308578559869745,
input10_layer35,,,,20260729T050800Z-fx-89687ae2-R032,pra2026-bh408@3d036144-16-32K-row0-greedy1024,3d03614452cd0a925abc82a7686560ff80252dfa,0,rank0,HCU0:TCA23906041001,chatcmpl-bench-7f1746b7-0-9eeec82b-9c959c99,10,10,35,0,decode,1,1,20588,20589,full_attention,,,"[1,5120]","[1,5120]","[3,1]","[1,5120]","[1,5120]",False,False,False,,,,0,0,4308578561447870,4308578563370647,
input10_layer36,,,,20260729T050800Z-fx-89687ae2-R032,pra2026-bh408@3d036144-16-32K-row0-greedy1024,3d03614452cd0a925abc82a7686560ff80252dfa,0,rank0,HCU0:TCA23906041001,chatcmpl-bench-7f1746b7-0-9eeec82b-9c959c99,10,10,36,0,decode,1,1,20588,20589,linear_attention,,,"[1,5120]","[1,5120]","[3,1]","[1,5120]","[1,5120]",False,False,False,,,,0,0,4308578565231625,4308578566742519,
input10_layer37,,,,20260729T050800Z-fx-89687ae2-R032,pra2026-bh408@3d036144-16-32K-row0-greedy1024,3d03614452cd0a925abc82a7686560ff80252dfa,0,rank0,HCU0:TCA23906041001,chatcmpl-bench-7f1746b7-0-9eeec82b-9c959c99,10,10,37,0,decode,1,1,20588,20589,linear_attention,,,"[1,5120]","[1,5120]","[3,1]","[1,5120]","[1,5120]",False,False,False,,,,0,0,4308578568527615,4308578570032079,
input10_layer38,,,,20260729T050800Z-fx-89687ae2-R032,pra2026-bh408@3d036144-16-32K-row0-greedy1024,3d03614452cd0a925abc82a7686560ff80252dfa,0,rank0,HCU0:TCA23906041001,chatcmpl-bench-7f1746b7-0-9eeec82b-9c959c99,10,10,38,0,decode,1,1,20588,20589,linear_attention,,,"[1,5120]","[1,5120]","[3,1]","[1,5120]","[1,5120]",False,False,False,,,,0,0,4308578571897147,4308578573406071,
input10_layer39,,,,20260729T050800Z-fx-89687ae2-R032,pra2026-bh408@3d036144-16-32K-row0-greedy1024,3d03614452cd0a925abc82a7686560ff80252dfa,0,rank0,HCU0:TCA23906041001,chatcmpl-bench-7f1746b7-0-9eeec82b-9c959c99,10,10,39,0,decode,1,1,20588,20589,full_attention,,,"[1,5120]","[1,5120]","[3,1]","[1,5120]","[1,5120]",False,False,False,,,,0,0,4308578574891725,4308578576814822,
input10_layer40,,,,20260729T050800Z-fx-89687ae2-R032,pra2026-bh408@3d036144-16-32K-row0-greedy1024,3d03614452cd0a925abc82a7686560ff80252dfa,0,rank0,HCU0:TCA23906041001,chatcmpl-bench-7f1746b7-0-9eeec82b-9c959c99,10,10,40,0,decode,1,1,20588,20589,linear_attention,,,"[1,5120]","[1,5120]","[3,1]","[1,5120]","[1,5120]",False,False,False,,,,0,0,4308578578436498,4308578579957282,
input10_layer41,,,,20260729T050800Z-fx-89687ae2-R032,pra2026-bh408@3d036144-16-32K-row0-greedy1024,3d03614452cd0a925abc82a7686560ff80252dfa,0,rank0,HCU0:TCA23906041001,chatcmpl-bench-7f1746b7-0-9eeec82b-9c959c99,10,10,41,0,decode,1,1,20588,20589,linear_attention,,,"[1,5120]","[1,5120]","[3,1]","[1,5120]","[1,5120]",False,False,False,,,,0,0,4308578581608537,4308578583112161,
input10_layer42,,,,20260729T050800Z-fx-89687ae2-R032,pra2026-bh408@3d036144-16-32K-row0-greedy1024,3d03614452cd0a925abc82a7686560ff80252dfa,0,rank0,HCU0:TCA23906041001,chatcmpl-bench-7f1746b7-0-9eeec82b-9c959c99,10,10,42,0,decode,1,1,20588,20589,linear_attention,,,"[1,5120]","[1,5120]","[3,1]","[1,5120]","[1,5120]",False,False,False,,,,0,0,4308578585016299,4308578586546243,
input10_layer43,,,,20260729T050800Z-fx-89687ae2-R032,pra2026-bh408@3d036144-16-32K-row0-greedy1024,3d03614452cd0a925abc82a7686560ff80252dfa,0,rank0,HCU0:TCA23906041001,chatcmpl-bench-7f1746b7-0-9eeec82b-9c959c99,10,10,43,0,decode,1,1,20588,20589,full_attention,,,"[1,5120]","[1,5120]","[3,1]","[1,5120]","[1,5120]",False,False,False,,,,0,0,4308578588227959,4308578590121236,
input10_layer44,,,,20260729T050800Z-fx-89687ae2-R032,pra2026-bh408@3d036144-16-32K-row0-greedy1024,3d03614452cd0a925abc82a7686560ff80252dfa,0,rank0,HCU0:TCA23906041001,chatcmpl-bench-7f1746b7-0-9eeec82b-9c959c99,10,10,44,0,decode,1,1,20588,20589,linear_attention,,,"[1,5120]","[1,5120]","[3,1]","[1,5120]","[1,5120]",False,False,False,,,,0,0,4308578591825702,4308578593353946,
input10_layer45,,,,20260729T050800Z-fx-89687ae2-R032,pra2026-bh408@3d036144-16-32K-row0-greedy1024,3d03614452cd0a925abc82a7686560ff80252dfa,0,rank0,HCU0:TCA23906041001,chatcmpl-bench-7f1746b7-0-9eeec82b-9c959c99,10,10,45,0,decode,1,1,20588,20589,linear_attention,,,"[1,5120]","[1,5120]","[3,1]","[1,5120]","[1,5120]",False,False,False,,,,0,0,4308578595313994,4308578596823668,
input10_layer46,,,,20260729T050800Z-fx-89687ae2-R032,pra2026-bh408@3d036144-16-32K-row0-greedy1024,3d03614452cd0a925abc82a7686560ff80252dfa,0,rank0,HCU0:TCA23906041001,chatcmpl-bench-7f1746b7-0-9eeec82b-9c959c99,10,10,46,0,decode,1,1,20588,20589,linear_attention,,,"[1,5120]","[1,5120]","[3,1]","[1,5120]","[1,5120]",False,False,False,,,,0,0,4308578598547335,4308578600079239,
input10_layer47,,,,20260729T050800Z-fx-89687ae2-R032,pra2026-bh408@3d036144-16-32K-row0-greedy1024,3d03614452cd0a925abc82a7686560ff80252dfa,0,rank0,HCU0:TCA23906041001,chatcmpl-bench-7f1746b7-0-9eeec82b-9c959c99,10,10,47,0,decode,1,1,20588,20589,full_attention,,,"[1,5120]","[1,5120]","[3,1]","[1,5120]","[1,5120]",False,False,False,,,,0,0,4308578601903306,4308578603810833,
input10_layer48,,,,20260729T050800Z-fx-89687ae2-R032,pra2026-bh408@3d036144-16-32K-row0-greedy1024,3d03614452cd0a925abc82a7686560ff80252dfa,0,rank0,HCU0:TCA23906041001,chatcmpl-bench-7f1746b7-0-9eeec82b-9c959c99,10,10,48,0,decode,1,1,20588,20589,linear_attention,,,"[1,5120]","[1,5120]","[3,1]","[1,5120]","[1,5120]",False,False,False,,,,0,0,4308578605511089,4308578607016253,
input10_layer49,,,,20260729T050800Z-fx-89687ae2-R032,pra2026-bh408@3d036144-16-32K-row0-greedy1024,3d03614452cd0a925abc82a7686560ff80252dfa,0,rank0,HCU0:TCA23906041001,chatcmpl-bench-7f1746b7-0-9eeec82b-9c959c99,10,10,49,0,decode,1,1,20588,20589,linear_attention,,,"[1,5120]","[1,5120]","[3,1]","[1,5120]","[1,5120]",False,False,False,,,,0,0,4308578608520327,4308578610023851,
input10_layer50,,,,20260729T050800Z-fx-89687ae2-R032,pra2026-bh408@3d036144-16-32K-row0-greedy1024,3d03614452cd0a925abc82a7686560ff80252dfa,0,rank0,HCU0:TCA23906041001,chatcmpl-bench-7f1746b7-0-9eeec82b-9c959c99,10,10,50,0,decode,1,1,20588,20589,linear_attention,,,"[1,5120]","[1,5120]","[3,1]","[1,5120]","[1,5120]",False,False,False,,,,0,0,4308578611740107,4308578613251871,
input10_layer51,,,,20260729T050800Z-fx-89687ae2-R032,pra2026-bh408@3d036144-16-32K-row0-greedy1024,3d03614452cd0a925abc82a7686560ff80252dfa,0,rank0,HCU0:TCA23906041001,chatcmpl-bench-7f1746b7-0-9eeec82b-9c959c99,10,10,51,0,decode,1,1,20588,20589,full_attention,,,"[1,5120]","[1,5120]","[3,1]","[1,5120]","[1,5120]",False,False,False,,,,0,0,4308578615053598,4308578617000536,
input10_layer52,,,,20260729T050800Z-fx-89687ae2-R032,pra2026-bh408@3d036144-16-32K-row0-greedy1024,3d03614452cd0a925abc82a7686560ff80252dfa,0,rank0,HCU0:TCA23906041001,chatcmpl-bench-7f1746b7-0-9eeec82b-9c959c99,10,10,52,0,decode,1,1,20588,20589,linear_attention,,,"[1,5120]","[1,5120]","[3,1]","[1,5120]","[1,5120]",False,False,False,,,,0,0,4308578618868543,4308578620434428,
input10_layer53,,,,20260729T050800Z-fx-89687ae2-R032,pra2026-bh408@3d036144-16-32K-row0-greedy1024,3d03614452cd0a925abc82a7686560ff80252dfa,0,rank0,HCU0:TCA23906041001,chatcmpl-bench-7f1746b7-0-9eeec82b-9c959c99,10,10,53,0,decode,1,1,20588,20589,linear_attention,,,"[1,5120]","[1,5120]","[3,1]","[1,5120]","[1,5120]",False,False,False,,,,0,0,4308578622300555,4308578623826810,
input10_layer54,,,,20260729T050800Z-fx-89687ae2-R032,pra2026-bh408@3d036144-16-32K-row0-greedy1024,3d03614452cd0a925abc82a7686560ff80252dfa,0,rank0,HCU0:TCA23906041001,chatcmpl-bench-7f1746b7-0-9eeec82b-9c959c99,10,10,54,0,decode,1,1,20588,20589,linear_attention,,,"[1,5120]","[1,5120]","[3,1]","[1,5120]","[1,5120]",False,False,False,,,,0,0,4308578625237753,4308578626756567,
input10_layer55,,,,20260729T050800Z-fx-89687ae2-R032,pra2026-bh408@3d036144-16-32K-row0-greedy1024,3d03614452cd0a925abc82a7686560ff80252dfa,0,rank0,HCU0:TCA23906041001,chatcmpl-bench-7f1746b7-0-9eeec82b-9c959c99,10,10,55,0,decode,1,1,20588,20589,full_attention,,,"[1,5120]","[1,5120]","[3,1]","[1,5120]","[1,5120]",False,False,False,,,,0,0,4308578628385702,4308578630347360,
input10_layer56,,,,20260729T050800Z-fx-89687ae2-R032,pra2026-bh408@3d036144-16-32K-row0-greedy1024,3d03614452cd0a925abc82a7686560ff80252dfa,0,rank0,HCU0:TCA23906041001,chatcmpl-bench-7f1746b7-0-9eeec82b-9c959c99,10,10,56,0,decode,1,1,20588,20589,linear_attention,,,"[1,5120]","[1,5120]","[3,1]","[1,5120]","[1,5120]",False,False,False,,,,0,0,4308578632036156,4308578633571910,
input10_layer57,,,,20260729T050800Z-fx-89687ae2-R032,pra2026-bh408@3d036144-16-32K-row0-greedy1024,3d03614452cd0a925abc82a7686560ff80252dfa,0,rank0,HCU0:TCA23906041001,chatcmpl-bench-7f1746b7-0-9eeec82b-9c959c99,10,10,57,0,decode,1,1,20588,20589,linear_attention,,,"[1,5120]","[1,5120]","[3,1]","[1,5120]","[1,5120]",False,False,False,,,,0,0,4308578635336246,4308578636855871,
input10_layer58,,,,20260729T050800Z-fx-89687ae2-R032,pra2026-bh408@3d036144-16-32K-row0-greedy1024,3d03614452cd0a925abc82a7686560ff80252dfa,0,rank0,HCU0:TCA23906041001,chatcmpl-bench-7f1746b7-0-9eeec82b-9c959c99,10,10,58,0,decode,1,1,20588,20589,linear_attention,,,"[1,5120]","[1,5120]","[3,1]","[1,5120]","[1,5120]",False,False,False,,,,0,0,4308578638442105,4308578639956340,
input10_layer59,,,,20260729T050800Z-fx-89687ae2-R032,pra2026-bh408@3d036144-16-32K-row0-greedy1024,3d03614452cd0a925abc82a7686560ff80252dfa,0,rank0,HCU0:TCA23906041001,chatcmpl-bench-7f1746b7-0-9eeec82b-9c959c99,10,10,59,0,decode,1,1,20588,20589,full_attention,,,"[1,5120]","[1,5120]","[3,1]","[1,5120]","[1,5120]",False,False,False,,,,0,0,4308578641525074,4308578643451272,
input10_layer60,,,,20260729T050800Z-fx-89687ae2-R032,pra2026-bh408@3d036144-16-32K-row0-greedy1024,3d03614452cd0a925abc82a7686560ff80252dfa,0,rank0,HCU0:TCA23906041001,chatcmpl-bench-7f1746b7-0-9eeec82b-9c959c99,10,10,60,0,decode,1,1,20588,20589,linear_attention,,,"[1,5120]","[1,5120]","[3,1]","[1,5120]","[1,5120]",False,False,False,,,,0,0,4308578645195248,4308578646720732,
input10_layer61,,,,20260729T050800Z-fx-89687ae2-R032,pra2026-bh408@3d036144-16-32K-row0-greedy1024,3d03614452cd0a925abc82a7686560ff80252dfa,0,rank0,HCU0:TCA23906041001,chatcmpl-bench-7f1746b7-0-9eeec82b-9c959c99,10,10,61,0,decode,1,1,20588,20589,linear_attention,,,"[1,5120]","[1,5120]","[3,1]","[1,5120]","[1,5120]",False,False,False,,,,0,0,4308578648495519,4308578650009443,
input10_layer62,,,,20260729T050800Z-fx-89687ae2-R032,pra2026-bh408@3d036144-16-32K-row0-greedy1024,3d03614452cd0a925abc82a7686560ff80252dfa,0,rank0,HCU0:TCA23906041001,chatcmpl-bench-7f1746b7-0-9eeec82b-9c959c99,10,10,62,0,decode,1,1,20588,20589,linear_attention,,,"[1,5120]","[1,5120]","[3,1]","[1,5120]","[1,5120]",False,False,False,,,,0,0,4308578651861590,4308578653393224,
input10_layer63,,,,20260729T050800Z-fx-89687ae2-R032,pra2026-bh408@3d036144-16-32K-row0-greedy1024,3d03614452cd0a925abc82a7686560ff80252dfa,0,rank0,HCU0:TCA23906041001,chatcmpl-bench-7f1746b7-0-9eeec82b-9c959c99,10,10,63,0,decode,1,1,20588,20589,full_attention,,,"[1,5120]","[1,5120]","[3,1]","[1,5120]","[1,5120]",False,False,False,,,,0,0,4308578655037870,4308578656941297,
input11_layer0,,,,20260729T050800Z-fx-89687ae2-R032,pra2026-bh408@3d036144-16-32K-row0-greedy1024,3d03614452cd0a925abc82a7686560ff80252dfa,0,rank0,HCU0:TCA23906041001,chatcmpl-bench-7f1746b7-0-9eeec82b-9c959c99,11,11,0,0,decode,1,1,20589,20590,linear_attention,,,"[1,5120]",null,"[3,1]","[1,5120]","[1,5120]",False,False,False,,,,0,0,4308578662468489,4308578664177845,
input11_layer1,,,,20260729T050800Z-fx-89687ae2-R032,pra2026-bh408@3d036144-16-32K-row0-greedy1024,3d03614452cd0a925abc82a7686560ff80252dfa,0,rank0,HCU0:TCA23906041001,chatcmpl-bench-7f1746b7-0-9eeec82b-9c959c99,11,11,1,0,decode,1,1,20589,20590,linear_attention,,,"[1,5120]","[1,5120]","[3,1]","[1,5120]","[1,5120]",False,False,False,,,,0,0,4308578666189863,4308578667947700,
input11_layer2,,,,20260729T050800Z-fx-89687ae2-R032,pra2026-bh408@3d036144-16-32K-row0-greedy1024,3d03614452cd0a925abc82a7686560ff80252dfa,0,rank0,HCU0:TCA23906041001,chatcmpl-bench-7f1746b7-0-9eeec82b-9c959c99,11,11,2,0,decode,1,1,20589,20590,linear_attention,,,"[1,5120]","[1,5120]","[3,1]","[1,5120]","[1,5120]",False,False,False,,,,0,0,4308578669839097,4308578671364771,
input11_layer3,,,,20260729T050800Z-fx-89687ae2-R032,pra2026-bh408@3d036144-16-32K-row0-greedy1024,3d03614452cd0a925abc82a7686560ff80252dfa,0,rank0,HCU0:TCA23906041001,chatcmpl-bench-7f1746b7-0-9eeec82b-9c959c99,11,11,3,0,decode,1,1,20589,20590,full_attention,,,"[1,5120]","[1,5120]","[3,1]","[1,5120]","[1,5120]",False,False,False,,,,0,0,4308578673127518,4308578675114196,
input11_layer4,,,,20260729T050800Z-fx-89687ae2-R032,pra2026-bh408@3d036144-16-32K-row0-greedy1024,3d03614452cd0a925abc82a7686560ff80252dfa,0,rank0,HCU0:TCA23906041001,chatcmpl-bench-7f1746b7-0-9eeec82b-9c959c99,11,11,4,0,decode,1,1,20589,20590,linear_attention,,,"[1,5120]","[1,5120]","[3,1]","[1,5120]","[1,5120]",False,False,False,,,,0,0,4308578676901043,4308578678439227,
input11_layer5,,,,20260729T050800Z-fx-89687ae2-R032,pra2026-bh408@3d036144-16-32K-row0-greedy1024,3d03614452cd0a925abc82a7686560ff80252dfa,0,rank0,HCU0:TCA23906041001,chatcmpl-bench-7f1746b7-0-9eeec82b-9c959c99,11,11,5,0,decode,1,1,20589,20590,linear_attention,,,"[1,5120]","[1,5120]","[3,1]","[1,5120]","[1,5120]",False,False,False,,,,0,0,4308578680141803,4308578681662207,
input11_layer6,,,,20260729T050800Z-fx-89687ae2-R032,pra2026-bh408@3d036144-16-32K-row0-greedy1024,3d03614452cd0a925abc82a7686560ff80252dfa,0,rank0,HCU0:TCA23906041001,chatcmpl-bench-7f1746b7-0-9eeec82b-9c959c99,11,11,6,0,decode,1,1,20589,20590,linear_attention,,,"[1,5120]","[1,5120]","[3,1]","[1,5120]","[1,5120]",False,False,False,,,,0,0,4308578683274782,4308578684782346,
input11_layer7,,,,20260729T050800Z-fx-89687ae2-R032,pra2026-bh408@3d036144-16-32K-row0-greedy1024,3d03614452cd0a925abc82a7686560ff80252dfa,0,rank0,HCU0:TCA23906041001,chatcmpl-bench-7f1746b7-0-9eeec82b-9c959c99,11,11,7,0,decode,1,1,20589,20590,full_attention,,,"[1,5120]","[1,5120]","[3,1]","[1,5120]","[1,5120]",False,False,False,,,,0,0,4308578686607493,4308578688523571,
input11_layer8,,,,20260729T050800Z-fx-89687ae2-R032,pra2026-bh408@3d036144-16-32K-row0-greedy1024,3d03614452cd0a925abc82a7686560ff80252dfa,0,rank0,HCU0:TCA23906041001,chatcmpl-bench-7f1746b7-0-9eeec82b-9c959c99,11,11,8,0,decode,1,1,20589,20590,linear_attention,,,"[1,5120]","[1,5120]","[3,1]","[1,5120]","[1,5120]",False,False,False,,,,0,0,4308578690348928,4308578691863062,
input11_layer9,,,,20260729T050800Z-fx-89687ae2-R032,pra2026-bh408@3d036144-16-32K-row0-greedy1024,3d03614452cd0a925abc82a7686560ff80252dfa,0,rank0,HCU0:TCA23906041001,chatcmpl-bench-7f1746b7-0-9eeec82b-9c959c99,11,11,9,0,decode,1,1,20589,20590,linear_attention,,,"[1,5120]","[1,5120]","[3,1]","[1,5120]","[1,5120]",False,False,False,,,,0,0,4308578693377836,4308578694995551,
input11_layer10,,,,20260729T050800Z-fx-89687ae2-R032,pra2026-bh408@3d036144-16-32K-row0-greedy1024,3d03614452cd0a925abc82a7686560ff80252dfa,0,rank0,HCU0:TCA23906041001,chatcmpl-bench-7f1746b7-0-9eeec82b-9c959c99,11,11,10,0,decode,1,1,20589,20590,linear_attention,,,"[1,5120]","[1,5120]","[3,1]","[1,5120]","[1,5120]",False,False,False,,,,0,0,4308578696639666,4308578698229681,
input11_layer11,,,,20260729T050800Z-fx-89687ae2-R032,pra2026-bh408@3d036144-16-32K-row0-greedy1024,3d03614452cd0a925abc82a7686560ff80252dfa,0,rank0,HCU0:TCA23906041001,chatcmpl-bench-7f1746b7-0-9eeec82b-9c959c99,11,11,11,0,decode,1,1,20589,20590,full_attention,,,"[1,5120]","[1,5120]","[3,1]","[1,5120]","[1,5120]",False,False,False,,,,0,0,4308578699766346,4308578701733524,
input11_layer12,,,,20260729T050800Z-fx-89687ae2-R032,pra2026-bh408@3d036144-16-32K-row0-greedy1024,3d03614452cd0a925abc82a7686560ff80252dfa,0,rank0,HCU0:TCA23906041001,chatcmpl-bench-7f1746b7-0-9eeec82b-9c959c99,11,11,12,0,decode,1,1,20589,20590,linear_attention,,,"[1,5120]","[1,5120]","[3,1]","[1,5120]","[1,5120]",False,False,False,,,,0,0,4308578703613271,4308578705168766,
input11_layer13,,,,20260729T050800Z-fx-89687ae2-R032,pra2026-bh408@3d036144-16-32K-row0-greedy1024,3d03614452cd0a925abc82a7686560ff80252dfa,0,rank0,HCU0:TCA23906041001,chatcmpl-bench-7f1746b7-0-9eeec82b-9c959c99,11,11,13,0,decode,1,1,20589,20590,linear_attention,,,"[1,5120]","[1,5120]","[3,1]","[1,5120]","[1,5120]",False,False,False,,,,0,0,4308578707107214,4308578708647118,
input11_layer14,,,,20260729T050800Z-fx-89687ae2-R032,pra2026-bh408@3d036144-16-32K-row0-greedy1024,3d03614452cd0a925abc82a7686560ff80252dfa,0,rank0,HCU0:TCA23906041001,chatcmpl-bench-7f1746b7-0-9eeec82b-9c959c99,11,11,14,0,decode,1,1,20589,20590,linear_attention,,,"[1,5120]","[1,5120]","[3,1]","[1,5120]","[1,5120]",False,False,False,,,,0,0,4308578710468705,4308578712000629,
input11_layer15,,,,20260729T050800Z-fx-89687ae2-R032,pra2026-bh408@3d036144-16-32K-row0-greedy1024,3d03614452cd0a925abc82a7686560ff80252dfa,0,rank0,HCU0:TCA23906041001,chatcmpl-bench-7f1746b7-0-9eeec82b-9c959c99,11,11,15,0,decode,1,1,20589,20590,full_attention,,,"[1,5120]","[1,5120]","[3,1]","[1,5120]","[1,5120]",False,False,False,,,,0,0,4308578713945897,4308578715898026,
input11_layer16,,,,20260729T050800Z-fx-89687ae2-R032,pra2026-bh408@3d036144-16-32K-row0-greedy1024,3d03614452cd0a925abc82a7686560ff80252dfa,0,rank0,HCU0:TCA23906041001,chatcmpl-bench-7f1746b7-0-9eeec82b-9c959c99,11,11,16,0,decode,1,1,20589,20590,linear_attention,,,"[1,5120]","[1,5120]","[3,1]","[1,5120]","[1,5120]",False,False,False,,,,0,0,4308578717721832,4308578719276287,
input11_layer17,,,,20260729T050800Z-fx-89687ae2-R032,pra2026-bh408@3d036144-16-32K-row0-greedy1024,3d03614452cd0a925abc82a7686560ff80252dfa,0,rank0,HCU0:TCA23906041001,chatcmpl-bench-7f1746b7-0-9eeec82b-9c959c99,11,11,17,0,decode,1,1,20589,20590,linear_attention,,,"[1,5120]","[1,5120]","[3,1]","[1,5120]","[1,5120]",False,False,False,,,,0,0,4308578720825321,4308578722379536,
input11_layer18,,,,20260729T050800Z-fx-89687ae2-R032,pra2026-bh408@3d036144-16-32K-row0-greedy1024,3d03614452cd0a925abc82a7686560ff80252dfa,0,rank0,HCU0:TCA23906041001,chatcmpl-bench-7f1746b7-0-9eeec82b-9c959c99,11,11,18,0,decode,1,1,20589,20590,linear_attention,,,"[1,5120]","[1,5120]","[3,1]","[1,5120]","[1,5120]",False,False,False,,,,0,0,4308578724019031,4308578725548825,
input11_layer19,,,,20260729T050800Z-fx-89687ae2-R032,pra2026-bh408@3d036144-16-32K-row0-greedy1024,3d03614452cd0a925abc82a7686560ff80252dfa,0,rank0,HCU0:TCA23906041001,chatcmpl-bench-7f1746b7-0-9eeec82b-9c959c99,11,11,19,0,decode,1,1,20589,20590,full_attention,,,"[1,5120]","[1,5120]","[3,1]","[1,5120]","[1,5120]",False,False,False,,,,0,0,4308578727366182,4308578729281620,
input11_layer20,,,,20260729T050800Z-fx-89687ae2-R032,pra2026-bh408@3d036144-16-32K-row0-greedy1024,3d03614452cd0a925abc82a7686560ff80252dfa,0,rank0,HCU0:TCA23906041001,chatcmpl-bench-7f1746b7-0-9eeec82b-9c959c99,11,11,20,0,decode,1,1,20589,20590,linear_attention,,,"[1,5120]","[1,5120]","[3,1]","[1,5120]","[1,5120]",False,False,False,,,,0,0,4308578731311479,4308578732852753,
input11_layer21,,,,20260729T050800Z-fx-89687ae2-R032,pra2026-bh408@3d036144-16-32K-row0-greedy1024,3d03614452cd0a925abc82a7686560ff80252dfa,0,rank0,HCU0:TCA23906041001,chatcmpl-bench-7f1746b7-0-9eeec82b-9c959c99,11,11,21,0,decode,1,1,20589,20590,linear_attention,,,"[1,5120]","[1,5120]","[3,1]","[1,5120]","[1,5120]",False,False,False,,,,0,0,4308578735113324,4308578736650919,
input11_layer22,,,,20260729T050800Z-fx-89687ae2-R032,pra2026-bh408@3d036144-16-32K-row0-greedy1024,3d03614452cd0a925abc82a7686560ff80252dfa,0,rank0,HCU0:TCA23906041001,chatcmpl-bench-7f1746b7-0-9eeec82b-9c959c99,11,11,22,0,decode,1,1,20589,20590,linear_attention,,,"[1,5120]","[1,5120]","[3,1]","[1,5120]","[1,5120]",False,False,False,,,,0,0,4308578738509276,4308578740041740,
input11_layer23,,,,20260729T050800Z-fx-89687ae2-R032,pra2026-bh408@3d036144-16-32K-row0-greedy1024,3d03614452cd0a925abc82a7686560ff80252dfa,0,rank0,HCU0:TCA23906041001,chatcmpl-bench-7f1746b7-0-9eeec82b-9c959c99,11,11,23,0,decode,1,1,20589,20590,full_attention,,,"[1,5120]","[1,5120]","[3,1]","[1,5120]","[1,5120]",False,False,False,,,,0,0,4308578741913057,4308578743856735,
input11_layer24,,,,20260729T050800Z-fx-89687ae2-R032,pra2026-bh408@3d036144-16-32K-row0-greedy1024,3d03614452cd0a925abc82a7686560ff80252dfa,0,rank0,HCU0:TCA23906041001,chatcmpl-bench-7f1746b7-0-9eeec82b-9c959c99,11,11,24,0,decode,1,1,20589,20590,linear_attention,,,"[1,5120]","[1,5120]","[3,1]","[1,5120]","[1,5120]",False,False,False,,,,0,0,4308578745903864,4308578747443239,
input11_layer25,,,,20260729T050800Z-fx-89687ae2-R032,pra2026-bh408@3d036144-16-32K-row0-greedy1024,3d03614452cd0a925abc82a7686560ff80252dfa,0,rank0,HCU0:TCA23906041001,chatcmpl-bench-7f1746b7-0-9eeec82b-9c959c99,11,11,25,0,decode,1,1,20589,20590,linear_attention,,,"[1,5120]","[1,5120]","[3,1]","[1,5120]","[1,5120]",False,False,False,,,,0,0,4308578749252506,4308578750780780,
input11_layer26,,,,20260729T050800Z-fx-89687ae2-R032,pra2026-bh408@3d036144-16-32K-row0-greedy1024,3d03614452cd0a925abc82a7686560ff80252dfa,0,rank0,HCU0:TCA23906041001,chatcmpl-bench-7f1746b7-0-9eeec82b-9c959c99,11,11,26,0,decode,1,1,20589,20590,linear_attention,,,"[1,5120]","[1,5120]","[3,1]","[1,5120]","[1,5120]",False,False,False,,,,0,0,4308578752694118,4308578754218972,
input11_layer27,,,,20260729T050800Z-fx-89687ae2-R032,pra2026-bh408@3d036144-16-32K-row0-greedy1024,3d03614452cd0a925abc82a7686560ff80252dfa,0,rank0,HCU0:TCA23906041001,chatcmpl-bench-7f1746b7-0-9eeec82b-9c959c99,11,11,27,0,decode,1,1,20589,20590,full_attention,,,"[1,5120]","[1,5120]","[3,1]","[1,5120]","[1,5120]",False,False,False,,,,0,0,4308578756265241,4308578758206569,
input11_layer28,,,,20260729T050800Z-fx-89687ae2-R032,pra2026-bh408@3d036144-16-32K-row0-greedy1024,3d03614452cd0a925abc82a7686560ff80252dfa,0,rank0,HCU0:TCA23906041001,chatcmpl-bench-7f1746b7-0-9eeec82b-9c959c99,11,11,28,0,decode,1,1,20589,20590,linear_attention,,,"[1,5120]","[1,5120]","[3,1]","[1,5120]","[1,5120]",False,False,False,,,,0,0,4308578760073466,4308578761605290,
input11_layer29,,,,20260729T050800Z-fx-89687ae2-R032,pra2026-bh408@3d036144-16-32K-row0-greedy1024,3d03614452cd0a925abc82a7686560ff80252dfa,0,rank0,HCU0:TCA23906041001,chatcmpl-bench-7f1746b7-0-9eeec82b-9c959c99,11,11,29,0,decode,1,1,20589,20590,linear_attention,,,"[1,5120]","[1,5120]","[3,1]","[1,5120]","[1,5120]",False,False,False,,,,0,0,4308578763522358,4308578765050632,
input11_layer30,,,,20260729T050800Z-fx-89687ae2-R032,pra2026-bh408@3d036144-16-32K-row0-greedy1024,3d03614452cd0a925abc82a7686560ff80252dfa,0,rank0,HCU0:TCA23906041001,chatcmpl-bench-7f1746b7-0-9eeec82b-9c959c99,11,11,30,0,decode,1,1,20589,20590,linear_attention,,,"[1,5120]","[1,5120]","[3,1]","[1,5120]","[1,5120]",False,False,False,,,,0,0,4308578766875929,4308578768401514,
input11_layer31,,,,20260729T050800Z-fx-89687ae2-R032,pra2026-bh408@3d036144-16-32K-row0-greedy1024,3d03614452cd0a925abc82a7686560ff80252dfa,0,rank0,HCU0:TCA23906041001,chatcmpl-bench-7f1746b7-0-9eeec82b-9c959c99,11,11,31,0,decode,1,1,20589,20590,full_attention,,,"[1,5120]","[1,5120]","[3,1]","[1,5120]","[1,5120]",False,False,False,,,,0,0,4308578770055919,4308578771990467,
input11_layer32,,,,20260729T050800Z-fx-89687ae2-R032,pra2026-bh408@3d036144-16-32K-row0-greedy1024,3d03614452cd0a925abc82a7686560ff80252dfa,0,rank0,HCU0:TCA23906041001,chatcmpl-bench-7f1746b7-0-9eeec82b-9c959c99,11,11,32,0,decode,1,1,20589,20590,linear_attention,,,"[1,5120]","[1,5120]","[3,1]","[1,5120]","[1,5120]",False,False,False,,,,0,0,4308578773792534,4308578775329888,
input11_layer33,,,,20260729T050800Z-fx-89687ae2-R032,pra2026-bh408@3d036144-16-32K-row0-greedy1024,3d03614452cd0a925abc82a7686560ff80252dfa,0,rank0,HCU0:TCA23906041001,chatcmpl-bench-7f1746b7-0-9eeec82b-9c959c99,11,11,33,0,decode,1,1,20589,20590,linear_attention,,,"[1,5120]","[1,5120]","[3,1]","[1,5120]","[1,5120]",False,False,False,,,,0,0,4308578777296206,4308578778814830,
input11_layer34,,,,20260729T050800Z-fx-89687ae2-R032,pra2026-bh408@3d036144-16-32K-row0-greedy1024,3d03614452cd0a925abc82a7686560ff80252dfa,0,rank0,HCU0:TCA23906041001,chatcmpl-bench-7f1746b7-0-9eeec82b-9c959c99,11,11,34,0,decode,1,1,20589,20590,linear_attention,,,"[1,5120]","[1,5120]","[3,1]","[1,5120]","[1,5120]",False,False,False,,,,0,0,4308578780563257,4308578782080951,
input11_layer35,,,,20260729T050800Z-fx-89687ae2-R032,pra2026-bh408@3d036144-16-32K-row0-greedy1024,3d03614452cd0a925abc82a7686560ff80252dfa,0,rank0,HCU0:TCA23906041001,chatcmpl-bench-7f1746b7-0-9eeec82b-9c959c99,11,11,35,0,decode,1,1,20589,20590,full_attention,,,"[1,5120]","[1,5120]","[3,1]","[1,5120]","[1,5120]",False,False,False,,,,0,0,4308578784080859,4308578785998287,
input11_layer36,,,,20260729T050800Z-fx-89687ae2-R032,pra2026-bh408@3d036144-16-32K-row0-greedy1024,3d03614452cd0a925abc82a7686560ff80252dfa,0,rank0,HCU0:TCA23906041001,chatcmpl-bench-7f1746b7-0-9eeec82b-9c959c99,11,11,36,0,decode,1,1,20589,20590,linear_attention,,,"[1,5120]","[1,5120]","[3,1]","[1,5120]","[1,5120]",False,False,False,,,,0,0,4308578787641352,4308578789170157,
input11_layer37,,,,20260729T050800Z-fx-89687ae2-R032,pra2026-bh408@3d036144-16-32K-row0-greedy1024,3d03614452cd0a925abc82a7686560ff80252dfa,0,rank0,HCU0:TCA23906041001,chatcmpl-bench-7f1746b7-0-9eeec82b-9c959c99,11,11,37,0,decode,1,1,20589,20590,linear_attention,,,"[1,5120]","[1,5120]","[3,1]","[1,5120]","[1,5120]",False,False,False,,,,0,0,4308578791156745,4308578792681659,
input11_layer38,,,,20260729T050800Z-fx-89687ae2-R032,pra2026-bh408@3d036144-16-32K-row0-greedy1024,3d03614452cd0a925abc82a7686560ff80252dfa,0,rank0,HCU0:TCA23906041001,chatcmpl-bench-7f1746b7-0-9eeec82b-9c959c99,11,11,38,0,decode,1,1,20589,20590,linear_attention,,,"[1,5120]","[1,5120]","[3,1]","[1,5120]","[1,5120]",False,False,False,,,,0,0,4308578794611207,4308578796129111,
input11_layer39,,,,20260729T050800Z-fx-89687ae2-R032,pra2026-bh408@3d036144-16-32K-row0-greedy1024,3d03614452cd0a925abc82a7686560ff80252dfa,0,rank0,HCU0:TCA23906041001,chatcmpl-bench-7f1746b7-0-9eeec82b-9c959c99,11,11,39,0,decode,1,1,20589,20590,full_attention,,,"[1,5120]","[1,5120]","[3,1]","[1,5120]","[1,5120]",False,False,False,,,,0,0,4308578798180981,4308578800105788,
input11_layer40,,,,20260729T050800Z-fx-89687ae2-R032,pra2026-bh408@3d036144-16-32K-row0-greedy1024,3d03614452cd0a925abc82a7686560ff80252dfa,0,rank0,HCU0:TCA23906041001,chatcmpl-bench-7f1746b7-0-9eeec82b-9c959c99,11,11,40,0,decode,1,1,20589,20590,linear_attention,,,"[1,5120]","[1,5120]","[3,1]","[1,5120]","[1,5120]",False,False,False,,,,0,0,4308578801979586,4308578803518280,
input11_layer41,,,,20260729T050800Z-fx-89687ae2-R032,pra2026-bh408@3d036144-16-32K-row0-greedy1024,3d03614452cd0a925abc82a7686560ff80252dfa,0,rank0,HCU0:TCA23906041001,chatcmpl-bench-7f1746b7-0-9eeec82b-9c959c99,11,11,41,0,decode,1,1,20589,20590,linear_attention,,,"[1,5120]","[1,5120]","[3,1]","[1,5120]","[1,5120]",False,False,False,,,,0,0,4308578805275286,4308578806794111,
input11_layer42,,,,20260729T050800Z-fx-89687ae2-R032,pra2026-bh408@3d036144-16-32K-row0-greedy1024,3d03614452cd0a925abc82a7686560ff80252dfa,0,rank0,HCU0:TCA23906041001,chatcmpl-bench-7f1746b7-0-9eeec82b-9c959c99,11,11,42,0,decode,1,1,20589,20590,linear_attention,,,"[1,5120]","[1,5120]","[3,1]","[1,5120]","[1,5120]",False,False,False,,,,0,0,4308578808855280,4308578810390894,
input11_layer43,,,,20260729T050800Z-fx-89687ae2-R032,pra2026-bh408@3d036144-16-32K-row0-greedy1024,3d03614452cd0a925abc82a7686560ff80252dfa,0,rank0,HCU0:TCA23906041001,chatcmpl-bench-7f1746b7-0-9eeec82b-9c959c99,11,11,43,0,decode,1,1,20589,20590,full_attention,,,"[1,5120]","[1,5120]","[3,1]","[1,5120]","[1,5120]",False,False,False,,,,0,0,4308578812275222,4308578814207429,
input11_layer44,,,,20260729T050800Z-fx-89687ae2-R032,pra2026-bh408@3d036144-16-32K-row0-greedy1024,3d03614452cd0a925abc82a7686560ff80252dfa,0,rank0,HCU0:TCA23906041001,chatcmpl-bench-7f1746b7-0-9eeec82b-9c959c99,11,11,44,0,decode,1,1,20589,20590,linear_attention,,,"[1,5120]","[1,5120]","[3,1]","[1,5120]","[1,5120]",False,False,False,,,,0,0,4308578816196508,4308578817719062,
input11_layer45,,,,20260729T050800Z-fx-89687ae2-R032,pra2026-bh408@3d036144-16-32K-row0-greedy1024,3d03614452cd0a925abc82a7686560ff80252dfa,0,rank0,HCU0:TCA23906041001,chatcmpl-bench-7f1746b7-0-9eeec82b-9c959c99,11,11,45,0,decode,1,1,20589,20590,linear_attention,,,"[1,5120]","[1,5120]","[3,1]","[1,5120]","[1,5120]",False,False,False,,,,0,0,4308578820347097,4308578821858021,
input11_layer46,,,,20260729T050800Z-fx-89687ae2-R032,pra2026-bh408@3d036144-16-32K-row0-greedy1024,3d03614452cd0a925abc82a7686560ff80252dfa,0,rank0,HCU0:TCA23906041001,chatcmpl-bench-7f1746b7-0-9eeec82b-9c959c99,11,11,46,0,decode,1,1,20589,20590,linear_attention,,,"[1,5120]","[1,5120]","[3,1]","[1,5120]","[1,5120]",False,False,False,,,,0,0,4308578823928630,4308578825450294,
input11_layer47,,,,20260729T050800Z-fx-89687ae2-R032,pra2026-bh408@3d036144-16-32K-row0-greedy1024,3d03614452cd0a925abc82a7686560ff80252dfa,0,rank0,HCU0:TCA23906041001,chatcmpl-bench-7f1746b7-0-9eeec82b-9c959c99,11,11,47,0,decode,1,1,20589,20590,full_attention,,,"[1,5120]","[1,5120]","[3,1]","[1,5120]","[1,5120]",False,False,False,,,,0,0,4308578827122470,4308578829043767,
input11_layer48,,,,20260729T050800Z-fx-89687ae2-R032,pra2026-bh408@3d036144-16-32K-row0-greedy1024,3d03614452cd0a925abc82a7686560ff80252dfa,0,rank0,HCU0:TCA23906041001,chatcmpl-bench-7f1746b7-0-9eeec82b-9c959c99,11,11,48,0,decode,1,1,20589,20590,linear_attention,,,"[1,5120]","[1,5120]","[3,1]","[1,5120]","[1,5120]",False,False,False,,,,0,0,4308578830700093,4308578832230787,
input11_layer49,,,,20260729T050800Z-fx-89687ae2-R032,pra2026-bh408@3d036144-16-32K-row0-greedy1024,3d03614452cd0a925abc82a7686560ff80252dfa,0,rank0,HCU0:TCA23906041001,chatcmpl-bench-7f1746b7-0-9eeec82b-9c959c99,11,11,49,0,decode,1,1,20589,20590,linear_attention,,,"[1,5120]","[1,5120]","[3,1]","[1,5120]","[1,5120]",False,False,False,,,,0,0,4308578834263156,4308578835773760,
input11_layer50,,,,20260729T050800Z-fx-89687ae2-R032,pra2026-bh408@3d036144-16-32K-row0-greedy1024,3d03614452cd0a925abc82a7686560ff80252dfa,0,rank0,HCU0:TCA23906041001,chatcmpl-bench-7f1746b7-0-9eeec82b-9c959c99,11,11,50,0,decode,1,1,20589,20590,linear_attention,,,"[1,5120]","[1,5120]","[3,1]","[1,5120]","[1,5120]",False,False,False,,,,0,0,4308578837543886,4308578839057891,
input11_layer51,,,,20260729T050800Z-fx-89687ae2-R032,pra2026-bh408@3d036144-16-32K-row0-greedy1024,3d03614452cd0a925abc82a7686560ff80252dfa,0,rank0,HCU0:TCA23906041001,chatcmpl-bench-7f1746b7-0-9eeec82b-9c959c99,11,11,51,0,decode,1,1,20589,20590,full_attention,,,"[1,5120]","[1,5120]","[3,1]","[1,5120]","[1,5120]",False,False,False,,,,0,0,4308578840884268,4308578842812705,
input11_layer52,,,,20260729T050800Z-fx-89687ae2-R032,pra2026-bh408@3d036144-16-32K-row0-greedy1024,3d03614452cd0a925abc82a7686560ff80252dfa,0,rank0,HCU0:TCA23906041001,chatcmpl-bench-7f1746b7-0-9eeec82b-9c959c99,11,11,52,0,decode,1,1,20589,20590,linear_attention,,,"[1,5120]","[1,5120]","[3,1]","[1,5120]","[1,5120]",False,False,False,,,,0,0,4308578844595762,4308578846116816,
input11_layer53,,,,20260729T050800Z-fx-89687ae2-R032,pra2026-bh408@3d036144-16-32K-row0-greedy1024,3d03614452cd0a925abc82a7686560ff80252dfa,0,rank0,HCU0:TCA23906041001,chatcmpl-bench-7f1746b7-0-9eeec82b-9c959c99,11,11,53,0,decode,1,1,20589,20590,linear_attention,,,"[1,5120]","[1,5120]","[3,1]","[1,5120]","[1,5120]",False,False,False,,,,0,0,4308578847863212,4308578849387627,
input11_layer54,,,,20260729T050800Z-fx-89687ae2-R032,pra2026-bh408@3d036144-16-32K-row0-greedy1024,3d03614452cd0a925abc82a7686560ff80252dfa,0,rank0,HCU0:TCA23906041001,chatcmpl-bench-7f1746b7-0-9eeec82b-9c959c99,11,11,54,0,decode,1,1,20589,20590,linear_attention,,,"[1,5120]","[1,5120]","[3,1]","[1,5120]","[1,5120]",False,False,False,,,,0,0,4308578851035812,4308578852551276,
input11_layer55,,,,20260729T050800Z-fx-89687ae2-R032,pra2026-bh408@3d036144-16-32K-row0-greedy1024,3d03614452cd0a925abc82a7686560ff80252dfa,0,rank0,HCU0:TCA23906041001,chatcmpl-bench-7f1746b7-0-9eeec82b-9c959c99,11,11,55,0,decode,1,1,20589,20590,full_attention,,,"[1,5120]","[1,5120]","[3,1]","[1,5120]","[1,5120]",False,False,False,,,,0,0,4308578854381413,4308578856312451,
input11_layer56,,,,20260729T050800Z-fx-89687ae2-R032,pra2026-bh408@3d036144-16-32K-row0-greedy1024,3d03614452cd0a925abc82a7686560ff80252dfa,0,rank0,HCU0:TCA23906041001,chatcmpl-bench-7f1746b7-0-9eeec82b-9c959c99,11,11,56,0,decode,1,1,20589,20590,linear_attention,,,"[1,5120]","[1,5120]","[3,1]","[1,5120]","[1,5120]",False,False,False,,,,0,0,4308578858217569,4308578859732153,
input11_layer57,,,,20260729T050800Z-fx-89687ae2-R032,pra2026-bh408@3d036144-16-32K-row0-greedy1024,3d03614452cd0a925abc82a7686560ff80252dfa,0,rank0,HCU0:TCA23906041001,chatcmpl-bench-7f1746b7-0-9eeec82b-9c959c99,11,11,57,0,decode,1,1,20589,20590,linear_attention,,,"[1,5120]","[1,5120]","[3,1]","[1,5120]","[1,5120]",False,False,False,,,,0,0,4308578861610800,4308578863125964,
input11_layer58,,,,20260729T050800Z-fx-89687ae2-R032,pra2026-bh408@3d036144-16-32K-row0-greedy1024,3d03614452cd0a925abc82a7686560ff80252dfa,0,rank0,HCU0:TCA23906041001,chatcmpl-bench-7f1746b7-0-9eeec82b-9c959c99,11,11,58,0,decode,1,1,20589,20590,linear_attention,,,"[1,5120]","[1,5120]","[3,1]","[1,5120]","[1,5120]",False,False,False,,,,0,0,4308578864971971,4308578866503126,
input11_layer59,,,,20260729T050800Z-fx-89687ae2-R032,pra2026-bh408@3d036144-16-32K-row0-greedy1024,3d03614452cd0a925abc82a7686560ff80252dfa,0,rank0,HCU0:TCA23906041001,chatcmpl-bench-7f1746b7-0-9eeec82b-9c959c99,11,11,59,0,decode,1,1,20589,20590,full_attention,,,"[1,5120]","[1,5120]","[3,1]","[1,5120]","[1,5120]",False,False,False,,,,0,0,4308578868406233,4308578870330171,
input11_layer60,,,,20260729T050800Z-fx-89687ae2-R032,pra2026-bh408@3d036144-16-32K-row0-greedy1024,3d03614452cd0a925abc82a7686560ff80252dfa,0,rank0,HCU0:TCA23906041001,chatcmpl-bench-7f1746b7-0-9eeec82b-9c959c99,11,11,60,0,decode,1,1,20589,20590,linear_attention,,,"[1,5120]","[1,5120]","[3,1]","[1,5120]","[1,5120]",False,False,False,,,,0,0,4308578872152908,4308578873688743,
input11_layer61,,,,20260729T050800Z-fx-89687ae2-R032,pra2026-bh408@3d036144-16-32K-row0-greedy1024,3d03614452cd0a925abc82a7686560ff80252dfa,0,rank0,HCU0:TCA23906041001,chatcmpl-bench-7f1746b7-0-9eeec82b-9c959c99,11,11,61,0,decode,1,1,20589,20590,linear_attention,,,"[1,5120]","[1,5120]","[3,1]","[1,5120]","[1,5120]",False,False,False,,,,0,0,4308578875526690,4308578877035914,
input11_layer62,,,,20260729T050800Z-fx-89687ae2-R032,pra2026-bh408@3d036144-16-32K-row0-greedy1024,3d03614452cd0a925abc82a7686560ff80252dfa,0,rank0,HCU0:TCA23906041001,chatcmpl-bench-7f1746b7-0-9eeec82b-9c959c99,11,11,62,0,decode,1,1,20589,20590,linear_attention,,,"[1,5120]","[1,5120]","[3,1]","[1,5120]","[1,5120]",False,False,False,,,,0,0,4308578878749940,4308578880271444,
input11_layer63,,,,20260729T050800Z-fx-89687ae2-R032,pra2026-bh408@3d036144-16-32K-row0-greedy1024,3d03614452cd0a925abc82a7686560ff80252dfa,0,rank0,HCU0:TCA23906041001,chatcmpl-bench-7f1746b7-0-9eeec82b-9c959c99,11,11,63,0,decode,1,1,20589,20590,full_attention,,,"[1,5120]","[1,5120]","[3,1]","[1,5120]","[1,5120]",False,False,False,,,,0,0,4308578881939509,4308578883850967,
input12_layer0,,,,20260729T050800Z-fx-89687ae2-R032,pra2026-bh408@3d036144-16-32K-row0-greedy1024,3d03614452cd0a925abc82a7686560ff80252dfa,0,rank0,HCU0:TCA23906041001,chatcmpl-bench-7f1746b7-0-9eeec82b-9c959c99,12,12,0,0,decode,1,1,20590,20591,linear_attention,,,"[1,5120]",null,"[3,1]","[1,5120]","[1,5120]",False,False,False,,,,0,0,4308578889118716,4308578890831732,
input12_layer1,,,,20260729T050800Z-fx-89687ae2-R032,pra2026-bh408@3d036144-16-32K-row0-greedy1024,3d03614452cd0a925abc82a7686560ff80252dfa,0,rank0,HCU0:TCA23906041001,chatcmpl-bench-7f1746b7-0-9eeec82b-9c959c99,12,12,1,0,decode,1,1,20590,20591,linear_attention,,,"[1,5120]","[1,5120]","[3,1]","[1,5120]","[1,5120]",False,False,False,,,,0,0,4308578892926371,4308578894481666,
input12_layer2,,,,20260729T050800Z-fx-89687ae2-R032,pra2026-bh408@3d036144-16-32K-row0-greedy1024,3d03614452cd0a925abc82a7686560ff80252dfa,0,rank0,HCU0:TCA23906041001,chatcmpl-bench-7f1746b7-0-9eeec82b-9c959c99,12,12,2,0,decode,1,1,20590,20591,linear_attention,,,"[1,5120]","[1,5120]","[3,1]","[1,5120]","[1,5120]",False,False,False,,,,0,0,4308578896409314,4308578897932508,
input12_layer3,,,,20260729T050800Z-fx-89687ae2-R032,pra2026-bh408@3d036144-16-32K-row0-greedy1024,3d03614452cd0a925abc82a7686560ff80252dfa,0,rank0,HCU0:TCA23906041001,chatcmpl-bench-7f1746b7-0-9eeec82b-9c959c99,12,12,3,0,decode,1,1,20590,20591,full_attention,,,"[1,5120]","[1,5120]","[3,1]","[1,5120]","[1,5120]",False,False,False,,,,0,0,4308578899709974,4308578901681003,
input12_layer4,,,,20260729T050800Z-fx-89687ae2-R032,pra2026-bh408@3d036144-16-32K-row0-greedy1024,3d03614452cd0a925abc82a7686560ff80252dfa,0,rank0,HCU0:TCA23906041001,chatcmpl-bench-7f1746b7-0-9eeec82b-9c959c99,12,12,4,0,decode,1,1,20590,20591,linear_attention,,,"[1,5120]","[1,5120]","[3,1]","[1,5120]","[1,5120]",False,False,False,,,,0,0,4308578903411649,4308578904933183,
input12_layer5,,,,20260729T050800Z-fx-89687ae2-R032,pra2026-bh408@3d036144-16-32K-row0-greedy1024,3d03614452cd0a925abc82a7686560ff80252dfa,0,rank0,HCU0:TCA23906041001,chatcmpl-bench-7f1746b7-0-9eeec82b-9c959c99,12,12,5,0,decode,1,1,20590,20591,linear_attention,,,"[1,5120]","[1,5120]","[3,1]","[1,5120]","[1,5120]",False,False,False,,,,0,0,4308578906869531,4308578908392825,
input12_layer6,,,,20260729T050800Z-fx-89687ae2-R032,pra2026-bh408@3d036144-16-32K-row0-greedy1024,3d03614452cd0a925abc82a7686560ff80252dfa,0,rank0,HCU0:TCA23906041001,chatcmpl-bench-7f1746b7-0-9eeec82b-9c959c99,12,12,6,0,decode,1,1,20590,20591,linear_attention,,,"[1,5120]","[1,5120]","[3,1]","[1,5120]","[1,5120]",False,False,False,,,,0,0,4308578910234982,4308578911748906,
input12_layer7,,,,20260729T050800Z-fx-89687ae2-R032,pra2026-bh408@3d036144-16-32K-row0-greedy1024,3d03614452cd0a925abc82a7686560ff80252dfa,0,rank0,HCU0:TCA23906041001,chatcmpl-bench-7f1746b7-0-9eeec82b-9c959c99,12,12,7,0,decode,1,1,20590,20591,full_attention,,,"[1,5120]","[1,5120]","[3,1]","[1,5120]","[1,5120]",False,False,False,,,,0,0,4308578913475972,4308578915394320,
input12_layer8,,,,20260729T050800Z-fx-89687ae2-R032,pra2026-bh408@3d036144-16-32K-row0-greedy1024,3d03614452cd0a925abc82a7686560ff80252dfa,0,rank0,HCU0:TCA23906041001,chatcmpl-bench-7f1746b7-0-9eeec82b-9c959c99,12,12,8,0,decode,1,1,20590,20591,linear_attention,,,"[1,5120]","[1,5120]","[3,1]","[1,5120]","[1,5120]",False,False,False,,,,0,0,4308578917253118,4308578918766592,
input12_layer9,,,,20260729T050800Z-fx-89687ae2-R032,pra2026-bh408@3d036144-16-32K-row0-greedy1024,3d03614452cd0a925abc82a7686560ff80252dfa,0,rank0,HCU0:TCA23906041001,chatcmpl-bench-7f1746b7-0-9eeec82b-9c959c99,12,12,9,0,decode,1,1,20590,20591,linear_attention,,,"[1,5120]","[1,5120]","[3,1]","[1,5120]","[1,5120]",False,False,False,,,,0,0,4308578920477677,4308578921987701,
input12_layer10,,,,20260729T050800Z-fx-89687ae2-R032,pra2026-bh408@3d036144-16-32K-row0-greedy1024,3d03614452cd0a925abc82a7686560ff80252dfa,0,rank0,HCU0:TCA23906041001,chatcmpl-bench-7f1746b7-0-9eeec82b-9c959c99,12,12,10,0,decode,1,1,20590,20591,linear_attention,,,"[1,5120]","[1,5120]","[3,1]","[1,5120]","[1,5120]",False,False,False,,,,0,0,4308578923708587,4308578925256392,
input12_layer11,,,,20260729T050800Z-fx-89687ae2-R032,pra2026-bh408@3d036144-16-32K-row0-greedy1024,3d03614452cd0a925abc82a7686560ff80252dfa,0,rank0,HCU0:TCA23906041001,chatcmpl-bench-7f1746b7-0-9eeec82b-9c959c99,12,12,11,0,decode,1,1,20590,20591,full_attention,,,"[1,5120]","[1,5120]","[3,1]","[1,5120]","[1,5120]",False,False,False,,,,0,0,4308578927142229,4308578929057667,
input12_layer12,,,,20260729T050800Z-fx-89687ae2-R032,pra2026-bh408@3d036144-16-32K-row0-greedy1024,3d03614452cd0a925abc82a7686560ff80252dfa,0,rank0,HCU0:TCA23906041001,chatcmpl-bench-7f1746b7-0-9eeec82b-9c959c99,12,12,12,0,decode,1,1,20590,20591,linear_attention,,,"[1,5120]","[1,5120]","[3,1]","[1,5120]","[1,5120]",False,False,False,,,,0,0,4308578930896854,4308578932430529,
input12_layer13,,,,20260729T050800Z-fx-89687ae2-R032,pra2026-bh408@3d036144-16-32K-row0-greedy1024,3d03614452cd0a925abc82a7686560ff80252dfa,0,rank0,HCU0:TCA23906041001,chatcmpl-bench-7f1746b7-0-9eeec82b-9c959c99,12,12,13,0,decode,1,1,20590,20591,linear_attention,,,"[1,5120]","[1,5120]","[3,1]","[1,5120]","[1,5120]",False,False,False,,,,0,0,4308578934347746,4308578935868831,
input12_layer14,,,,20260729T050800Z-fx-89687ae2-R032,pra2026-bh408@3d036144-16-32K-row0-greedy1024,3d03614452cd0a925abc82a7686560ff80252dfa,0,rank0,HCU0:TCA23906041001,chatcmpl-bench-7f1746b7-0-9eeec82b-9c959c99,12,12,14,0,decode,1,1,20590,20591,linear_attention,,,"[1,5120]","[1,5120]","[3,1]","[1,5120]","[1,5120]",False,False,False,,,,0,0,4308578937585797,4308578939093201,
input12_layer15,,,,20260729T050800Z-fx-89687ae2-R032,pra2026-bh408@3d036144-16-32K-row0-greedy1024,3d03614452cd0a925abc82a7686560ff80252dfa,0,rank0,HCU0:TCA23906041001,chatcmpl-bench-7f1746b7-0-9eeec82b-9c959c99,12,12,15,0,decode,1,1,20590,20591,full_attention,,,"[1,5120]","[1,5120]","[3,1]","[1,5120]","[1,5120]",False,False,False,,,,0,0,4308578940906607,4308578942827455,
input12_layer16,,,,20260729T050800Z-fx-89687ae2-R032,pra2026-bh408@3d036144-16-32K-row0-greedy1024,3d03614452cd0a925abc82a7686560ff80252dfa,0,rank0,HCU0:TCA23906041001,chatcmpl-bench-7f1746b7-0-9eeec82b-9c959c99,12,12,16,0,decode,1,1,20590,20591,linear_attention,,,"[1,5120]","[1,5120]","[3,1]","[1,5120]","[1,5120]",False,False,False,,,,0,0,4308578944740763,4308578946280267,
input12_layer17,,,,20260729T050800Z-fx-89687ae2-R032,pra2026-bh408@3d036144-16-32K-row0-greedy1024,3d03614452cd0a925abc82a7686560ff80252dfa,0,rank0,HCU0:TCA23906041001,chatcmpl-bench-7f1746b7-0-9eeec82b-9c959c99,12,12,17,0,decode,1,1,20590,20591,linear_attention,,,"[1,5120]","[1,5120]","[3,1]","[1,5120]","[1,5120]",False,False,False,,,,0,0,4308578947855612,4308578949399276,
input12_layer18,,,,20260729T050800Z-fx-89687ae2-R032,pra2026-bh408@3d036144-16-32K-row0-greedy1024,3d03614452cd0a925abc82a7686560ff80252dfa,0,rank0,HCU0:TCA23906041001,chatcmpl-bench-7f1746b7-0-9eeec82b-9c959c99,12,12,18,0,decode,1,1,20590,20591,linear_attention,,,"[1,5120]","[1,5120]","[3,1]","[1,5120]","[1,5120]",False,False,False,,,,0,0,4308578951030012,4308578952571786,
input12_layer19,,,,20260729T050800Z-fx-89687ae2-R032,pra2026-bh408@3d036144-16-32K-row0-greedy1024,3d03614452cd0a925abc82a7686560ff80252dfa,0,rank0,HCU0:TCA23906041001,chatcmpl-bench-7f1746b7-0-9eeec82b-9c959c99,12,12,19,0,decode,1,1,20590,20591,full_attention,,,"[1,5120]","[1,5120]","[3,1]","[1,5120]","[1,5120]",False,False,False,,,,0,0,4308578954343042,4308578956276670,
input12_layer20,,,,20260729T050800Z-fx-89687ae2-R032,pra2026-bh408@3d036144-16-32K-row0-greedy1024,3d03614452cd0a925abc82a7686560ff80252dfa,0,rank0,HCU0:TCA23906041001,chatcmpl-bench-7f1746b7-0-9eeec82b-9c959c99,12,12,20,0,decode,1,1,20590,20591,linear_attention,,,"[1,5120]","[1,5120]","[3,1]","[1,5120]","[1,5120]",False,False,False,,,,0,0,4308578958141448,4308578959675442,
input12_layer21,,,,20260729T050800Z-fx-89687ae2-R032,pra2026-bh408@3d036144-16-32K-row0-greedy1024,3d03614452cd0a925abc82a7686560ff80252dfa,0,rank0,HCU0:TCA23906041001,chatcmpl-bench-7f1746b7-0-9eeec82b-9c959c99,12,12,21,0,decode,1,1,20590,20591,linear_attention,,,"[1,5120]","[1,5120]","[3,1]","[1,5120]","[1,5120]",False,False,False,,,,0,0,4308578961526459,4308578963032533,
input12_layer22,,,,20260729T050800Z-fx-89687ae2-R032,pra2026-bh408@3d036144-16-32K-row0-greedy1024,3d03614452cd0a925abc82a7686560ff80252dfa,0,rank0,HCU0:TCA23906041001,chatcmpl-bench-7f1746b7-0-9eeec82b-9c959c99,12,12,22,0,decode,1,1,20590,20591,linear_attention,,,"[1,5120]","[1,5120]","[3,1]","[1,5120]","[1,5120]",False,False,False,,,,0,0,4308578964628318,4308578966143052,
input12_layer23,,,,20260729T050800Z-fx-89687ae2-R032,pra2026-bh408@3d036144-16-32K-row0-greedy1024,3d03614452cd0a925abc82a7686560ff80252dfa,0,rank0,HCU0:TCA23906041001,chatcmpl-bench-7f1746b7-0-9eeec82b-9c959c99,12,12,23,0,decode,1,1,20590,20591,full_attention,,,"[1,5120]","[1,5120]","[3,1]","[1,5120]","[1,5120]",False,False,False,,,,0,0,4308578967921319,4308578969857257,
input12_layer24,,,,20260729T050800Z-fx-89687ae2-R032,pra2026-bh408@3d036144-16-32K-row0-greedy1024,3d03614452cd0a925abc82a7686560ff80252dfa,0,rank0,HCU0:TCA23906041001,chatcmpl-bench-7f1746b7-0-9eeec82b-9c959c99,12,12,24,0,decode,1,1,20590,20591,linear_attention,,,"[1,5120]","[1,5120]","[3,1]","[1,5120]","[1,5120]",False,False,False,,,,0,0,4308578971586623,4308578973111217,
input12_layer25,,,,20260729T050800Z-fx-89687ae2-R032,pra2026-bh408@3d036144-16-32K-row0-greedy1024,3d03614452cd0a925abc82a7686560ff80252dfa,0,rank0,HCU0:TCA23906041001,chatcmpl-bench-7f1746b7-0-9eeec82b-9c959c99,12,12,25,0,decode,1,1,20590,20591,linear_attention,,,"[1,5120]","[1,5120]","[3,1]","[1,5120]","[1,5120]",False,False,False,,,,0,0,4308578974933924,4308578976466288,
input12_layer26,,,,20260729T050800Z-fx-89687ae2-R032,pra2026-bh408@3d036144-16-32K-row0-greedy1024,3d03614452cd0a925abc82a7686560ff80252dfa,0,rank0,HCU0:TCA23906041001,chatcmpl-bench-7f1746b7-0-9eeec82b-9c959c99,12,12,26,0,decode,1,1,20590,20591,linear_attention,,,"[1,5120]","[1,5120]","[3,1]","[1,5120]","[1,5120]",False,False,False,,,,0,0,4308578978393696,4308578979917430,
input12_layer27,,,,20260729T050800Z-fx-89687ae2-R032,pra2026-bh408@3d036144-16-32K-row0-greedy1024,3d03614452cd0a925abc82a7686560ff80252dfa,0,rank0,HCU0:TCA23906041001,chatcmpl-bench-7f1746b7-0-9eeec82b-9c959c99,12,12,27,0,decode,1,1,20590,20591,full_attention,,,"[1,5120]","[1,5120]","[3,1]","[1,5120]","[1,5120]",False,False,False,,,,0,0,4308578981765107,4308578983687925,
input12_layer28,,,,20260729T050800Z-fx-89687ae2-R032,pra2026-bh408@3d036144-16-32K-row0-greedy1024,3d03614452cd0a925abc82a7686560ff80252dfa,0,rank0,HCU0:TCA23906041001,chatcmpl-bench-7f1746b7-0-9eeec82b-9c959c99,12,12,28,0,decode,1,1,20590,20591,linear_attention,,,"[1,5120]","[1,5120]","[3,1]","[1,5120]","[1,5120]",False,False,False,,,,0,0,4308578985568533,4308578987094257,
input12_layer29,,,,20260729T050800Z-fx-89687ae2-R032,pra2026-bh408@3d036144-16-32K-row0-greedy1024,3d03614452cd0a925abc82a7686560ff80252dfa,0,rank0,HCU0:TCA23906041001,chatcmpl-bench-7f1746b7-0-9eeec82b-9c959c99,12,12,29,0,decode,1,1,20590,20591,linear_attention,,,"[1,5120]","[1,5120]","[3,1]","[1,5120]","[1,5120]",False,False,False,,,,0,0,4308578988879803,4308578990407738,
input12_layer30,,,,20260729T050800Z-fx-89687ae2-R032,pra2026-bh408@3d036144-16-32K-row0-greedy1024,3d03614452cd0a925abc82a7686560ff80252dfa,0,rank0,HCU0:TCA23906041001,chatcmpl-bench-7f1746b7-0-9eeec82b-9c959c99,12,12,30,0,decode,1,1,20590,20591,linear_attention,,,"[1,5120]","[1,5120]","[3,1]","[1,5120]","[1,5120]",False,False,False,,,,0,0,4308578992235615,4308578993750769,
input12_layer31,,,,20260729T050800Z-fx-89687ae2-R032,pra2026-bh408@3d036144-16-32K-row0-greedy1024,3d03614452cd0a925abc82a7686560ff80252dfa,0,rank0,HCU0:TCA23906041001,chatcmpl-bench-7f1746b7-0-9eeec82b-9c959c99,12,12,31,0,decode,1,1,20590,20591,full_attention,,,"[1,5120]","[1,5120]","[3,1]","[1,5120]","[1,5120]",False,False,False,,,,0,0,4308578995684307,4308578997606244,
input12_layer32,,,,20260729T050800Z-fx-89687ae2-R032,pra2026-bh408@3d036144-16-32K-row0-greedy1024,3d03614452cd0a925abc82a7686560ff80252dfa,0,rank0,HCU0:TCA23906041001,chatcmpl-bench-7f1746b7-0-9eeec82b-9c959c99,12,12,32,0,decode,1,1,20590,20591,linear_attention,,,"[1,5120]","[1,5120]","[3,1]","[1,5120]","[1,5120]",False,False,False,,,,0,0,4308578999417961,4308579000936995,
input12_layer33,,,,20260729T050800Z-fx-89687ae2-R032,pra2026-bh408@3d036144-16-32K-row0-greedy1024,3d03614452cd0a925abc82a7686560ff80252dfa,0,rank0,HCU0:TCA23906041001,chatcmpl-bench-7f1746b7-0-9eeec82b-9c959c99,12,12,33,0,decode,1,1,20590,20591,linear_attention,,,"[1,5120]","[1,5120]","[3,1]","[1,5120]","[1,5120]",False,False,False,,,,0,0,4308579002920074,4308579004456018,
input12_layer34,,,,20260729T050800Z-fx-89687ae2-R032,pra2026-bh408@3d036144-16-32K-row0-greedy1024,3d03614452cd0a925abc82a7686560ff80252dfa,0,rank0,HCU0:TCA23906041001,chatcmpl-bench-7f1746b7-0-9eeec82b-9c959c99,12,12,34,0,decode,1,1,20590,20591,linear_attention,,,"[1,5120]","[1,5120]","[3,1]","[1,5120]","[1,5120]",False,False,False,,,,0,0,4308579006188894,4308579007724959,
input12_layer35,,,,20260729T050800Z-fx-89687ae2-R032,pra2026-bh408@3d036144-16-32K-row0-greedy1024,3d03614452cd0a925abc82a7686560ff80252dfa,0,rank0,HCU0:TCA23906041001,chatcmpl-bench-7f1746b7-0-9eeec82b-9c959c99,12,12,35,0,decode,1,1,20590,20591,full_attention,,,"[1,5120]","[1,5120]","[3,1]","[1,5120]","[1,5120]",False,False,False,,,,0,0,4308579009443325,4308579011360752,
input12_layer36,,,,20260729T050800Z-fx-89687ae2-R032,pra2026-bh408@3d036144-16-32K-row0-greedy1024,3d03614452cd0a925abc82a7686560ff80252dfa,0,rank0,HCU0:TCA23906041001,chatcmpl-bench-7f1746b7-0-9eeec82b-9c959c99,12,12,36,0,decode,1,1,20590,20591,linear_attention,,,"[1,5120]","[1,5120]","[3,1]","[1,5120]","[1,5120]",False,False,False,,,,0,0,4308579013331991,4308579014845655,
input12_layer37,,,,20260729T050800Z-fx-89687ae2-R032,pra2026-bh408@3d036144-16-32K-row0-greedy1024,3d03614452cd0a925abc82a7686560ff80252dfa,0,rank0,HCU0:TCA23906041001,chatcmpl-bench-7f1746b7-0-9eeec82b-9c959c99,12,12,37,0,decode,1,1,20590,20591,linear_attention,,,"[1,5120]","[1,5120]","[3,1]","[1,5120]","[1,5120]",False,False,False,,,,0,0,4308579016602561,4308579018126095,
input12_layer38,,,,20260729T050800Z-fx-89687ae2-R032,pra2026-bh408@3d036144-16-32K-row0-greedy1024,3d03614452cd0a925abc82a7686560ff80252dfa,0,rank0,HCU0:TCA23906041001,chatcmpl-bench-7f1746b7-0-9eeec82b-9c959c99,12,12,38,0,decode,1,1,20590,20591,linear_attention,,,"[1,5120]","[1,5120]","[3,1]","[1,5120]","[1,5120]",False,False,False,,,,0,0,4308579019901192,4308579021439406,
input12_layer39,,,,20260729T050800Z-fx-89687ae2-R032,pra2026-bh408@3d036144-16-32K-row0-greedy1024,3d03614452cd0a925abc82a7686560ff80252dfa,0,rank0,HCU0:TCA23906041001,chatcmpl-bench-7f1746b7-0-9eeec82b-9c959c99,12,12,39,0,decode,1,1,20590,20591,full_attention,,,"[1,5120]","[1,5120]","[3,1]","[1,5120]","[1,5120]",False,False,False,,,,0,0,4308579023276783,4308579025201901,
input12_layer40,,,,20260729T050800Z-fx-89687ae2-R032,pra2026-bh408@3d036144-16-32K-row0-greedy1024,3d03614452cd0a925abc82a7686560ff80252dfa,0,rank0,HCU0:TCA23906041001,chatcmpl-bench-7f1746b7-0-9eeec82b-9c959c99,12,12,40,0,decode,1,1,20590,20591,linear_attention,,,"[1,5120]","[1,5120]","[3,1]","[1,5120]","[1,5120]",False,False,False,,,,0,0,4308579027152759,4308579028688403,
input12_layer41,,,,20260729T050800Z-fx-89687ae2-R032,pra2026-bh408@3d036144-16-32K-row0-greedy1024,3d03614452cd0a925abc82a7686560ff80252dfa,0,rank0,HCU0:TCA23906041001,chatcmpl-bench-7f1746b7-0-9eeec82b-9c959c99,12,12,41,0,decode,1,1,20590,20591,linear_attention,,,"[1,5120]","[1,5120]","[3,1]","[1,5120]","[1,5120]",False,False,False,,,,0,0,4308579030502250,4308579032014174,
input12_layer42,,,,20260729T050800Z-fx-89687ae2-R032,pra2026-bh408@3d036144-16-32K-row0-greedy1024,3d03614452cd0a925abc82a7686560ff80252dfa,0,rank0,HCU0:TCA23906041001,chatcmpl-bench-7f1746b7-0-9eeec82b-9c959c99,12,12,42,0,decode,1,1,20590,20591,linear_attention,,,"[1,5120]","[1,5120]","[3,1]","[1,5120]","[1,5120]",False,False,False,,,,0,0,4308579033707160,4308579035235394,
input12_layer43,,,,20260729T050800Z-fx-89687ae2-R032,pra2026-bh408@3d036144-16-32K-row0-greedy1024,3d03614452cd0a925abc82a7686560ff80252dfa,0,rank0,HCU0:TCA23906041001,chatcmpl-bench-7f1746b7-0-9eeec82b-9c959c99,12,12,43,0,decode,1,1,20590,20591,full_attention,,,"[1,5120]","[1,5120]","[3,1]","[1,5120]","[1,5120]",False,False,False,,,,0,0,4308579036958380,4308579039036600,
input12_layer44,,,,20260729T050800Z-fx-89687ae2-R032,pra2026-bh408@3d036144-16-32K-row0-greedy1024,3d03614452cd0a925abc82a7686560ff80252dfa,0,rank0,HCU0:TCA23906041001,chatcmpl-bench-7f1746b7-0-9eeec82b-9c959c99,12,12,44,0,decode,1,1,20590,20591,linear_attention,,,"[1,5120]","[1,5120]","[3,1]","[1,5120]","[1,5120]",False,False,False,,,,0,0,4308579040984278,4308579042524822,
input12_layer45,,,,20260729T050800Z-fx-89687ae2-R032,pra2026-bh408@3d036144-16-32K-row0-greedy1024,3d03614452cd0a925abc82a7686560ff80252dfa,0,rank0,HCU0:TCA23906041001,chatcmpl-bench-7f1746b7-0-9eeec82b-9c959c99,12,12,45,0,decode,1,1,20590,20591,linear_attention,,,"[1,5120]","[1,5120]","[3,1]","[1,5120]","[1,5120]",False,False,False,,,,0,0,4308579044249338,4308579045767032,
input12_layer46,,,,20260729T050800Z-fx-89687ae2-R032,pra2026-bh408@3d036144-16-32K-row0-greedy1024,3d03614452cd0a925abc82a7686560ff80252dfa,0,rank0,HCU0:TCA23906041001,chatcmpl-bench-7f1746b7-0-9eeec82b-9c959c99,12,12,46,0,decode,1,1,20590,20591,linear_attention,,,"[1,5120]","[1,5120]","[3,1]","[1,5120]","[1,5120]",False,False,False,,,,0,0,4308579047629550,4308579049148384,
input12_layer47,,,,20260729T050800Z-fx-89687ae2-R032,pra2026-bh408@3d036144-16-32K-row0-greedy1024,3d03614452cd0a925abc82a7686560ff80252dfa,0,rank0,HCU0:TCA23906041001,chatcmpl-bench-7f1746b7-0-9eeec82b-9c959c99,12,12,47,0,decode,1,1,20590,20591,full_attention,,,"[1,5120]","[1,5120]","[3,1]","[1,5120]","[1,5120]",False,False,False,,,,0,0,4308579050868590,4308579052788808,
input12_layer48,,,,20260729T050800Z-fx-89687ae2-R032,pra2026-bh408@3d036144-16-32K-row0-greedy1024,3d03614452cd0a925abc82a7686560ff80252dfa,0,rank0,HCU0:TCA23906041001,chatcmpl-bench-7f1746b7-0-9eeec82b-9c959c99,12,12,48,0,decode,1,1,20590,20591,linear_attention,,,"[1,5120]","[1,5120]","[3,1]","[1,5120]","[1,5120]",False,False,False,,,,0,0,4308579054584164,4308579056100998,
input12_layer49,,,,20260729T050800Z-fx-89687ae2-R032,pra2026-bh408@3d036144-16-32K-row0-greedy1024,3d03614452cd0a925abc82a7686560ff80252dfa,0,rank0,HCU0:TCA23906041001,chatcmpl-bench-7f1746b7-0-9eeec82b-9c959c99,12,12,49,0,decode,1,1,20590,20591,linear_attention,,,"[1,5120]","[1,5120]","[3,1]","[1,5120]","[1,5120]",False,False,False,,,,0,0,4308579057903405,4308579059420509,
input12_layer50,,,,20260729T050800Z-fx-89687ae2-R032,pra2026-bh408@3d036144-16-32K-row0-greedy1024,3d03614452cd0a925abc82a7686560ff80252dfa,0,rank0,HCU0:TCA23906041001,chatcmpl-bench-7f1746b7-0-9eeec82b-9c959c99,12,12,50,0,decode,1,1,20590,20591,linear_attention,,,"[1,5120]","[1,5120]","[3,1]","[1,5120]","[1,5120]",False,False,False,,,,0,0,4308579061352167,4308579062851341,
input12_layer51,,,,20260729T050800Z-fx-89687ae2-R032,pra2026-bh408@3d036144-16-32K-row0-greedy1024,3d03614452cd0a925abc82a7686560ff80252dfa,0,rank0,HCU0:TCA23906041001,chatcmpl-bench-7f1746b7-0-9eeec82b-9c959c99,12,12,51,0,decode,1,1,20590,20591,full_attention,,,"[1,5120]","[1,5120]","[3,1]","[1,5120]","[1,5120]",False,False,False,,,,0,0,4308579064770349,4308579066702627,
input12_layer52,,,,20260729T050800Z-fx-89687ae2-R032,pra2026-bh408@3d036144-16-32K-row0-greedy1024,3d03614452cd0a925abc82a7686560ff80252dfa,0,rank0,HCU0:TCA23906041001,chatcmpl-bench-7f1746b7-0-9eeec82b-9c959c99,12,12,52,0,decode,1,1,20590,20591,linear_attention,,,"[1,5120]","[1,5120]","[3,1]","[1,5120]","[1,5120]",False,False,False,,,,0,0,4308579068676905,4308579070222060,
input12_layer53,,,,20260729T050800Z-fx-89687ae2-R032,pra2026-bh408@3d036144-16-32K-row0-greedy1024,3d03614452cd0a925abc82a7686560ff80252dfa,0,rank0,HCU0:TCA23906041001,chatcmpl-bench-7f1746b7-0-9eeec82b-9c959c99,12,12,53,0,decode,1,1,20590,20591,linear_attention,,,"[1,5120]","[1,5120]","[3,1]","[1,5120]","[1,5120]",False,False,False,,,,0,0,4308579071946596,4308579073482360,
input12_layer54,,,,20260729T050800Z-fx-89687ae2-R032,pra2026-bh408@3d036144-16-32K-row0-greedy1024,3d03614452cd0a925abc82a7686560ff80252dfa,0,rank0,HCU0:TCA23906041001,chatcmpl-bench-7f1746b7-0-9eeec82b-9c959c99,12,12,54,0,decode,1,1,20590,20591,linear_attention,,,"[1,5120]","[1,5120]","[3,1]","[1,5120]","[1,5120]",False,False,False,,,,0,0,4308579075254306,4308579076766400,
input12_layer55,,,,20260729T050800Z-fx-89687ae2-R032,pra2026-bh408@3d036144-16-32K-row0-greedy1024,3d03614452cd0a925abc82a7686560ff80252dfa,0,rank0,HCU0:TCA23906041001,chatcmpl-bench-7f1746b7-0-9eeec82b-9c959c99,12,12,55,0,decode,1,1,20590,20591,full_attention,,,"[1,5120]","[1,5120]","[3,1]","[1,5120]","[1,5120]",False,False,False,,,,0,0,4308579078608928,4308579080530875,
input12_layer56,,,,20260729T050800Z-fx-89687ae2-R032,pra2026-bh408@3d036144-16-32K-row0-greedy1024,3d03614452cd0a925abc82a7686560ff80252dfa,0,rank0,HCU0:TCA23906041001,chatcmpl-bench-7f1746b7-0-9eeec82b-9c959c99,12,12,56,0,decode,1,1,20590,20591,linear_attention,,,"[1,5120]","[1,5120]","[3,1]","[1,5120]","[1,5120]",False,False,False,,,,0,0,4308579082273132,4308579083796276,
input12_layer57,,,,20260729T050800Z-fx-89687ae2-R032,pra2026-bh408@3d036144-16-32K-row0-greedy1024,3d03614452cd0a925abc82a7686560ff80252dfa,0,rank0,HCU0:TCA23906041001,chatcmpl-bench-7f1746b7-0-9eeec82b-9c959c99,12,12,57,0,decode,1,1,20590,20591,linear_attention,,,"[1,5120]","[1,5120]","[3,1]","[1,5120]","[1,5120]",False,False,False,,,,0,0,4308579085579952,4308579087091137,
input12_layer58,,,,20260729T050800Z-fx-89687ae2-R032,pra2026-bh408@3d036144-16-32K-row0-greedy1024,3d03614452cd0a925abc82a7686560ff80252dfa,0,rank0,HCU0:TCA23906041001,chatcmpl-bench-7f1746b7-0-9eeec82b-9c959c99,12,12,58,0,decode,1,1,20590,20591,linear_attention,,,"[1,5120]","[1,5120]","[3,1]","[1,5120]","[1,5120]",False,False,False,,,,0,0,4308579088679411,4308579090217396,
input12_layer59,,,,20260729T050800Z-fx-89687ae2-R032,pra2026-bh408@3d036144-16-32K-row0-greedy1024,3d03614452cd0a925abc82a7686560ff80252dfa,0,rank0,HCU0:TCA23906041001,chatcmpl-bench-7f1746b7-0-9eeec82b-9c959c99,12,12,59,0,decode,1,1,20590,20591,full_attention,,,"[1,5120]","[1,5120]","[3,1]","[1,5120]","[1,5120]",False,False,False,,,,0,0,4308579091891001,4308579093814089,
input12_layer60,,,,20260729T050800Z-fx-89687ae2-R032,pra2026-bh408@3d036144-16-32K-row0-greedy1024,3d03614452cd0a925abc82a7686560ff80252dfa,0,rank0,HCU0:TCA23906041001,chatcmpl-bench-7f1746b7-0-9eeec82b-9c959c99,12,12,60,0,decode,1,1,20590,20591,linear_attention,,,"[1,5120]","[1,5120]","[3,1]","[1,5120]","[1,5120]",False,False,False,,,,0,0,4308579095829878,4308579097360352,
input12_layer61,,,,20260729T050800Z-fx-89687ae2-R032,pra2026-bh408@3d036144-16-32K-row0-greedy1024,3d03614452cd0a925abc82a7686560ff80252dfa,0,rank0,HCU0:TCA23906041001,chatcmpl-bench-7f1746b7-0-9eeec82b-9c959c99,12,12,61,0,decode,1,1,20590,20591,linear_attention,,,"[1,5120]","[1,5120]","[3,1]","[1,5120]","[1,5120]",False,False,False,,,,0,0,4308579099121498,4308579100648043,
input12_layer62,,,,20260729T050800Z-fx-89687ae2-R032,pra2026-bh408@3d036144-16-32K-row0-greedy1024,3d03614452cd0a925abc82a7686560ff80252dfa,0,rank0,HCU0:TCA23906041001,chatcmpl-bench-7f1746b7-0-9eeec82b-9c959c99,12,12,62,0,decode,1,1,20590,20591,linear_attention,,,"[1,5120]","[1,5120]","[3,1]","[1,5120]","[1,5120]",False,False,False,,,,0,0,4308579102610921,4308579104115275,
input12_layer63,,,,20260729T050800Z-fx-89687ae2-R032,pra2026-bh408@3d036144-16-32K-row0-greedy1024,3d03614452cd0a925abc82a7686560ff80252dfa,0,rank0,HCU0:TCA23906041001,chatcmpl-bench-7f1746b7-0-9eeec82b-9c959c99,12,12,63,0,decode,1,1,20590,20591,full_attention,,,"[1,5120]","[1,5120]","[3,1]","[1,5120]","[1,5120]",False,False,False,,,,0,0,4308579105895361,4308579107824079,
input13_layer0,,,,20260729T050800Z-fx-89687ae2-R032,pra2026-bh408@3d036144-16-32K-row0-greedy1024,3d03614452cd0a925abc82a7686560ff80252dfa,0,rank0,HCU0:TCA23906041001,chatcmpl-bench-7f1746b7-0-9eeec82b-9c959c99,13,13,0,0,decode,1,1,20591,20592,linear_attention,,,"[1,5120]",null,"[3,1]","[1,5120]","[1,5120]",False,False,False,,,,0,0,4308579113202279,4308579114886775,
input13_layer1,,,,20260729T050800Z-fx-89687ae2-R032,pra2026-bh408@3d036144-16-32K-row0-greedy1024,3d03614452cd0a925abc82a7686560ff80252dfa,0,rank0,HCU0:TCA23906041001,chatcmpl-bench-7f1746b7-0-9eeec82b-9c959c99,13,13,1,0,decode,1,1,20591,20592,linear_attention,,,"[1,5120]","[1,5120]","[3,1]","[1,5120]","[1,5120]",False,False,False,,,,0,0,4308579116935594,4308579118498898,
input13_layer2,,,,20260729T050800Z-fx-89687ae2-R032,pra2026-bh408@3d036144-16-32K-row0-greedy1024,3d03614452cd0a925abc82a7686560ff80252dfa,0,rank0,HCU0:TCA23906041001,chatcmpl-bench-7f1746b7-0-9eeec82b-9c959c99,13,13,2,0,decode,1,1,20591,20592,linear_attention,,,"[1,5120]","[1,5120]","[3,1]","[1,5120]","[1,5120]",False,False,False,,,,0,0,4308579120528867,4308579122040151,
input13_layer3,,,,20260729T050800Z-fx-89687ae2-R032,pra2026-bh408@3d036144-16-32K-row0-greedy1024,3d03614452cd0a925abc82a7686560ff80252dfa,0,rank0,HCU0:TCA23906041001,chatcmpl-bench-7f1746b7-0-9eeec82b-9c959c99,13,13,3,0,decode,1,1,20591,20592,full_attention,,,"[1,5120]","[1,5120]","[3,1]","[1,5120]","[1,5120]",False,False,False,,,,0,0,4308579124100771,4308579126082299,
input13_layer4,,,,20260729T050800Z-fx-89687ae2-R032,pra2026-bh408@3d036144-16-32K-row0-greedy1024,3d03614452cd0a925abc82a7686560ff80252dfa,0,rank0,HCU0:TCA23906041001,chatcmpl-bench-7f1746b7-0-9eeec82b-9c959c99,13,13,4,0,decode,1,1,20591,20592,linear_attention,,,"[1,5120]","[1,5120]","[3,1]","[1,5120]","[1,5120]",False,False,False,,,,0,0,4308579128312140,4308579129830424,
input13_layer5,,,,20260729T050800Z-fx-89687ae2-R032,pra2026-bh408@3d036144-16-32K-row0-greedy1024,3d03614452cd0a925abc82a7686560ff80252dfa,0,rank0,HCU0:TCA23906041001,chatcmpl-bench-7f1746b7-0-9eeec82b-9c959c99,13,13,5,0,decode,1,1,20591,20592,linear_attention,,,"[1,5120]","[1,5120]","[3,1]","[1,5120]","[1,5120]",False,False,False,,,,0,0,4308579131950594,4308579133477058,
input13_layer6,,,,20260729T050800Z-fx-89687ae2-R032,pra2026-bh408@3d036144-16-32K-row0-greedy1024,3d03614452cd0a925abc82a7686560ff80252dfa,0,rank0,HCU0:TCA23906041001,chatcmpl-bench-7f1746b7-0-9eeec82b-9c959c99,13,13,6,0,decode,1,1,20591,20592,linear_attention,,,"[1,5120]","[1,5120]","[3,1]","[1,5120]","[1,5120]",False,False,False,,,,0,0,4308579135042032,4308579136575617,
input13_layer7,,,,20260729T050800Z-fx-89687ae2-R032,pra2026-bh408@3d036144-16-32K-row0-greedy1024,3d03614452cd0a925abc82a7686560ff80252dfa,0,rank0,HCU0:TCA23906041001,chatcmpl-bench-7f1746b7-0-9eeec82b-9c959c99,13,13,7,0,decode,1,1,20591,20592,full_attention,,,"[1,5120]","[1,5120]","[3,1]","[1,5120]","[1,5120]",False,False,False,,,,0,0,4308579138468594,4308579140407672,
input13_layer8,,,,20260729T050800Z-fx-89687ae2-R032,pra2026-bh408@3d036144-16-32K-row0-greedy1024,3d03614452cd0a925abc82a7686560ff80252dfa,0,rank0,HCU0:TCA23906041001,chatcmpl-bench-7f1746b7-0-9eeec82b-9c959c99,13,13,8,0,decode,1,1,20591,20592,linear_attention,,,"[1,5120]","[1,5120]","[3,1]","[1,5120]","[1,5120]",False,False,False,,,,0,0,4308579142111798,4308579143655282,
input13_layer9,,,,20260729T050800Z-fx-89687ae2-R032,pra2026-bh408@3d036144-16-32K-row0-greedy1024,3d03614452cd0a925abc82a7686560ff80252dfa,0,rank0,HCU0:TCA23906041001,chatcmpl-bench-7f1746b7-0-9eeec82b-9c959c99,13,13,9,0,decode,1,1,20591,20592,linear_attention,,,"[1,5120]","[1,5120]","[3,1]","[1,5120]","[1,5120]",False,False,False,,,,0,0,4308579145666421,4308579147203515,
input13_layer10,,,,20260729T050800Z-fx-89687ae2-R032,pra2026-bh408@3d036144-16-32K-row0-greedy1024,3d03614452cd0a925abc82a7686560ff80252dfa,0,rank0,HCU0:TCA23906041001,chatcmpl-bench-7f1746b7-0-9eeec82b-9c959c99,13,13,10,0,decode,1,1,20591,20592,linear_attention,,,"[1,5120]","[1,5120]","[3,1]","[1,5120]","[1,5120]",False,False,False,,,,0,0,4308579149170964,4308579150690668,
input13_layer11,,,,20260729T050800Z-fx-89687ae2-R032,pra2026-bh408@3d036144-16-32K-row0-greedy1024,3d03614452cd0a925abc82a7686560ff80252dfa,0,rank0,HCU0:TCA23906041001,chatcmpl-bench-7f1746b7-0-9eeec82b-9c959c99,13,13,11,0,decode,1,1,20591,20592,full_attention,,,"[1,5120]","[1,5120]","[3,1]","[1,5120]","[1,5120]",False,False,False,,,,0,0,4308579152641416,4308579154564454,
input13_layer12,,,,20260729T050800Z-fx-89687ae2-R032,pra2026-bh408@3d036144-16-32K-row0-greedy1024,3d03614452cd0a925abc82a7686560ff80252dfa,0,rank0,HCU0:TCA23906041001,chatcmpl-bench-7f1746b7-0-9eeec82b-9c959c99,13,13,12,0,decode,1,1,20591,20592,linear_attention,,,"[1,5120]","[1,5120]","[3,1]","[1,5120]","[1,5120]",False,False,False,,,,0,0,4308579156900176,4308579158443320,
input13_layer13,,,,20260729T050800Z-fx-89687ae2-R032,pra2026-bh408@3d036144-16-32K-row0-greedy1024,3d03614452cd0a925abc82a7686560ff80252dfa,0,rank0,HCU0:TCA23906041001,chatcmpl-bench-7f1746b7-0-9eeec82b-9c959c99,13,13,13,0,decode,1,1,20591,20592,linear_attention,,,"[1,5120]","[1,5120]","[3,1]","[1,5120]","[1,5120]",False,False,False,,,,0,0,4308579160547909,4308579162083454,
input13_layer14,,,,20260729T050800Z-fx-89687ae2-R032,pra2026-bh408@3d036144-16-32K-row0-greedy1024,3d03614452cd0a925abc82a7686560ff80252dfa,0,rank0,HCU0:TCA23906041001,chatcmpl-bench-7f1746b7-0-9eeec82b-9c959c99,13,13,14,0,decode,1,1,20591,20592,linear_attention,,,"[1,5120]","[1,5120]","[3,1]","[1,5120]","[1,5120]",False,False,False,,,,0,0,4308579163914581,4308579165437185,
input13_layer15,,,,20260729T050800Z-fx-89687ae2-R032,pra2026-bh408@3d036144-16-32K-row0-greedy1024,3d03614452cd0a925abc82a7686560ff80252dfa,0,rank0,HCU0:TCA23906041001,chatcmpl-bench-7f1746b7-0-9eeec82b-9c959c99,13,13,15,0,decode,1,1,20591,20592,full_attention,,,"[1,5120]","[1,5120]","[3,1]","[1,5120]","[1,5120]",False,False,False,,,,0,0,4308579167789247,4308579169701414,
input13_layer16,,,,20260729T050800Z-fx-89687ae2-R032,pra2026-bh408@3d036144-16-32K-row0-greedy1024,3d03614452cd0a925abc82a7686560ff80252dfa,0,rank0,HCU0:TCA23906041001,chatcmpl-bench-7f1746b7-0-9eeec82b-9c959c99,13,13,16,0,decode,1,1,20591,20592,linear_attention,,,"[1,5120]","[1,5120]","[3,1]","[1,5120]","[1,5120]",False,False,False,,,,0,0,4308579171315860,4308579172846034,
input13_layer17,,,,20260729T050800Z-fx-89687ae2-R032,pra2026-bh408@3d036144-16-32K-row0-greedy1024,3d03614452cd0a925abc82a7686560ff80252dfa,0,rank0,HCU0:TCA23906041001,chatcmpl-bench-7f1746b7-0-9eeec82b-9c959c99,13,13,17,0,decode,1,1,20591,20592,linear_attention,,,"[1,5120]","[1,5120]","[3,1]","[1,5120]","[1,5120]",False,False,False,,,,0,0,4308579174567340,4308579176084524,
input13_layer18,,,,20260729T050800Z-fx-89687ae2-R032,pra2026-bh408@3d036144-16-32K-row0-greedy1024,3d03614452cd0a925abc82a7686560ff80252dfa,0,rank0,HCU0:TCA23906041001,chatcmpl-bench-7f1746b7-0-9eeec82b-9c959c99,13,13,18,0,decode,1,1,20591,20592,linear_attention,,,"[1,5120]","[1,5120]","[3,1]","[1,5120]","[1,5120]",False,False,False,,,,0,0,4308579177625008,4308579179145692,
input13_layer19,,,,20260729T050800Z-fx-89687ae2-R032,pra2026-bh408@3d036144-16-32K-row0-greedy1024,3d03614452cd0a925abc82a7686560ff80252dfa,0,rank0,HCU0:TCA23906041001,chatcmpl-bench-7f1746b7-0-9eeec82b-9c959c99,13,13,19,0,decode,1,1,20591,20592,full_attention,,,"[1,5120]","[1,5120]","[3,1]","[1,5120]","[1,5120]",False,False,False,,,,0,0,4308579180869558,4308579182804176,
input13_layer20,,,,20260729T050800Z-fx-89687ae2-R032,pra2026-bh408@3d036144-16-32K-row0-greedy1024,3d03614452cd0a925abc82a7686560ff80252dfa,0,rank0,HCU0:TCA23906041001,chatcmpl-bench-7f1746b7-0-9eeec82b-9c959c99,13,13,20,0,decode,1,1,20591,20592,linear_attention,,,"[1,5120]","[1,5120]","[3,1]","[1,5120]","[1,5120]",False,False,False,,,,0,0,4308579184557143,4308579186087597,
input13_layer21,,,,20260729T050800Z-fx-89687ae2-R032,pra2026-bh408@3d036144-16-32K-row0-greedy1024,3d03614452cd0a925abc82a7686560ff80252dfa,0,rank0,HCU0:TCA23906041001,chatcmpl-bench-7f1746b7-0-9eeec82b-9c959c99,13,13,21,0,decode,1,1,20591,20592,linear_attention,,,"[1,5120]","[1,5120]","[3,1]","[1,5120]","[1,5120]",False,False,False,,,,0,0,4308579187867483,4308579189394488,
input13_layer22,,,,20260729T050800Z-fx-89687ae2-R032,pra2026-bh408@3d036144-16-32K-row0-greedy1024,3d03614452cd0a925abc82a7686560ff80252dfa,0,rank0,HCU0:TCA23906041001,chatcmpl-bench-7f1746b7-0-9eeec82b-9c959c99,13,13,22,0,decode,1,1,20591,20592,linear_attention,,,"[1,5120]","[1,5120]","[3,1]","[1,5120]","[1,5120]",False,False,False,,,,0,0,4308579190955232,4308579192482296,
input13_layer23,,,,20260729T050800Z-fx-89687ae2-R032,pra2026-bh408@3d036144-16-32K-row0-greedy1024,3d03614452cd0a925abc82a7686560ff80252dfa,0,rank0,HCU0:TCA23906041001,chatcmpl-bench-7f1746b7-0-9eeec82b-9c959c99,13,13,23,0,decode,1,1,20591,20592,full_attention,,,"[1,5120]","[1,5120]","[3,1]","[1,5120]","[1,5120]",False,False,False,,,,0,0,4308579194201002,4308579196120210,
input13_layer24,,,,20260729T050800Z-fx-89687ae2-R032,pra2026-bh408@3d036144-16-32K-row0-greedy1024,3d03614452cd0a925abc82a7686560ff80252dfa,0,rank0,HCU0:TCA23906041001,chatcmpl-bench-7f1746b7-0-9eeec82b-9c959c99,13,13,24,0,decode,1,1,20591,20592,linear_attention,,,"[1,5120]","[1,5120]","[3,1]","[1,5120]","[1,5120]",False,False,False,,,,0,0,4308579197779256,4308579199315250,
input13_layer25,,,,20260729T050800Z-fx-89687ae2-R032,pra2026-bh408@3d036144-16-32K-row0-greedy1024,3d03614452cd0a925abc82a7686560ff80252dfa,0,rank0,HCU0:TCA23906041001,chatcmpl-bench-7f1746b7-0-9eeec82b-9c959c99,13,13,25,0,decode,1,1,20591,20592,linear_attention,,,"[1,5120]","[1,5120]","[3,1]","[1,5120]","[1,5120]",False,False,False,,,,0,0,4308579201281128,4308579202788062,
input13_layer26,,,,20260729T050800Z-fx-89687ae2-R032,pra2026-bh408@3d036144-16-32K-row0-greedy1024,3d03614452cd0a925abc82a7686560ff80252dfa,0,rank0,HCU0:TCA23906041001,chatcmpl-bench-7f1746b7-0-9eeec82b-9c959c99,13,13,26,0,decode,1,1,20591,20592,linear_attention,,,"[1,5120]","[1,5120]","[3,1]","[1,5120]","[1,5120]",False,False,False,,,,0,0,4308579204369297,4308579205881771,
input13_layer27,,,,20260729T050800Z-fx-89687ae2-R032,pra2026-bh408@3d036144-16-32K-row0-greedy1024,3d03614452cd0a925abc82a7686560ff80252dfa,0,rank0,HCU0:TCA23906041001,chatcmpl-bench-7f1746b7-0-9eeec82b-9c959c99,13,13,27,0,decode,1,1,20591,20592,full_attention,,,"[1,5120]","[1,5120]","[3,1]","[1,5120]","[1,5120]",False,False,False,,,,0,0,4308579207556966,4308579209481254,
input13_layer28,,,,20260729T050800Z-fx-89687ae2-R032,pra2026-bh408@3d036144-16-32K-row0-greedy1024,3d03614452cd0a925abc82a7686560ff80252dfa,0,rank0,HCU0:TCA23906041001,chatcmpl-bench-7f1746b7-0-9eeec82b-9c959c99,13,13,28,0,decode,1,1,20591,20592,linear_attention,,,"[1,5120]","[1,5120]","[3,1]","[1,5120]","[1,5120]",False,False,False,,,,0,0,4308579211361302,4308579212899116,
input13_layer29,,,,20260729T050800Z-fx-89687ae2-R032,pra2026-bh408@3d036144-16-32K-row0-greedy1024,3d03614452cd0a925abc82a7686560ff80252dfa,0,rank0,HCU0:TCA23906041001,chatcmpl-bench-7f1746b7-0-9eeec82b-9c959c99,13,13,29,0,decode,1,1,20591,20592,linear_attention,,,"[1,5120]","[1,5120]","[3,1]","[1,5120]","[1,5120]",False,False,False,,,,0,0,4308579214819494,4308579216359738,
input13_layer30,,,,20260729T050800Z-fx-89687ae2-R032,pra2026-bh408@3d036144-16-32K-row0-greedy1024,3d03614452cd0a925abc82a7686560ff80252dfa,0,rank0,HCU0:TCA23906041001,chatcmpl-bench-7f1746b7-0-9eeec82b-9c959c99,13,13,30,0,decode,1,1,20591,20592,linear_attention,,,"[1,5120]","[1,5120]","[3,1]","[1,5120]","[1,5120]",False,False,False,,,,0,0,4308579217893383,4308579219426637,
input13_layer31,,,,20260729T050800Z-fx-89687ae2-R032,pra2026-bh408@3d036144-16-32K-row0-greedy1024,3d03614452cd0a925abc82a7686560ff80252dfa,0,rank0,HCU0:TCA23906041001,chatcmpl-bench-7f1746b7-0-9eeec82b-9c959c99,13,13,31,0,decode,1,1,20591,20592,full_attention,,,"[1,5120]","[1,5120]","[3,1]","[1,5120]","[1,5120]",False,False,False,,,,0,0,4308579221140103,4308579223056471,
input13_layer32,,,,20260729T050800Z-fx-89687ae2-R032,pra2026-bh408@3d036144-16-32K-row0-greedy1024,3d03614452cd0a925abc82a7686560ff80252dfa,0,rank0,HCU0:TCA23906041001,chatcmpl-bench-7f1746b7-0-9eeec82b-9c959c99,13,13,32,0,decode,1,1,20591,20592,linear_attention,,,"[1,5120]","[1,5120]","[3,1]","[1,5120]","[1,5120]",False,False,False,,,,0,0,4308579224578295,4308579226115149,
input13_layer33,,,,20260729T050800Z-fx-89687ae2-R032,pra2026-bh408@3d036144-16-32K-row0-greedy1024,3d03614452cd0a925abc82a7686560ff80252dfa,0,rank0,HCU0:TCA23906041001,chatcmpl-bench-7f1746b7-0-9eeec82b-9c959c99,13,13,33,0,decode,1,1,20591,20592,linear_attention,,,"[1,5120]","[1,5120]","[3,1]","[1,5120]","[1,5120]",False,False,False,,,,0,0,4308579228069657,4308579229598251,
input13_layer34,,,,20260729T050800Z-fx-89687ae2-R032,pra2026-bh408@3d036144-16-32K-row0-greedy1024,3d03614452cd0a925abc82a7686560ff80252dfa,0,rank0,HCU0:TCA23906041001,chatcmpl-bench-7f1746b7-0-9eeec82b-9c959c99,13,13,34,0,decode,1,1,20591,20592,linear_attention,,,"[1,5120]","[1,5120]","[3,1]","[1,5120]","[1,5120]",False,False,False,,,,0,0,4308579231313227,4308579232822771,
input13_layer35,,,,20260729T050800Z-fx-89687ae2-R032,pra2026-bh408@3d036144-16-32K-row0-greedy1024,3d03614452cd0a925abc82a7686560ff80252dfa,0,rank0,HCU0:TCA23906041001,chatcmpl-bench-7f1746b7-0-9eeec82b-9c959c99,13,13,35,0,decode,1,1,20591,20592,full_attention,,,"[1,5120]","[1,5120]","[3,1]","[1,5120]","[1,5120]",False,False,False,,,,0,0,4308579234750409,4308579236682767,
input13_layer36,,,,20260729T050800Z-fx-89687ae2-R032,pra2026-bh408@3d036144-16-32K-row0-greedy1024,3d03614452cd0a925abc82a7686560ff80252dfa,0,rank0,HCU0:TCA23906041001,chatcmpl-bench-7f1746b7-0-9eeec82b-9c959c99,13,13,36,0,decode,1,1,20591,20592,linear_attention,,,"[1,5120]","[1,5120]","[3,1]","[1,5120]","[1,5120]",False,False,False,,,,0,0,4308579238475204,4308579239993868,
input13_layer37,,,,20260729T050800Z-fx-89687ae2-R032,pra2026-bh408@3d036144-16-32K-row0-greedy1024,3d03614452cd0a925abc82a7686560ff80252dfa,0,rank0,HCU0:TCA23906041001,chatcmpl-bench-7f1746b7-0-9eeec82b-9c959c99,13,13,37,0,decode,1,1,20591,20592,linear_attention,,,"[1,5120]","[1,5120]","[3,1]","[1,5120]","[1,5120]",False,False,False,,,,0,0,4308579242097537,4308579243617902,
input13_layer38,,,,20260729T050800Z-fx-89687ae2-R032,pra2026-bh408@3d036144-16-32K-row0-greedy1024,3d03614452cd0a925abc82a7686560ff80252dfa,0,rank0,HCU0:TCA23906041001,chatcmpl-bench-7f1746b7-0-9eeec82b-9c959c99,13,13,38,0,decode,1,1,20591,20592,linear_attention,,,"[1,5120]","[1,5120]","[3,1]","[1,5120]","[1,5120]",False,False,False,,,,0,0,4308579245467089,4308579246980543,
input13_layer39,,,,20260729T050800Z-fx-89687ae2-R032,pra2026-bh408@3d036144-16-32K-row0-greedy1024,3d03614452cd0a925abc82a7686560ff80252dfa,0,rank0,HCU0:TCA23906041001,chatcmpl-bench-7f1746b7-0-9eeec82b-9c959c99,13,13,39,0,decode,1,1,20591,20592,full_attention,,,"[1,5120]","[1,5120]","[3,1]","[1,5120]","[1,5120]",False,False,False,,,,0,0,4308579248819850,4308579250731138,
input13_layer40,,,,20260729T050800Z-fx-89687ae2-R032,pra2026-bh408@3d036144-16-32K-row0-greedy1024,3d03614452cd0a925abc82a7686560ff80252dfa,0,rank0,HCU0:TCA23906041001,chatcmpl-bench-7f1746b7-0-9eeec82b-9c959c99,13,13,40,0,decode,1,1,20591,20592,linear_attention,,,"[1,5120]","[1,5120]","[3,1]","[1,5120]","[1,5120]",False,False,False,,,,0,0,4308579252754867,4308579254286241,
input13_layer41,,,,20260729T050800Z-fx-89687ae2-R032,pra2026-bh408@3d036144-16-32K-row0-greedy1024,3d03614452cd0a925abc82a7686560ff80252dfa,0,rank0,HCU0:TCA23906041001,chatcmpl-bench-7f1746b7-0-9eeec82b-9c959c99,13,13,41,0,decode,1,1,20591,20592,linear_attention,,,"[1,5120]","[1,5120]","[3,1]","[1,5120]","[1,5120]",False,False,False,,,,0,0,4308579256111408,4308579257644522,
input13_layer42,,,,20260729T050800Z-fx-89687ae2-R032,pra2026-bh408@3d036144-16-32K-row0-greedy1024,3d03614452cd0a925abc82a7686560ff80252dfa,0,rank0,HCU0:TCA23906041001,chatcmpl-bench-7f1746b7-0-9eeec82b-9c959c99,13,13,42,0,decode,1,1,20591,20592,linear_attention,,,"[1,5120]","[1,5120]","[3,1]","[1,5120]","[1,5120]",False,False,False,,,,0,0,4308579259140666,4308579260667750,
input13_layer43,,,,20260729T050800Z-fx-89687ae2-R032,pra2026-bh408@3d036144-16-32K-row0-greedy1024,3d03614452cd0a925abc82a7686560ff80252dfa,0,rank0,HCU0:TCA23906041001,chatcmpl-bench-7f1746b7-0-9eeec82b-9c959c99,13,13,43,0,decode,1,1,20591,20592,full_attention,,,"[1,5120]","[1,5120]","[3,1]","[1,5120]","[1,5120]",False,False,False,,,,0,0,4308579262385676,4308579264314874,
input13_layer44,,,,20260729T050800Z-fx-89687ae2-R032,pra2026-bh408@3d036144-16-32K-row0-greedy1024,3d03614452cd0a925abc82a7686560ff80252dfa,0,rank0,HCU0:TCA23906041001,chatcmpl-bench-7f1746b7-0-9eeec82b-9c959c99,13,13,44,0,decode,1,1,20591,20592,linear_attention,,,"[1,5120]","[1,5120]","[3,1]","[1,5120]","[1,5120]",False,False,False,,,,0,0,4308579266027470,4308579267562234,
input13_layer45,,,,20260729T050800Z-fx-89687ae2-R032,pra2026-bh408@3d036144-16-32K-row0-greedy1024,3d03614452cd0a925abc82a7686560ff80252dfa,0,rank0,HCU0:TCA23906041001,chatcmpl-bench-7f1746b7-0-9eeec82b-9c959c99,13,13,45,0,decode,1,1,20591,20592,linear_attention,,,"[1,5120]","[1,5120]","[3,1]","[1,5120]","[1,5120]",False,False,False,,,,0,0,4308579269814995,4308579271341249,
input13_layer46,,,,20260729T050800Z-fx-89687ae2-R032,pra2026-bh408@3d036144-16-32K-row0-greedy1024,3d03614452cd0a925abc82a7686560ff80252dfa,0,rank0,HCU0:TCA23906041001,chatcmpl-bench-7f1746b7-0-9eeec82b-9c959c99,13,13,46,0,decode,1,1,20591,20592,linear_attention,,,"[1,5120]","[1,5120]","[3,1]","[1,5120]","[1,5120]",False,False,False,,,,0,0,4308579273122266,4308579274632970,
input13_layer47,,,,20260729T050800Z-fx-89687ae2-R032,pra2026-bh408@3d036144-16-32K-row0-greedy1024,3d03614452cd0a925abc82a7686560ff80252dfa,0,rank0,HCU0:TCA23906041001,chatcmpl-bench-7f1746b7-0-9eeec82b-9c959c99,13,13,47,0,decode,1,1,20591,20592,full_attention,,,"[1,5120]","[1,5120]","[3,1]","[1,5120]","[1,5120]",False,False,False,,,,0,0,4308579276442307,4308579278376375,
input13_layer48,,,,20260729T050800Z-fx-89687ae2-R032,pra2026-bh408@3d036144-16-32K-row0-greedy1024,3d03614452cd0a925abc82a7686560ff80252dfa,0,rank0,HCU0:TCA23906041001,chatcmpl-bench-7f1746b7-0-9eeec82b-9c959c99,13,13,48,0,decode,1,1,20591,20592,linear_attention,,,"[1,5120]","[1,5120]","[3,1]","[1,5120]","[1,5120]",False,False,False,,,,0,0,4308579280580105,4308579282103089,
input13_layer49,,,,20260729T050800Z-fx-89687ae2-R032,pra2026-bh408@3d036144-16-32K-row0-greedy1024,3d03614452cd0a925abc82a7686560ff80252dfa,0,rank0,HCU0:TCA23906041001,chatcmpl-bench-7f1746b7-0-9eeec82b-9c959c99,13,13,49,0,decode,1,1,20591,20592,linear_attention,,,"[1,5120]","[1,5120]","[3,1]","[1,5120]","[1,5120]",False,False,False,,,,0,0,4308579283989837,4308579285507181,
input13_layer50,,,,20260729T050800Z-fx-89687ae2-R032,pra2026-bh408@3d036144-16-32K-row0-greedy1024,3d03614452cd0a925abc82a7686560ff80252dfa,0,rank0,HCU0:TCA23906041001,chatcmpl-bench-7f1746b7-0-9eeec82b-9c959c99,13,13,50,0,decode,1,1,20591,20592,linear_attention,,,"[1,5120]","[1,5120]","[3,1]","[1,5120]","[1,5120]",False,False,False,,,,0,0,4308579287237317,4308579288749031,
input13_layer51,,,,20260729T050800Z-fx-89687ae2-R032,pra2026-bh408@3d036144-16-32K-row0-greedy1024,3d03614452cd0a925abc82a7686560ff80252dfa,0,rank0,HCU0:TCA23906041001,chatcmpl-bench-7f1746b7-0-9eeec82b-9c959c99,13,13,51,0,decode,1,1,20591,20592,full_attention,,,"[1,5120]","[1,5120]","[3,1]","[1,5120]","[1,5120]",False,False,False,,,,0,0,4308579290513808,4308579292426125,
input13_layer52,,,,20260729T050800Z-fx-89687ae2-R032,pra2026-bh408@3d036144-16-32K-row0-greedy1024,3d03614452cd0a925abc82a7686560ff80252dfa,0,rank0,HCU0:TCA23906041001,chatcmpl-bench-7f1746b7-0-9eeec82b-9c959c99,13,13,52,0,decode,1,1,20591,20592,linear_attention,,,"[1,5120]","[1,5120]","[3,1]","[1,5120]","[1,5120]",False,False,False,,,,0,0,4308579294059351,4308579295583345,
input13_layer53,,,,20260729T050800Z-fx-89687ae2-R032,pra2026-bh408@3d036144-16-32K-row0-greedy1024,3d03614452cd0a925abc82a7686560ff80252dfa,0,rank0,HCU0:TCA23906041001,chatcmpl-bench-7f1746b7-0-9eeec82b-9c959c99,13,13,53,0,decode,1,1,20591,20592,linear_attention,,,"[1,5120]","[1,5120]","[3,1]","[1,5120]","[1,5120]",False,False,False,,,,0,0,4308579297272441,4308579298791515,
input13_layer54,,,,20260729T050800Z-fx-89687ae2-R032,pra2026-bh408@3d036144-16-32K-row0-greedy1024,3d03614452cd0a925abc82a7686560ff80252dfa,0,rank0,HCU0:TCA23906041001,chatcmpl-bench-7f1746b7-0-9eeec82b-9c959c99,13,13,54,0,decode,1,1,20591,20592,linear_attention,,,"[1,5120]","[1,5120]","[3,1]","[1,5120]","[1,5120]",False,False,False,,,,0,0,4308579300514711,4308579302029065,
input13_layer55,,,,20260729T050800Z-fx-89687ae2-R032,pra2026-bh408@3d036144-16-32K-row0-greedy1024,3d03614452cd0a925abc82a7686560ff80252dfa,0,rank0,HCU0:TCA23906041001,chatcmpl-bench-7f1746b7-0-9eeec82b-9c959c99,13,13,55,0,decode,1,1,20591,20592,full_attention,,,"[1,5120]","[1,5120]","[3,1]","[1,5120]","[1,5120]",False,False,False,,,,0,0,4308579303920342,4308579305852510,
input13_layer56,,,,20260729T050800Z-fx-89687ae2-R032,pra2026-bh408@3d036144-16-32K-row0-greedy1024,3d03614452cd0a925abc82a7686560ff80252dfa,0,rank0,HCU0:TCA23906041001,chatcmpl-bench-7f1746b7-0-9eeec82b-9c959c99,13,13,56,0,decode,1,1,20591,20592,linear_attention,,,"[1,5120]","[1,5120]","[3,1]","[1,5120]","[1,5120]",False,False,False,,,,0,0,4308579307683087,4308579309223632,
input13_layer57,,,,20260729T050800Z-fx-89687ae2-R032,pra2026-bh408@3d036144-16-32K-row0-greedy1024,3d03614452cd0a925abc82a7686560ff80252dfa,0,rank0,HCU0:TCA23906041001,chatcmpl-bench-7f1746b7-0-9eeec82b-9c959c99,13,13,57,0,decode,1,1,20591,20592,linear_attention,,,"[1,5120]","[1,5120]","[3,1]","[1,5120]","[1,5120]",False,False,False,,,,0,0,4308579310922167,4308579312448182,
input13_layer58,,,,20260729T050800Z-fx-89687ae2-R032,pra2026-bh408@3d036144-16-32K-row0-greedy1024,3d03614452cd0a925abc82a7686560ff80252dfa,0,rank0,HCU0:TCA23906041001,chatcmpl-bench-7f1746b7-0-9eeec82b-9c959c99,13,13,58,0,decode,1,1,20591,20592,linear_attention,,,"[1,5120]","[1,5120]","[3,1]","[1,5120]","[1,5120]",False,False,False,,,,0,0,4308579314388010,4308579315902694,
input13_layer59,,,,20260729T050800Z-fx-89687ae2-R032,pra2026-bh408@3d036144-16-32K-row0-greedy1024,3d03614452cd0a925abc82a7686560ff80252dfa,0,rank0,HCU0:TCA23906041001,chatcmpl-bench-7f1746b7-0-9eeec82b-9c959c99,13,13,59,0,decode,1,1,20591,20592,full_attention,,,"[1,5120]","[1,5120]","[3,1]","[1,5120]","[1,5120]",False,False,False,,,,0,0,4308579317960283,4308579319880961,
input13_layer60,,,,20260729T050800Z-fx-89687ae2-R032,pra2026-bh408@3d036144-16-32K-row0-greedy1024,3d03614452cd0a925abc82a7686560ff80252dfa,0,rank0,HCU0:TCA23906041001,chatcmpl-bench-7f1746b7-0-9eeec82b-9c959c99,13,13,60,0,decode,1,1,20591,20592,linear_attention,,,"[1,5120]","[1,5120]","[3,1]","[1,5120]","[1,5120]",False,False,False,,,,0,0,4308579321560996,4308579323080990,
input13_layer61,,,,20260729T050800Z-fx-89687ae2-R032,pra2026-bh408@3d036144-16-32K-row0-greedy1024,3d03614452cd0a925abc82a7686560ff80252dfa,0,rank0,HCU0:TCA23906041001,chatcmpl-bench-7f1746b7-0-9eeec82b-9c959c99,13,13,61,0,decode,1,1,20591,20592,linear_attention,,,"[1,5120]","[1,5120]","[3,1]","[1,5120]","[1,5120]",False,False,False,,,,0,0,4308579324984108,4308579326511152,
input13_layer62,,,,20260729T050800Z-fx-89687ae2-R032,pra2026-bh408@3d036144-16-32K-row0-greedy1024,3d03614452cd0a925abc82a7686560ff80252dfa,0,rank0,HCU0:TCA23906041001,chatcmpl-bench-7f1746b7-0-9eeec82b-9c959c99,13,13,62,0,decode,1,1,20591,20592,linear_attention,,,"[1,5120]","[1,5120]","[3,1]","[1,5120]","[1,5120]",False,False,False,,,,0,0,4308579328437520,4308579329945784,
input13_layer63,,,,20260729T050800Z-fx-89687ae2-R032,pra2026-bh408@3d036144-16-32K-row0-greedy1024,3d03614452cd0a925abc82a7686560ff80252dfa,0,rank0,HCU0:TCA23906041001,chatcmpl-bench-7f1746b7-0-9eeec82b-9c959c99,13,13,63,0,decode,1,1,20591,20592,full_attention,,,"[1,5120]","[1,5120]","[3,1]","[1,5120]","[1,5120]",False,False,False,,,,0,0,4308579331548049,4308579333470387,
input14_layer0,,,,20260729T050800Z-fx-89687ae2-R032,pra2026-bh408@3d036144-16-32K-row0-greedy1024,3d03614452cd0a925abc82a7686560ff80252dfa,0,rank0,HCU0:TCA23906041001,chatcmpl-bench-7f1746b7-0-9eeec82b-9c959c99,14,14,0,0,decode,1,1,20592,20593,linear_attention,,,"[1,5120]",null,"[3,1]","[1,5120]","[1,5120]",False,False,False,,,,0,0,4308579338907978,4308579340603373,
input14_layer1,,,,20260729T050800Z-fx-89687ae2-R032,pra2026-bh408@3d036144-16-32K-row0-greedy1024,3d03614452cd0a925abc82a7686560ff80252dfa,0,rank0,HCU0:TCA23906041001,chatcmpl-bench-7f1746b7-0-9eeec82b-9c959c99,14,14,1,0,decode,1,1,20592,20593,linear_attention,,,"[1,5120]","[1,5120]","[3,1]","[1,5120]","[1,5120]",False,False,False,,,,0,0,4308579342355870,4308579343887984,
input14_layer2,,,,20260729T050800Z-fx-89687ae2-R032,pra2026-bh408@3d036144-16-32K-row0-greedy1024,3d03614452cd0a925abc82a7686560ff80252dfa,0,rank0,HCU0:TCA23906041001,chatcmpl-bench-7f1746b7-0-9eeec82b-9c959c99,14,14,2,0,decode,1,1,20592,20593,linear_attention,,,"[1,5120]","[1,5120]","[3,1]","[1,5120]","[1,5120]",False,False,False,,,,0,0,4308579345675170,4308579347205225,
input14_layer3,,,,20260729T050800Z-fx-89687ae2-R032,pra2026-bh408@3d036144-16-32K-row0-greedy1024,3d03614452cd0a925abc82a7686560ff80252dfa,0,rank0,HCU0:TCA23906041001,chatcmpl-bench-7f1746b7-0-9eeec82b-9c959c99,14,14,3,0,decode,1,1,20592,20593,full_attention,,,"[1,5120]","[1,5120]","[3,1]","[1,5120]","[1,5120]",False,False,False,,,,0,0,4308579349038092,4308579351022330,
input14_layer4,,,,20260729T050800Z-fx-89687ae2-R032,pra2026-bh408@3d036144-16-32K-row0-greedy1024,3d03614452cd0a925abc82a7686560ff80252dfa,0,rank0,HCU0:TCA23906041001,chatcmpl-bench-7f1746b7-0-9eeec82b-9c959c99,14,14,4,0,decode,1,1,20592,20593,linear_attention,,,"[1,5120]","[1,5120]","[3,1]","[1,5120]","[1,5120]",False,False,False,,,,0,0,4308579352932688,4308579354472572,
input14_layer5,,,,20260729T050800Z-fx-89687ae2-R032,pra2026-bh408@3d036144-16-32K-row0-greedy1024,3d03614452cd0a925abc82a7686560ff80252dfa,0,rank0,HCU0:TCA23906041001,chatcmpl-bench-7f1746b7-0-9eeec82b-9c959c99,14,14,5,0,decode,1,1,20592,20593,linear_attention,,,"[1,5120]","[1,5120]","[3,1]","[1,5120]","[1,5120]",False,False,False,,,,0,0,4308579356338190,4308579357853154,
input14_layer6,,,,20260729T050800Z-fx-89687ae2-R032,pra2026-bh408@3d036144-16-32K-row0-greedy1024,3d03614452cd0a925abc82a7686560ff80252dfa,0,rank0,HCU0:TCA23906041001,chatcmpl-bench-7f1746b7-0-9eeec82b-9c959c99,14,14,6,0,decode,1,1,20592,20593,linear_attention,,,"[1,5120]","[1,5120]","[3,1]","[1,5120]","[1,5120]",False,False,False,,,,0,0,4308579359899543,4308579361419467,
input14_layer7,,,,20260729T050800Z-fx-89687ae2-R032,pra2026-bh408@3d036144-16-32K-row0-greedy1024,3d03614452cd0a925abc82a7686560ff80252dfa,0,rank0,HCU0:TCA23906041001,chatcmpl-bench-7f1746b7-0-9eeec82b-9c959c99,14,14,7,0,decode,1,1,20592,20593,full_attention,,,"[1,5120]","[1,5120]","[3,1]","[1,5120]","[1,5120]",False,False,False,,,,0,0,4308579363320765,4308579365240672,
input14_layer8,,,,20260729T050800Z-fx-89687ae2-R032,pra2026-bh408@3d036144-16-32K-row0-greedy1024,3d03614452cd0a925abc82a7686560ff80252dfa,0,rank0,HCU0:TCA23906041001,chatcmpl-bench-7f1746b7-0-9eeec82b-9c959c99,14,14,8,0,decode,1,1,20592,20593,linear_attention,,,"[1,5120]","[1,5120]","[3,1]","[1,5120]","[1,5120]",False,False,False,,,,0,0,4308579367104110,4308579368636664,
input14_layer9,,,,20260729T050800Z-fx-89687ae2-R032,pra2026-bh408@3d036144-16-32K-row0-greedy1024,3d03614452cd0a925abc82a7686560ff80252dfa,0,rank0,HCU0:TCA23906041001,chatcmpl-bench-7f1746b7-0-9eeec82b-9c959c99,14,14,9,0,decode,1,1,20592,20593,linear_attention,,,"[1,5120]","[1,5120]","[3,1]","[1,5120]","[1,5120]",False,False,False,,,,0,0,4308579370462411,4308579371980255,
input14_layer10,,,,20260729T050800Z-fx-89687ae2-R032,pra2026-bh408@3d036144-16-32K-row0-greedy1024,3d03614452cd0a925abc82a7686560ff80252dfa,0,rank0,HCU0:TCA23906041001,chatcmpl-bench-7f1746b7-0-9eeec82b-9c959c99,14,14,10,0,decode,1,1,20592,20593,linear_attention,,,"[1,5120]","[1,5120]","[3,1]","[1,5120]","[1,5120]",False,False,False,,,,0,0,4308579373825662,4308579375357576,
input14_layer11,,,,20260729T050800Z-fx-89687ae2-R032,pra2026-bh408@3d036144-16-32K-row0-greedy1024,3d03614452cd0a925abc82a7686560ff80252dfa,0,rank0,HCU0:TCA23906041001,chatcmpl-bench-7f1746b7-0-9eeec82b-9c959c99,14,14,11,0,decode,1,1,20592,20593,full_attention,,,"[1,5120]","[1,5120]","[3,1]","[1,5120]","[1,5120]",False,False,False,,,,0,0,4308579377083372,4308579378997110,
input14_layer12,,,,20260729T050800Z-fx-89687ae2-R032,pra2026-bh408@3d036144-16-32K-row0-greedy1024,3d03614452cd0a925abc82a7686560ff80252dfa,0,rank0,HCU0:TCA23906041001,chatcmpl-bench-7f1746b7-0-9eeec82b-9c959c99,14,14,12,0,decode,1,1,20592,20593,linear_attention,,,"[1,5120]","[1,5120]","[3,1]","[1,5120]","[1,5120]",False,False,False,,,,0,0,4308579380766967,4308579382300811,
input14_layer13,,,,20260729T050800Z-fx-89687ae2-R032,pra2026-bh408@3d036144-16-32K-row0-greedy1024,3d03614452cd0a925abc82a7686560ff80252dfa,0,rank0,HCU0:TCA23906041001,chatcmpl-bench-7f1746b7-0-9eeec82b-9c959c99,14,14,13,0,decode,1,1,20592,20593,linear_attention,,,"[1,5120]","[1,5120]","[3,1]","[1,5120]","[1,5120]",False,False,False,,,,0,0,4308579383933296,4308579385463040,
input14_layer14,,,,20260729T050800Z-fx-89687ae2-R032,pra2026-bh408@3d036144-16-32K-row0-greedy1024,3d03614452cd0a925abc82a7686560ff80252dfa,0,rank0,HCU0:TCA23906041001,chatcmpl-bench-7f1746b7-0-9eeec82b-9c959c99,14,14,14,0,decode,1,1,20592,20593,linear_attention,,,"[1,5120]","[1,5120]","[3,1]","[1,5120]","[1,5120]",False,False,False,,,,0,0,4308579387226907,4308579388738381,
input14_layer15,,,,20260729T050800Z-fx-89687ae2-R032,pra2026-bh408@3d036144-16-32K-row0-greedy1024,3d03614452cd0a925abc82a7686560ff80252dfa,0,rank0,HCU0:TCA23906041001,chatcmpl-bench-7f1746b7-0-9eeec82b-9c959c99,14,14,15,0,decode,1,1,20592,20593,full_attention,,,"[1,5120]","[1,5120]","[3,1]","[1,5120]","[1,5120]",False,False,False,,,,0,0,4308579390740499,4308579392645917,
input14_layer16,,,,20260729T050800Z-fx-89687ae2-R032,pra2026-bh408@3d036144-16-32K-row0-greedy1024,3d03614452cd0a925abc82a7686560ff80252dfa,0,rank0,HCU0:TCA23906041001,chatcmpl-bench-7f1746b7-0-9eeec82b-9c959c99,14,14,16,0,decode,1,1,20592,20593,linear_attention,,,"[1,5120]","[1,5120]","[3,1]","[1,5120]","[1,5120]",False,False,False,,,,0,0,4308579394363743,4308579395990718,
input14_layer17,,,,20260729T050800Z-fx-89687ae2-R032,pra2026-bh408@3d036144-16-32K-row0-greedy1024,3d03614452cd0a925abc82a7686560ff80252dfa,0,rank0,HCU0:TCA23906041001,chatcmpl-bench-7f1746b7-0-9eeec82b-9c959c99,14,14,17,0,decode,1,1,20592,20593,linear_attention,,,"[1,5120]","[1,5120]","[3,1]","[1,5120]","[1,5120]",False,False,False,,,,0,0,4308579397993657,4308579399576182,
input14_layer18,,,,20260729T050800Z-fx-89687ae2-R032,pra2026-bh408@3d036144-16-32K-row0-greedy1024,3d03614452cd0a925abc82a7686560ff80252dfa,0,rank0,HCU0:TCA23906041001,chatcmpl-bench-7f1746b7-0-9eeec82b-9c959c99,14,14,18,0,decode,1,1,20592,20593,linear_attention,,,"[1,5120]","[1,5120]","[3,1]","[1,5120]","[1,5120]",False,False,False,,,,0,0,4308579401470919,4308579403028804,
input14_layer19,,,,20260729T050800Z-fx-89687ae2-R032,pra2026-bh408@3d036144-16-32K-row0-greedy1024,3d03614452cd0a925abc82a7686560ff80252dfa,0,rank0,HCU0:TCA23906041001,chatcmpl-bench-7f1746b7-0-9eeec82b-9c959c99,14,14,19,0,decode,1,1,20592,20593,full_attention,,,"[1,5120]","[1,5120]","[3,1]","[1,5120]","[1,5120]",False,False,False,,,,0,0,4308579405179594,4308579407122362,
input14_layer20,,,,20260729T050800Z-fx-89687ae2-R032,pra2026-bh408@3d036144-16-32K-row0-greedy1024,3d03614452cd0a925abc82a7686560ff80252dfa,0,rank0,HCU0:TCA23906041001,chatcmpl-bench-7f1746b7-0-9eeec82b-9c959c99,14,14,20,0,decode,1,1,20592,20593,linear_attention,,,"[1,5120]","[1,5120]","[3,1]","[1,5120]","[1,5120]",False,False,False,,,,0,0,4308579408999949,4308579410565154,
input14_layer21,,,,20260729T050800Z-fx-89687ae2-R032,pra2026-bh408@3d036144-16-32K-row0-greedy1024,3d03614452cd0a925abc82a7686560ff80252dfa,0,rank0,HCU0:TCA23906041001,chatcmpl-bench-7f1746b7-0-9eeec82b-9c959c99,14,14,21,0,decode,1,1,20592,20593,linear_attention,,,"[1,5120]","[1,5120]","[3,1]","[1,5120]","[1,5120]",False,False,False,,,,0,0,4308579412313190,4308579413863654,
input14_layer22,,,,20260729T050800Z-fx-89687ae2-R032,pra2026-bh408@3d036144-16-32K-row0-greedy1024,3d03614452cd0a925abc82a7686560ff80252dfa,0,rank0,HCU0:TCA23906041001,chatcmpl-bench-7f1746b7-0-9eeec82b-9c959c99,14,14,22,0,decode,1,1,20592,20593,linear_attention,,,"[1,5120]","[1,5120]","[3,1]","[1,5120]","[1,5120]",False,False,False,,,,0,0,4308579415661751,4308579417208096,
input14_layer23,,,,20260729T050800Z-fx-89687ae2-R032,pra2026-bh408@3d036144-16-32K-row0-greedy1024,3d03614452cd0a925abc82a7686560ff80252dfa,0,rank0,HCU0:TCA23906041001,chatcmpl-bench-7f1746b7-0-9eeec82b-9c959c99,14,14,23,0,decode,1,1,20592,20593,full_attention,,,"[1,5120]","[1,5120]","[3,1]","[1,5120]","[1,5120]",False,False,False,,,,0,0,4308579419088683,4308579421045711,
input14_layer24,,,,20260729T050800Z-fx-89687ae2-R032,pra2026-bh408@3d036144-16-32K-row0-greedy1024,3d03614452cd0a925abc82a7686560ff80252dfa,0,rank0,HCU0:TCA23906041001,chatcmpl-bench-7f1746b7-0-9eeec82b-9c959c99,14,14,24,0,decode,1,1,20592,20593,linear_attention,,,"[1,5120]","[1,5120]","[3,1]","[1,5120]","[1,5120]",False,False,False,,,,0,0,4308579422971659,4308579424536454,
input14_layer25,,,,20260729T050800Z-fx-89687ae2-R032,pra2026-bh408@3d036144-16-32K-row0-greedy1024,3d03614452cd0a925abc82a7686560ff80252dfa,0,rank0,HCU0:TCA23906041001,chatcmpl-bench-7f1746b7-0-9eeec82b-9c959c99,14,14,25,0,decode,1,1,20592,20593,linear_attention,,,"[1,5120]","[1,5120]","[3,1]","[1,5120]","[1,5120]",False,False,False,,,,0,0,4308579426443171,4308579427979636,
input14_layer26,,,,20260729T050800Z-fx-89687ae2-R032,pra2026-bh408@3d036144-16-32K-row0-greedy1024,3d03614452cd0a925abc82a7686560ff80252dfa,0,rank0,HCU0:TCA23906041001,chatcmpl-bench-7f1746b7-0-9eeec82b-9c959c99,14,14,26,0,decode,1,1,20592,20593,linear_attention,,,"[1,5120]","[1,5120]","[3,1]","[1,5120]","[1,5120]",False,False,False,,,,0,0,4308579430193026,4308579431733041,
input14_layer27,,,,20260729T050800Z-fx-89687ae2-R032,pra2026-bh408@3d036144-16-32K-row0-greedy1024,3d03614452cd0a925abc82a7686560ff80252dfa,0,rank0,HCU0:TCA23906041001,chatcmpl-bench-7f1746b7-0-9eeec82b-9c959c99,14,14,27,0,decode,1,1,20592,20593,full_attention,,,"[1,5120]","[1,5120]","[3,1]","[1,5120]","[1,5120]",False,False,False,,,,0,0,4308579433628728,4308579435570426,
input14_layer28,,,,20260729T050800Z-fx-89687ae2-R032,pra2026-bh408@3d036144-16-32K-row0-greedy1024,3d03614452cd0a925abc82a7686560ff80252dfa,0,rank0,HCU0:TCA23906041001,chatcmpl-bench-7f1746b7-0-9eeec82b-9c959c99,14,14,28,0,decode,1,1,20592,20593,linear_attention,,,"[1,5120]","[1,5120]","[3,1]","[1,5120]","[1,5120]",False,False,False,,,,0,0,4308579437300572,4308579438855417,
input14_layer29,,,,20260729T050800Z-fx-89687ae2-R032,pra2026-bh408@3d036144-16-32K-row0-greedy1024,3d03614452cd0a925abc82a7686560ff80252dfa,0,rank0,HCU0:TCA23906041001,chatcmpl-bench-7f1746b7-0-9eeec82b-9c959c99,14,14,29,0,decode,1,1,20592,20593,linear_attention,,,"[1,5120]","[1,5120]","[3,1]","[1,5120]","[1,5120]",False,False,False,,,,0,0,4308579440557233,4308579442097337,
input14_layer30,,,,20260729T050800Z-fx-89687ae2-R032,pra2026-bh408@3d036144-16-32K-row0-greedy1024,3d03614452cd0a925abc82a7686560ff80252dfa,0,rank0,HCU0:TCA23906041001,chatcmpl-bench-7f1746b7-0-9eeec82b-9c959c99,14,14,30,0,decode,1,1,20592,20593,linear_attention,,,"[1,5120]","[1,5120]","[3,1]","[1,5120]","[1,5120]",False,False,False,,,,0,0,4308579443607001,4308579445144565,
input14_layer31,,,,20260729T050800Z-fx-89687ae2-R032,pra2026-bh408@3d036144-16-32K-row0-greedy1024,3d03614452cd0a925abc82a7686560ff80252dfa,0,rank0,HCU0:TCA23906041001,chatcmpl-bench-7f1746b7-0-9eeec82b-9c959c99,14,14,31,0,decode,1,1,20592,20593,full_attention,,,"[1,5120]","[1,5120]","[3,1]","[1,5120]","[1,5120]",False,False,False,,,,0,0,4308579446768680,4308579448719909,
input14_layer32,,,,20260729T050800Z-fx-89687ae2-R032,pra2026-bh408@3d036144-16-32K-row0-greedy1024,3d03614452cd0a925abc82a7686560ff80252dfa,0,rank0,HCU0:TCA23906041001,chatcmpl-bench-7f1746b7-0-9eeec82b-9c959c99,14,14,32,0,decode,1,1,20592,20593,linear_attention,,,"[1,5120]","[1,5120]","[3,1]","[1,5120]","[1,5120]",False,False,False,,,,0,0,4308579450281093,4308579451824667,
input14_layer33,,,,20260729T050800Z-fx-89687ae2-R032,pra2026-bh408@3d036144-16-32K-row0-greedy1024,3d03614452cd0a925abc82a7686560ff80252dfa,0,rank0,HCU0:TCA23906041001,chatcmpl-bench-7f1746b7-0-9eeec82b-9c959c99,14,14,33,0,decode,1,1,20592,20593,linear_attention,,,"[1,5120]","[1,5120]","[3,1]","[1,5120]","[1,5120]",False,False,False,,,,0,0,4308579453633374,4308579455178258,
input14_layer34,,,,20260729T050800Z-fx-89687ae2-R032,pra2026-bh408@3d036144-16-32K-row0-greedy1024,3d03614452cd0a925abc82a7686560ff80252dfa,0,rank0,HCU0:TCA23906041001,chatcmpl-bench-7f1746b7-0-9eeec82b-9c959c99,14,14,34,0,decode,1,1,20592,20593,linear_attention,,,"[1,5120]","[1,5120]","[3,1]","[1,5120]","[1,5120]",False,False,False,,,,0,0,4308579456668982,4308579458233377,
input14_layer35,,,,20260729T050800Z-fx-89687ae2-R032,pra2026-bh408@3d036144-16-32K-row0-greedy1024,3d03614452cd0a925abc82a7686560ff80252dfa,0,rank0,HCU0:TCA23906041001,chatcmpl-bench-7f1746b7-0-9eeec82b-9c959c99,14,14,35,0,decode,1,1,20592,20593,full_attention,,,"[1,5120]","[1,5120]","[3,1]","[1,5120]","[1,5120]",False,False,False,,,,0,0,4308579459823242,4308579461780260,
input14_layer36,,,,20260729T050800Z-fx-89687ae2-R032,pra2026-bh408@3d036144-16-32K-row0-greedy1024,3d03614452cd0a925abc82a7686560ff80252dfa,0,rank0,HCU0:TCA23906041001,chatcmpl-bench-7f1746b7-0-9eeec82b-9c959c99,14,14,36,0,decode,1,1,20592,20593,linear_attention,,,"[1,5120]","[1,5120]","[3,1]","[1,5120]","[1,5120]",False,False,False,,,,0,0,4308579463605787,4308579465153871,
input14_layer37,,,,20260729T050800Z-fx-89687ae2-R032,pra2026-bh408@3d036144-16-32K-row0-greedy1024,3d03614452cd0a925abc82a7686560ff80252dfa,0,rank0,HCU0:TCA23906041001,chatcmpl-bench-7f1746b7-0-9eeec82b-9c959c99,14,14,37,0,decode,1,1,20592,20593,linear_attention,,,"[1,5120]","[1,5120]","[3,1]","[1,5120]","[1,5120]",False,False,False,,,,0,0,4308579468890906,4308579470466391,
input14_layer38,,,,20260729T050800Z-fx-89687ae2-R032,pra2026-bh408@3d036144-16-32K-row0-greedy1024,3d03614452cd0a925abc82a7686560ff80252dfa,0,rank0,HCU0:TCA23906041001,chatcmpl-bench-7f1746b7-0-9eeec82b-9c959c99,14,14,38,0,decode,1,1,20592,20593,linear_attention,,,"[1,5120]","[1,5120]","[3,1]","[1,5120]","[1,5120]",False,False,False,,,,0,0,4308579472717552,4308579474256086,
input14_layer39,,,,20260729T050800Z-fx-89687ae2-R032,pra2026-bh408@3d036144-16-32K-row0-greedy1024,3d03614452cd0a925abc82a7686560ff80252dfa,0,rank0,HCU0:TCA23906041001,chatcmpl-bench-7f1746b7-0-9eeec82b-9c959c99,14,14,39,0,decode,1,1,20592,20593,full_attention,,,"[1,5120]","[1,5120]","[3,1]","[1,5120]","[1,5120]",False,False,False,,,,0,0,4308579476174714,4308579478113022,
input14_layer40,,,,20260729T050800Z-fx-89687ae2-R032,pra2026-bh408@3d036144-16-32K-row0-greedy1024,3d03614452cd0a925abc82a7686560ff80252dfa,0,rank0,HCU0:TCA23906041001,chatcmpl-bench-7f1746b7-0-9eeec82b-9c959c99,14,14,40,0,decode,1,1,20592,20593,linear_attention,,,"[1,5120]","[1,5120]","[3,1]","[1,5120]","[1,5120]",False,False,False,,,,0,0,4308579480008609,4308579481581904,
input14_layer41,,,,20260729T050800Z-fx-89687ae2-R032,pra2026-bh408@3d036144-16-32K-row0-greedy1024,3d03614452cd0a925abc82a7686560ff80252dfa,0,rank0,HCU0:TCA23906041001,chatcmpl-bench-7f1746b7-0-9eeec82b-9c959c99,14,14,41,0,decode,1,1,20592,20593,linear_attention,,,"[1,5120]","[1,5120]","[3,1]","[1,5120]","[1,5120]",False,False,False,,,,0,0,4308579483588933,4308579485123837,
input14_layer42,,,,20260729T050800Z-fx-89687ae2-R032,pra2026-bh408@3d036144-16-32K-row0-greedy1024,3d03614452cd0a925abc82a7686560ff80252dfa,0,rank0,HCU0:TCA23906041001,chatcmpl-bench-7f1746b7-0-9eeec82b-9c959c99,14,14,42,0,decode,1,1,20592,20593,linear_attention,,,"[1,5120]","[1,5120]","[3,1]","[1,5120]","[1,5120]",False,False,False,,,,0,0,4308579487089135,4308579488640820,
input14_layer43,,,,20260729T050800Z-fx-89687ae2-R032,pra2026-bh408@3d036144-16-32K-row0-greedy1024,3d03614452cd0a925abc82a7686560ff80252dfa,0,rank0,HCU0:TCA23906041001,chatcmpl-bench-7f1746b7-0-9eeec82b-9c959c99,14,14,43,0,decode,1,1,20592,20593,full_attention,,,"[1,5120]","[1,5120]","[3,1]","[1,5120]","[1,5120]",False,False,False,,,,0,0,4308579490493237,4308579492448405,
input14_layer44,,,,20260729T050800Z-fx-89687ae2-R032,pra2026-bh408@3d036144-16-32K-row0-greedy1024,3d03614452cd0a925abc82a7686560ff80252dfa,0,rank0,HCU0:TCA23906041001,chatcmpl-bench-7f1746b7-0-9eeec82b-9c959c99,14,14,44,0,decode,1,1,20592,20593,linear_attention,,,"[1,5120]","[1,5120]","[3,1]","[1,5120]","[1,5120]",False,False,False,,,,0,0,4308579494234542,4308579495776926,
input14_layer45,,,,20260729T050800Z-fx-89687ae2-R032,pra2026-bh408@3d036144-16-32K-row0-greedy1024,3d03614452cd0a925abc82a7686560ff80252dfa,0,rank0,HCU0:TCA23906041001,chatcmpl-bench-7f1746b7-0-9eeec82b-9c959c99,14,14,45,0,decode,1,1,20592,20593,linear_attention,,,"[1,5120]","[1,5120]","[3,1]","[1,5120]","[1,5120]",False,False,False,,,,0,0,4308579497791725,4308579499354259,
input14_layer46,,,,20260729T050800Z-fx-89687ae2-R032,pra2026-bh408@3d036144-16-32K-row0-greedy1024,3d03614452cd0a925abc82a7686560ff80252dfa,0,rank0,HCU0:TCA23906041001,chatcmpl-bench-7f1746b7-0-9eeec82b-9c959c99,14,14,46,0,decode,1,1,20592,20593,linear_attention,,,"[1,5120]","[1,5120]","[3,1]","[1,5120]","[1,5120]",False,False,False,,,,0,0,4308579500968074,4308579502511389,
input14_layer47,,,,20260729T050800Z-fx-89687ae2-R032,pra2026-bh408@3d036144-16-32K-row0-greedy1024,3d03614452cd0a925abc82a7686560ff80252dfa,0,rank0,HCU0:TCA23906041001,chatcmpl-bench-7f1746b7-0-9eeec82b-9c959c99,14,14,47,0,decode,1,1,20592,20593,full_attention,,,"[1,5120]","[1,5120]","[3,1]","[1,5120]","[1,5120]",False,False,False,,,,0,0,4308579504228225,4308579506175353,
input14_layer48,,,,20260729T050800Z-fx-89687ae2-R032,pra2026-bh408@3d036144-16-32K-row0-greedy1024,3d03614452cd0a925abc82a7686560ff80252dfa,0,rank0,HCU0:TCA23906041001,chatcmpl-bench-7f1746b7-0-9eeec82b-9c959c99,14,14,48,0,decode,1,1,20592,20593,linear_attention,,,"[1,5120]","[1,5120]","[3,1]","[1,5120]","[1,5120]",False,False,False,,,,0,0,4308579507823998,4308579509376252,
input14_layer49,,,,20260729T050800Z-fx-89687ae2-R032,pra2026-bh408@3d036144-16-32K-row0-greedy1024,3d03614452cd0a925abc82a7686560ff80252dfa,0,rank0,HCU0:TCA23906041001,chatcmpl-bench-7f1746b7-0-9eeec82b-9c959c99,14,14,49,0,decode,1,1,20592,20593,linear_attention,,,"[1,5120]","[1,5120]","[3,1]","[1,5120]","[1,5120]",False,False,False,,,,0,0,4308579511127219,4308579512674603,
input14_layer50,,,,20260729T050800Z-fx-89687ae2-R032,pra2026-bh408@3d036144-16-32K-row0-greedy1024,3d03614452cd0a925abc82a7686560ff80252dfa,0,rank0,HCU0:TCA23906041001,chatcmpl-bench-7f1746b7-0-9eeec82b-9c959c99,14,14,50,0,decode,1,1,20592,20593,linear_attention,,,"[1,5120]","[1,5120]","[3,1]","[1,5120]","[1,5120]",False,False,False,,,,0,0,4308579514329918,4308579515867373,
input14_layer51,,,,20260729T050800Z-fx-89687ae2-R032,pra2026-bh408@3d036144-16-32K-row0-greedy1024,3d03614452cd0a925abc82a7686560ff80252dfa,0,rank0,HCU0:TCA23906041001,chatcmpl-bench-7f1746b7-0-9eeec82b-9c959c99,14,14,51,0,decode,1,1,20592,20593,full_attention,,,"[1,5120]","[1,5120]","[3,1]","[1,5120]","[1,5120]",False,False,False,,,,0,0,4308579517646179,4308579519608858,
input14_layer52,,,,20260729T050800Z-fx-89687ae2-R032,pra2026-bh408@3d036144-16-32K-row0-greedy1024,3d03614452cd0a925abc82a7686560ff80252dfa,0,rank0,HCU0:TCA23906041001,chatcmpl-bench-7f1746b7-0-9eeec82b-9c959c99,14,14,52,0,decode,1,1,20592,20593,linear_attention,,,"[1,5120]","[1,5120]","[3,1]","[1,5120]","[1,5120]",False,False,False,,,,0,0,4308579521520935,4308579523066110,
input14_layer53,,,,20260729T050800Z-fx-89687ae2-R032,pra2026-bh408@3d036144-16-32K-row0-greedy1024,3d03614452cd0a925abc82a7686560ff80252dfa,0,rank0,HCU0:TCA23906041001,chatcmpl-bench-7f1746b7-0-9eeec82b-9c959c99,14,14,53,0,decode,1,1,20592,20593,linear_attention,,,"[1,5120]","[1,5120]","[3,1]","[1,5120]","[1,5120]",False,False,False,,,,0,0,4308579524997408,4308579526542132,
input14_layer54,,,,20260729T050800Z-fx-89687ae2-R032,pra2026-bh408@3d036144-16-32K-row0-greedy1024,3d03614452cd0a925abc82a7686560ff80252dfa,0,rank0,HCU0:TCA23906041001,chatcmpl-bench-7f1746b7-0-9eeec82b-9c959c99,14,14,54,0,decode,1,1,20592,20593,linear_attention,,,"[1,5120]","[1,5120]","[3,1]","[1,5120]","[1,5120]",False,False,False,,,,0,0,4308579528417709,4308579529971914,
input14_layer55,,,,20260729T050800Z-fx-89687ae2-R032,pra2026-bh408@3d036144-16-32K-row0-greedy1024,3d03614452cd0a925abc82a7686560ff80252dfa,0,rank0,HCU0:TCA23906041001,chatcmpl-bench-7f1746b7-0-9eeec82b-9c959c99,14,14,55,0,decode,1,1,20592,20593,full_attention,,,"[1,5120]","[1,5120]","[3,1]","[1,5120]","[1,5120]",False,False,False,,,,0,0,4308579531616939,4308579533561417,
input14_layer56,,,,20260729T050800Z-fx-89687ae2-R032,pra2026-bh408@3d036144-16-32K-row0-greedy1024,3d03614452cd0a925abc82a7686560ff80252dfa,0,rank0,HCU0:TCA23906041001,chatcmpl-bench-7f1746b7-0-9eeec82b-9c959c99,14,14,56,0,decode,1,1,20592,20593,linear_attention,,,"[1,5120]","[1,5120]","[3,1]","[1,5120]","[1,5120]",False,False,False,,,,0,0,4308579535463395,4308579537003899,
input14_layer57,,,,20260729T050800Z-fx-89687ae2-R032,pra2026-bh408@3d036144-16-32K-row0-greedy1024,3d03614452cd0a925abc82a7686560ff80252dfa,0,rank0,HCU0:TCA23906041001,chatcmpl-bench-7f1746b7-0-9eeec82b-9c959c99,14,14,57,0,decode,1,1,20592,20593,linear_attention,,,"[1,5120]","[1,5120]","[3,1]","[1,5120]","[1,5120]",False,False,False,,,,0,0,4308579538970538,4308579540516932,
input14_layer58,,,,20260729T050800Z-fx-89687ae2-R032,pra2026-bh408@3d036144-16-32K-row0-greedy1024,3d03614452cd0a925abc82a7686560ff80252dfa,0,rank0,HCU0:TCA23906041001,chatcmpl-bench-7f1746b7-0-9eeec82b-9c959c99,14,14,58,0,decode,1,1,20592,20593,linear_attention,,,"[1,5120]","[1,5120]","[3,1]","[1,5120]","[1,5120]",False,False,False,,,,0,0,4308579542415470,4308579543966814,
input14_layer59,,,,20260729T050800Z-fx-89687ae2-R032,pra2026-bh408@3d036144-16-32K-row0-greedy1024,3d03614452cd0a925abc82a7686560ff80252dfa,0,rank0,HCU0:TCA23906041001,chatcmpl-bench-7f1746b7-0-9eeec82b-9c959c99,14,14,59,0,decode,1,1,20592,20593,full_attention,,,"[1,5120]","[1,5120]","[3,1]","[1,5120]","[1,5120]",False,False,False,,,,0,0,4308579545934062,4308579547876630,
input14_layer60,,,,20260729T050800Z-fx-89687ae2-R032,pra2026-bh408@3d036144-16-32K-row0-greedy1024,3d03614452cd0a925abc82a7686560ff80252dfa,0,rank0,HCU0:TCA23906041001,chatcmpl-bench-7f1746b7-0-9eeec82b-9c959c99,14,14,60,0,decode,1,1,20592,20593,linear_attention,,,"[1,5120]","[1,5120]","[3,1]","[1,5120]","[1,5120]",False,False,False,,,,0,0,4308579549720817,4308579551266592,
input14_layer61,,,,20260729T050800Z-fx-89687ae2-R032,pra2026-bh408@3d036144-16-32K-row0-greedy1024,3d03614452cd0a925abc82a7686560ff80252dfa,0,rank0,HCU0:TCA23906041001,chatcmpl-bench-7f1746b7-0-9eeec82b-9c959c99,14,14,61,0,decode,1,1,20592,20593,linear_attention,,,"[1,5120]","[1,5120]","[3,1]","[1,5120]","[1,5120]",False,False,False,,,,0,0,4308579553377902,4308579554914726,
input14_layer62,,,,20260729T050800Z-fx-89687ae2-R032,pra2026-bh408@3d036144-16-32K-row0-greedy1024,3d03614452cd0a925abc82a7686560ff80252dfa,0,rank0,HCU0:TCA23906041001,chatcmpl-bench-7f1746b7-0-9eeec82b-9c959c99,14,14,62,0,decode,1,1,20592,20593,linear_attention,,,"[1,5120]","[1,5120]","[3,1]","[1,5120]","[1,5120]",False,False,False,,,,0,0,4308579556670182,4308579558209656,
input14_layer63,,,,20260729T050800Z-fx-89687ae2-R032,pra2026-bh408@3d036144-16-32K-row0-greedy1024,3d03614452cd0a925abc82a7686560ff80252dfa,0,rank0,HCU0:TCA23906041001,chatcmpl-bench-7f1746b7-0-9eeec82b-9c959c99,14,14,63,0,decode,1,1,20592,20593,full_attention,,,"[1,5120]","[1,5120]","[3,1]","[1,5120]","[1,5120]",False,False,False,,,,0,0,4308579560157245,4308579562084942,
input15_layer0,,,,20260729T050800Z-fx-89687ae2-R032,pra2026-bh408@3d036144-16-32K-row0-greedy1024,3d03614452cd0a925abc82a7686560ff80252dfa,0,rank0,HCU0:TCA23906041001,chatcmpl-bench-7f1746b7-0-9eeec82b-9c959c99,15,15,0,0,decode,1,1,20593,20594,linear_attention,,,"[1,5120]",null,"[3,1]","[1,5120]","[1,5120]",False,False,False,,,,0,0,4308579567570293,4308579569289079,
input15_layer1,,,,20260729T050800Z-fx-89687ae2-R032,pra2026-bh408@3d036144-16-32K-row0-greedy1024,3d03614452cd0a925abc82a7686560ff80252dfa,0,rank0,HCU0:TCA23906041001,chatcmpl-bench-7f1746b7-0-9eeec82b-9c959c99,15,15,1,0,decode,1,1,20593,20594,linear_attention,,,"[1,5120]","[1,5120]","[3,1]","[1,5120]","[1,5120]",False,False,False,,,,0,0,4308579571277468,4308579572824602,
input15_layer2,,,,20260729T050800Z-fx-89687ae2-R032,pra2026-bh408@3d036144-16-32K-row0-greedy1024,3d03614452cd0a925abc82a7686560ff80252dfa,0,rank0,HCU0:TCA23906041001,chatcmpl-bench-7f1746b7-0-9eeec82b-9c959c99,15,15,2,0,decode,1,1,20593,20594,linear_attention,,,"[1,5120]","[1,5120]","[3,1]","[1,5120]","[1,5120]",False,False,False,,,,0,0,4308579574791961,4308579576334375,
input15_layer3,,,,20260729T050800Z-fx-89687ae2-R032,pra2026-bh408@3d036144-16-32K-row0-greedy1024,3d03614452cd0a925abc82a7686560ff80252dfa,0,rank0,HCU0:TCA23906041001,chatcmpl-bench-7f1746b7-0-9eeec82b-9c959c99,15,15,3,0,decode,1,1,20593,20594,full_attention,,,"[1,5120]","[1,5120]","[3,1]","[1,5120]","[1,5120]",False,False,False,,,,0,0,4308579578067071,4308579580076330,
input15_layer4,,,,20260729T050800Z-fx-89687ae2-R032,pra2026-bh408@3d036144-16-32K-row0-greedy1024,3d03614452cd0a925abc82a7686560ff80252dfa,0,rank0,HCU0:TCA23906041001,chatcmpl-bench-7f1746b7-0-9eeec82b-9c959c99,15,15,4,0,decode,1,1,20593,20594,linear_attention,,,"[1,5120]","[1,5120]","[3,1]","[1,5120]","[1,5120]",False,False,False,,,,0,0,4308579582054818,4308579583614103,
input15_layer5,,,,20260729T050800Z-fx-89687ae2-R032,pra2026-bh408@3d036144-16-32K-row0-greedy1024,3d03614452cd0a925abc82a7686560ff80252dfa,0,rank0,HCU0:TCA23906041001,chatcmpl-bench-7f1746b7-0-9eeec82b-9c959c99,15,15,5,0,decode,1,1,20593,20594,linear_attention,,,"[1,5120]","[1,5120]","[3,1]","[1,5120]","[1,5120]",False,False,False,,,,0,0,4308579585458440,4308579586985914,
input15_layer6,,,,20260729T050800Z-fx-89687ae2-R032,pra2026-bh408@3d036144-16-32K-row0-greedy1024,3d03614452cd0a925abc82a7686560ff80252dfa,0,rank0,HCU0:TCA23906041001,chatcmpl-bench-7f1746b7-0-9eeec82b-9c959c99,15,15,6,0,decode,1,1,20593,20594,linear_attention,,,"[1,5120]","[1,5120]","[3,1]","[1,5120]","[1,5120]",False,False,False,,,,0,0,4308579588510798,4308579590030882,
input15_layer7,,,,20260729T050800Z-fx-89687ae2-R032,pra2026-bh408@3d036144-16-32K-row0-greedy1024,3d03614452cd0a925abc82a7686560ff80252dfa,0,rank0,HCU0:TCA23906041001,chatcmpl-bench-7f1746b7-0-9eeec82b-9c959c99,15,15,7,0,decode,1,1,20593,20594,full_attention,,,"[1,5120]","[1,5120]","[3,1]","[1,5120]","[1,5120]",False,False,False,,,,0,0,4308579591706038,4308579593652846,
input15_layer8,,,,20260729T050800Z-fx-89687ae2-R032,pra2026-bh408@3d036144-16-32K-row0-greedy1024,3d03614452cd0a925abc82a7686560ff80252dfa,0,rank0,HCU0:TCA23906041001,chatcmpl-bench-7f1746b7-0-9eeec82b-9c959c99,15,15,8,0,decode,1,1,20593,20594,linear_attention,,,"[1,5120]","[1,5120]","[3,1]","[1,5120]","[1,5120]",False,False,False,,,,0,0,4308579595397442,4308579596934246,
input15_layer9,,,,20260729T050800Z-fx-89687ae2-R032,pra2026-bh408@3d036144-16-32K-row0-greedy1024,3d03614452cd0a925abc82a7686560ff80252dfa,0,rank0,HCU0:TCA23906041001,chatcmpl-bench-7f1746b7-0-9eeec82b-9c959c99,15,15,9,0,decode,1,1,20593,20594,linear_attention,,,"[1,5120]","[1,5120]","[3,1]","[1,5120]","[1,5120]",False,False,False,,,,0,0,4308579598612012,4308579600144416,
input15_layer10,,,,20260729T050800Z-fx-89687ae2-R032,pra2026-bh408@3d036144-16-32K-row0-greedy1024,3d03614452cd0a925abc82a7686560ff80252dfa,0,rank0,HCU0:TCA23906041001,chatcmpl-bench-7f1746b7-0-9eeec82b-9c959c99,15,15,10,0,decode,1,1,20593,20594,linear_attention,,,"[1,5120]","[1,5120]","[3,1]","[1,5120]","[1,5120]",False,False,False,,,,0,0,4308579601810692,4308579603348116,
input15_layer11,,,,20260729T050800Z-fx-89687ae2-R032,pra2026-bh408@3d036144-16-32K-row0-greedy1024,3d03614452cd0a925abc82a7686560ff80252dfa,0,rank0,HCU0:TCA23906041001,chatcmpl-bench-7f1746b7-0-9eeec82b-9c959c99,15,15,11,0,decode,1,1,20593,20594,full_attention,,,"[1,5120]","[1,5120]","[3,1]","[1,5120]","[1,5120]",False,False,False,,,,0,0,4308579605151163,4308579607091321,
input15_layer12,,,,20260729T050800Z-fx-89687ae2-R032,pra2026-bh408@3d036144-16-32K-row0-greedy1024,3d03614452cd0a925abc82a7686560ff80252dfa,0,rank0,HCU0:TCA23906041001,chatcmpl-bench-7f1746b7-0-9eeec82b-9c959c99,15,15,12,0,decode,1,1,20593,20594,linear_attention,,,"[1,5120]","[1,5120]","[3,1]","[1,5120]","[1,5120]",False,False,False,,,,0,0,4308579608905888,4308579610449462,
input15_layer13,,,,20260729T050800Z-fx-89687ae2-R032,pra2026-bh408@3d036144-16-32K-row0-greedy1024,3d03614452cd0a925abc82a7686560ff80252dfa,0,rank0,HCU0:TCA23906041001,chatcmpl-bench-7f1746b7-0-9eeec82b-9c959c99,15,15,13,0,decode,1,1,20593,20594,linear_attention,,,"[1,5120]","[1,5120]","[3,1]","[1,5120]","[1,5120]",False,False,False,,,,0,0,4308579612203768,4308579613732453,
input15_layer14,,,,20260729T050800Z-fx-89687ae2-R032,pra2026-bh408@3d036144-16-32K-row0-greedy1024,3d03614452cd0a925abc82a7686560ff80252dfa,0,rank0,HCU0:TCA23906041001,chatcmpl-bench-7f1746b7-0-9eeec82b-9c959c99,15,15,14,0,decode,1,1,20593,20594,linear_attention,,,"[1,5120]","[1,5120]","[3,1]","[1,5120]","[1,5120]",False,False,False,,,,0,0,4308579615439098,4308579616979863,
input15_layer15,,,,20260729T050800Z-fx-89687ae2-R032,pra2026-bh408@3d036144-16-32K-row0-greedy1024,3d03614452cd0a925abc82a7686560ff80252dfa,0,rank0,HCU0:TCA23906041001,chatcmpl-bench-7f1746b7-0-9eeec82b-9c959c99,15,15,15,0,decode,1,1,20593,20594,full_attention,,,"[1,5120]","[1,5120]","[3,1]","[1,5120]","[1,5120]",False,False,False,,,,0,0,4308579620740608,4308579622678386,
input15_layer16,,,,20260729T050800Z-fx-89687ae2-R032,pra2026-bh408@3d036144-16-32K-row0-greedy1024,3d03614452cd0a925abc82a7686560ff80252dfa,0,rank0,HCU0:TCA23906041001,chatcmpl-bench-7f1746b7-0-9eeec82b-9c959c99,15,15,16,0,decode,1,1,20593,20594,linear_attention,,,"[1,5120]","[1,5120]","[3,1]","[1,5120]","[1,5120]",False,False,False,,,,0,0,4308579624589584,4308579626123108,
input15_layer17,,,,20260729T050800Z-fx-89687ae2-R032,pra2026-bh408@3d036144-16-32K-row0-greedy1024,3d03614452cd0a925abc82a7686560ff80252dfa,0,rank0,HCU0:TCA23906041001,chatcmpl-bench-7f1746b7-0-9eeec82b-9c959c99,15,15,17,0,decode,1,1,20593,20594,linear_attention,,,"[1,5120]","[1,5120]","[3,1]","[1,5120]","[1,5120]",False,False,False,,,,0,0,4308579628240037,4308579629755512,
input15_layer18,,,,20260729T050800Z-fx-89687ae2-R032,pra2026-bh408@3d036144-16-32K-row0-greedy1024,3d03614452cd0a925abc82a7686560ff80252dfa,0,rank0,HCU0:TCA23906041001,chatcmpl-bench-7f1746b7-0-9eeec82b-9c959c99,15,15,18,0,decode,1,1,20593,20594,linear_attention,,,"[1,5120]","[1,5120]","[3,1]","[1,5120]","[1,5120]",False,False,False,,,,0,0,4308579631660229,4308579633183093,
input15_layer19,,,,20260729T050800Z-fx-89687ae2-R032,pra2026-bh408@3d036144-16-32K-row0-greedy1024,3d03614452cd0a925abc82a7686560ff80252dfa,0,rank0,HCU0:TCA23906041001,chatcmpl-bench-7f1746b7-0-9eeec82b-9c959c99,15,15,19,0,decode,1,1,20593,20594,full_attention,,,"[1,5120]","[1,5120]","[3,1]","[1,5120]","[1,5120]",False,False,False,,,,0,0,4308579634949110,4308579636870158,
input15_layer20,,,,20260729T050800Z-fx-89687ae2-R032,pra2026-bh408@3d036144-16-32K-row0-greedy1024,3d03614452cd0a925abc82a7686560ff80252dfa,0,rank0,HCU0:TCA23906041001,chatcmpl-bench-7f1746b7-0-9eeec82b-9c959c99,15,15,20,0,decode,1,1,20593,20594,linear_attention,,,"[1,5120]","[1,5120]","[3,1]","[1,5120]","[1,5120]",False,False,False,,,,0,0,4308579638777175,4308579640333510,
input15_layer21,,,,20260729T050800Z-fx-89687ae2-R032,pra2026-bh408@3d036144-16-32K-row0-greedy1024,3d03614452cd0a925abc82a7686560ff80252dfa,0,rank0,HCU0:TCA23906041001,chatcmpl-bench-7f1746b7-0-9eeec82b-9c959c99,15,15,21,0,decode,1,1,20593,20594,linear_attention,,,"[1,5120]","[1,5120]","[3,1]","[1,5120]","[1,5120]",False,False,False,,,,0,0,4308579642147767,4308579643688921,
input15_layer22,,,,20260729T050800Z-fx-89687ae2-R032,pra2026-bh408@3d036144-16-32K-row0-greedy1024,3d03614452cd0a925abc82a7686560ff80252dfa,0,rank0,HCU0:TCA23906041001,chatcmpl-bench-7f1746b7-0-9eeec82b-9c959c99,15,15,22,0,decode,1,1,20593,20594,linear_attention,,,"[1,5120]","[1,5120]","[3,1]","[1,5120]","[1,5120]",False,False,False,,,,0,0,4308579645384887,4308579646912261,
input15_layer23,,,,20260729T050800Z-fx-89687ae2-R032,pra2026-bh408@3d036144-16-32K-row0-greedy1024,3d03614452cd0a925abc82a7686560ff80252dfa,0,rank0,HCU0:TCA23906041001,chatcmpl-bench-7f1746b7-0-9eeec82b-9c959c99,15,15,23,0,decode,1,1,20593,20594,full_attention,,,"[1,5120]","[1,5120]","[3,1]","[1,5120]","[1,5120]",False,False,False,,,,0,0,4308579648755178,4308579650694076,
input15_layer24,,,,20260729T050800Z-fx-89687ae2-R032,pra2026-bh408@3d036144-16-32K-row0-greedy1024,3d03614452cd0a925abc82a7686560ff80252dfa,0,rank0,HCU0:TCA23906041001,chatcmpl-bench-7f1746b7-0-9eeec82b-9c959c99,15,15,24,0,decode,1,1,20593,20594,linear_attention,,,"[1,5120]","[1,5120]","[3,1]","[1,5120]","[1,5120]",False,False,False,,,,0,0,4308579652731815,4308579654285870,
input15_layer25,,,,20260729T050800Z-fx-89687ae2-R032,pra2026-bh408@3d036144-16-32K-row0-greedy1024,3d03614452cd0a925abc82a7686560ff80252dfa,0,rank0,HCU0:TCA23906041001,chatcmpl-bench-7f1746b7-0-9eeec82b-9c959c99,15,15,25,0,decode,1,1,20593,20594,linear_attention,,,"[1,5120]","[1,5120]","[3,1]","[1,5120]","[1,5120]",False,False,False,,,,0,0,4308579656039426,4308579657581040,
input15_layer26,,,,20260729T050800Z-fx-89687ae2-R032,pra2026-bh408@3d036144-16-32K-row0-greedy1024,3d03614452cd0a925abc82a7686560ff80252dfa,0,rank0,HCU0:TCA23906041001,chatcmpl-bench-7f1746b7-0-9eeec82b-9c959c99,15,15,26,0,decode,1,1,20593,20594,linear_attention,,,"[1,5120]","[1,5120]","[3,1]","[1,5120]","[1,5120]",False,False,False,,,,0,0,4308579659274306,4308579660804850,
input15_layer27,,,,20260729T050800Z-fx-89687ae2-R032,pra2026-bh408@3d036144-16-32K-row0-greedy1024,3d03614452cd0a925abc82a7686560ff80252dfa,0,rank0,HCU0:TCA23906041001,chatcmpl-bench-7f1746b7-0-9eeec82b-9c959c99,15,15,27,0,decode,1,1,20593,20594,full_attention,,,"[1,5120]","[1,5120]","[3,1]","[1,5120]","[1,5120]",False,False,False,,,,0,0,4308579662710408,4308579664646166,
input15_layer28,,,,20260729T050800Z-fx-89687ae2-R032,pra2026-bh408@3d036144-16-32K-row0-greedy1024,3d03614452cd0a925abc82a7686560ff80252dfa,0,rank0,HCU0:TCA23906041001,chatcmpl-bench-7f1746b7-0-9eeec82b-9c959c99,15,15,28,0,decode,1,1,20593,20594,linear_attention,,,"[1,5120]","[1,5120]","[3,1]","[1,5120]","[1,5120]",False,False,False,,,,0,0,4308579667058688,4308579668796585,
input15_layer29,,,,20260729T050800Z-fx-89687ae2-R032,pra2026-bh408@3d036144-16-32K-row0-greedy1024,3d03614452cd0a925abc82a7686560ff80252dfa,0,rank0,HCU0:TCA23906041001,chatcmpl-bench-7f1746b7-0-9eeec82b-9c959c99,15,15,29,0,decode,1,1,20593,20594,linear_attention,,,"[1,5120]","[1,5120]","[3,1]","[1,5120]","[1,5120]",False,False,False,,,,0,0,4308579670825913,4308579672379128,
input15_layer30,,,,20260729T050800Z-fx-89687ae2-R032,pra2026-bh408@3d036144-16-32K-row0-greedy1024,3d03614452cd0a925abc82a7686560ff80252dfa,0,rank0,HCU0:TCA23906041001,chatcmpl-bench-7f1746b7-0-9eeec82b-9c959c99,15,15,30,0,decode,1,1,20593,20594,linear_attention,,,"[1,5120]","[1,5120]","[3,1]","[1,5120]","[1,5120]",False,False,False,,,,0,0,4308579674013923,4308579675556727,
input15_layer31,,,,20260729T050800Z-fx-89687ae2-R032,pra2026-bh408@3d036144-16-32K-row0-greedy1024,3d03614452cd0a925abc82a7686560ff80252dfa,0,rank0,HCU0:TCA23906041001,chatcmpl-bench-7f1746b7-0-9eeec82b-9c959c99,15,15,31,0,decode,1,1,20593,20594,full_attention,,,"[1,5120]","[1,5120]","[3,1]","[1,5120]","[1,5120]",False,False,False,,,,0,0,4308579677347664,4308579679279492,
input15_layer32,,,,20260729T050800Z-fx-89687ae2-R032,pra2026-bh408@3d036144-16-32K-row0-greedy1024,3d03614452cd0a925abc82a7686560ff80252dfa,0,rank0,HCU0:TCA23906041001,chatcmpl-bench-7f1746b7-0-9eeec82b-9c959c99,15,15,32,0,decode,1,1,20593,20594,linear_attention,,,"[1,5120]","[1,5120]","[3,1]","[1,5120]","[1,5120]",False,False,False,,,,0,0,4308579681346151,4308579682885085,
input15_layer33,,,,20260729T050800Z-fx-89687ae2-R032,pra2026-bh408@3d036144-16-32K-row0-greedy1024,3d03614452cd0a925abc82a7686560ff80252dfa,0,rank0,HCU0:TCA23906041001,chatcmpl-bench-7f1746b7-0-9eeec82b-9c959c99,15,15,33,0,decode,1,1,20593,20594,linear_attention,,,"[1,5120]","[1,5120]","[3,1]","[1,5120]","[1,5120]",False,False,False,,,,0,0,4308579684895034,4308579686433538,
input15_layer34,,,,20260729T050800Z-fx-89687ae2-R032,pra2026-bh408@3d036144-16-32K-row0-greedy1024,3d03614452cd0a925abc82a7686560ff80252dfa,0,rank0,HCU0:TCA23906041001,chatcmpl-bench-7f1746b7-0-9eeec82b-9c959c99,15,15,34,0,decode,1,1,20593,20594,linear_attention,,,"[1,5120]","[1,5120]","[3,1]","[1,5120]","[1,5120]",False,False,False,,,,0,0,4308579688140764,4308579689681689,
input15_layer35,,,,20260729T050800Z-fx-89687ae2-R032,pra2026-bh408@3d036144-16-32K-row0-greedy1024,3d03614452cd0a925abc82a7686560ff80252dfa,0,rank0,HCU0:TCA23906041001,chatcmpl-bench-7f1746b7-0-9eeec82b-9c959c99,15,15,35,0,decode,1,1,20593,20594,full_attention,,,"[1,5120]","[1,5120]","[3,1]","[1,5120]","[1,5120]",False,False,False,,,,0,0,4308579691331594,4308579693277762,
input15_layer36,,,,20260729T050800Z-fx-89687ae2-R032,pra2026-bh408@3d036144-16-32K-row0-greedy1024,3d03614452cd0a925abc82a7686560ff80252dfa,0,rank0,HCU0:TCA23906041001,chatcmpl-bench-7f1746b7-0-9eeec82b-9c959c99,15,15,36,0,decode,1,1,20593,20594,linear_attention,,,"[1,5120]","[1,5120]","[3,1]","[1,5120]","[1,5120]",False,False,False,,,,0,0,4308579694792026,4308579696372201,
input15_layer37,,,,20260729T050800Z-fx-89687ae2-R032,pra2026-bh408@3d036144-16-32K-row0-greedy1024,3d03614452cd0a925abc82a7686560ff80252dfa,0,rank0,HCU0:TCA23906041001,chatcmpl-bench-7f1746b7-0-9eeec82b-9c959c99,15,15,37,0,decode,1,1,20593,20594,linear_attention,,,"[1,5120]","[1,5120]","[3,1]","[1,5120]","[1,5120]",False,False,False,,,,0,0,4308579698042296,4308579699573401,
input15_layer38,,,,20260729T050800Z-fx-89687ae2-R032,pra2026-bh408@3d036144-16-32K-row0-greedy1024,3d03614452cd0a925abc82a7686560ff80252dfa,0,rank0,HCU0:TCA23906041001,chatcmpl-bench-7f1746b7-0-9eeec82b-9c959c99,15,15,38,0,decode,1,1,20593,20594,linear_attention,,,"[1,5120]","[1,5120]","[3,1]","[1,5120]","[1,5120]",False,False,False,,,,0,0,4308579701224346,4308579702746140,
input15_layer39,,,,20260729T050800Z-fx-89687ae2-R032,pra2026-bh408@3d036144-16-32K-row0-greedy1024,3d03614452cd0a925abc82a7686560ff80252dfa,0,rank0,HCU0:TCA23906041001,chatcmpl-bench-7f1746b7-0-9eeec82b-9c959c99,15,15,39,0,decode,1,1,20593,20594,full_attention,,,"[1,5120]","[1,5120]","[3,1]","[1,5120]","[1,5120]",False,False,False,,,,0,0,4308579704484396,4308579706425034,
input15_layer40,,,,20260729T050800Z-fx-89687ae2-R032,pra2026-bh408@3d036144-16-32K-row0-greedy1024,3d03614452cd0a925abc82a7686560ff80252dfa,0,rank0,HCU0:TCA23906041001,chatcmpl-bench-7f1746b7-0-9eeec82b-9c959c99,15,15,40,0,decode,1,1,20593,20594,linear_attention,,,"[1,5120]","[1,5120]","[3,1]","[1,5120]","[1,5120]",False,False,False,,,,0,0,4308579708343622,4308579709887007,
input15_layer41,,,,20260729T050800Z-fx-89687ae2-R032,pra2026-bh408@3d036144-16-32K-row0-greedy1024,3d03614452cd0a925abc82a7686560ff80252dfa,0,rank0,HCU0:TCA23906041001,chatcmpl-bench-7f1746b7-0-9eeec82b-9c959c99,15,15,41,0,decode,1,1,20593,20594,linear_attention,,,"[1,5120]","[1,5120]","[3,1]","[1,5120]","[1,5120]",False,False,False,,,,0,0,4308579711533072,4308579713064216,
input15_layer42,,,,20260729T050800Z-fx-89687ae2-R032,pra2026-bh408@3d036144-16-32K-row0-greedy1024,3d03614452cd0a925abc82a7686560ff80252dfa,0,rank0,HCU0:TCA23906041001,chatcmpl-bench-7f1746b7-0-9eeec82b-9c959c99,15,15,42,0,decode,1,1,20593,20594,linear_attention,,,"[1,5120]","[1,5120]","[3,1]","[1,5120]","[1,5120]",False,False,False,,,,0,0,4308579714761372,4308579716317376,
input15_layer43,,,,20260729T050800Z-fx-89687ae2-R032,pra2026-bh408@3d036144-16-32K-row0-greedy1024,3d03614452cd0a925abc82a7686560ff80252dfa,0,rank0,HCU0:TCA23906041001,chatcmpl-bench-7f1746b7-0-9eeec82b-9c959c99,15,15,43,0,decode,1,1,20593,20594,full_attention,,,"[1,5120]","[1,5120]","[3,1]","[1,5120]","[1,5120]",False,False,False,,,,0,0,4308579718118693,4308579720059481,
input15_layer44,,,,20260729T050800Z-fx-89687ae2-R032,pra2026-bh408@3d036144-16-32K-row0-greedy1024,3d03614452cd0a925abc82a7686560ff80252dfa,0,rank0,HCU0:TCA23906041001,chatcmpl-bench-7f1746b7-0-9eeec82b-9c959c99,15,15,44,0,decode,1,1,20593,20594,linear_attention,,,"[1,5120]","[1,5120]","[3,1]","[1,5120]","[1,5120]",False,False,False,,,,0,0,4308579721818107,4308579723392402,
input15_layer45,,,,20260729T050800Z-fx-89687ae2-R032,pra2026-bh408@3d036144-16-32K-row0-greedy1024,3d03614452cd0a925abc82a7686560ff80252dfa,0,rank0,HCU0:TCA23906041001,chatcmpl-bench-7f1746b7-0-9eeec82b-9c959c99,15,15,45,0,decode,1,1,20593,20594,linear_attention,,,"[1,5120]","[1,5120]","[3,1]","[1,5120]","[1,5120]",False,False,False,,,,0,0,4308579725198109,4308579726721363,
input15_layer46,,,,20260729T050800Z-fx-89687ae2-R032,pra2026-bh408@3d036144-16-32K-row0-greedy1024,3d03614452cd0a925abc82a7686560ff80252dfa,0,rank0,HCU0:TCA23906041001,chatcmpl-bench-7f1746b7-0-9eeec82b-9c959c99,15,15,46,0,decode,1,1,20593,20594,linear_attention,,,"[1,5120]","[1,5120]","[3,1]","[1,5120]","[1,5120]",False,False,False,,,,0,0,4308579728271457,4308579729808302,
input15_layer47,,,,20260729T050800Z-fx-89687ae2-R032,pra2026-bh408@3d036144-16-32K-row0-greedy1024,3d03614452cd0a925abc82a7686560ff80252dfa,0,rank0,HCU0:TCA23906041001,chatcmpl-bench-7f1746b7-0-9eeec82b-9c959c99,15,15,47,0,decode,1,1,20593,20594,full_attention,,,"[1,5120]","[1,5120]","[3,1]","[1,5120]","[1,5120]",False,False,False,,,,0,0,4308579731445957,4308579733392485,
input15_layer48,,,,20260729T050800Z-fx-89687ae2-R032,pra2026-bh408@3d036144-16-32K-row0-greedy1024,3d03614452cd0a925abc82a7686560ff80252dfa,0,rank0,HCU0:TCA23906041001,chatcmpl-bench-7f1746b7-0-9eeec82b-9c959c99,15,15,48,0,decode,1,1,20593,20594,linear_attention,,,"[1,5120]","[1,5120]","[3,1]","[1,5120]","[1,5120]",False,False,False,,,,0,0,4308579735200222,4308579736744296,
input15_layer49,,,,20260729T050800Z-fx-89687ae2-R032,pra2026-bh408@3d036144-16-32K-row0-greedy1024,3d03614452cd0a925abc82a7686560ff80252dfa,0,rank0,HCU0:TCA23906041001,chatcmpl-bench-7f1746b7-0-9eeec82b-9c959c99,15,15,49,0,decode,1,1,20593,20594,linear_attention,,,"[1,5120]","[1,5120]","[3,1]","[1,5120]","[1,5120]",False,False,False,,,,0,0,4308579738598683,4308579740124408,
input15_layer50,,,,20260729T050800Z-fx-89687ae2-R032,pra2026-bh408@3d036144-16-32K-row0-greedy1024,3d03614452cd0a925abc82a7686560ff80252dfa,0,rank0,HCU0:TCA23906041001,chatcmpl-bench-7f1746b7-0-9eeec82b-9c959c99,15,15,50,0,decode,1,1,20593,20594,linear_attention,,,"[1,5120]","[1,5120]","[3,1]","[1,5120]","[1,5120]",False,False,False,,,,0,0,4308579741965605,4308579743500499,
input15_layer51,,,,20260729T050800Z-fx-89687ae2-R032,pra2026-bh408@3d036144-16-32K-row0-greedy1024,3d03614452cd0a925abc82a7686560ff80252dfa,0,rank0,HCU0:TCA23906041001,chatcmpl-bench-7f1746b7-0-9eeec82b-9c959c99,15,15,51,0,decode,1,1,20593,20594,full_attention,,,"[1,5120]","[1,5120]","[3,1]","[1,5120]","[1,5120]",False,False,False,,,,0,0,4308579745253455,4308579747203843,
input15_layer52,,,,20260729T050800Z-fx-89687ae2-R032,pra2026-bh408@3d036144-16-32K-row0-greedy1024,3d03614452cd0a925abc82a7686560ff80252dfa,0,rank0,HCU0:TCA23906041001,chatcmpl-bench-7f1746b7-0-9eeec82b-9c959c99,15,15,52,0,decode,1,1,20593,20594,linear_attention,,,"[1,5120]","[1,5120]","[3,1]","[1,5120]","[1,5120]",False,False,False,,,,0,0,4308579749315303,4308579750853987,
input15_layer53,,,,20260729T050800Z-fx-89687ae2-R032,pra2026-bh408@3d036144-16-32K-row0-greedy1024,3d03614452cd0a925abc82a7686560ff80252dfa,0,rank0,HCU0:TCA23906041001,chatcmpl-bench-7f1746b7-0-9eeec82b-9c959c99,15,15,53,0,decode,1,1,20593,20594,linear_attention,,,"[1,5120]","[1,5120]","[3,1]","[1,5120]","[1,5120]",False,False,False,,,,0,0,4308579752547243,4308579754076987,
input15_layer54,,,,20260729T050800Z-fx-89687ae2-R032,pra2026-bh408@3d036144-16-32K-row0-greedy1024,3d03614452cd0a925abc82a7686560ff80252dfa,0,rank0,HCU0:TCA23906041001,chatcmpl-bench-7f1746b7-0-9eeec82b-9c959c99,15,15,54,0,decode,1,1,20593,20594,linear_attention,,,"[1,5120]","[1,5120]","[3,1]","[1,5120]","[1,5120]",False,False,False,,,,0,0,4308579755778443,4308579757334038,
input15_layer55,,,,20260729T050800Z-fx-89687ae2-R032,pra2026-bh408@3d036144-16-32K-row0-greedy1024,3d03614452cd0a925abc82a7686560ff80252dfa,0,rank0,HCU0:TCA23906041001,chatcmpl-bench-7f1746b7-0-9eeec82b-9c959c99,15,15,55,0,decode,1,1,20593,20594,full_attention,,,"[1,5120]","[1,5120]","[3,1]","[1,5120]","[1,5120]",False,False,False,,,,0,0,4308579759023823,4308579760954461,
input15_layer56,,,,20260729T050800Z-fx-89687ae2-R032,pra2026-bh408@3d036144-16-32K-row0-greedy1024,3d03614452cd0a925abc82a7686560ff80252dfa,0,rank0,HCU0:TCA23906041001,chatcmpl-bench-7f1746b7-0-9eeec82b-9c959c99,15,15,56,0,decode,1,1,20593,20594,linear_attention,,,"[1,5120]","[1,5120]","[3,1]","[1,5120]","[1,5120]",False,False,False,,,,0,0,4308579762698678,4308579764257722,
input15_layer57,,,,20260729T050800Z-fx-89687ae2-R032,pra2026-bh408@3d036144-16-32K-row0-greedy1024,3d03614452cd0a925abc82a7686560ff80252dfa,0,rank0,HCU0:TCA23906041001,chatcmpl-bench-7f1746b7-0-9eeec82b-9c959c99,15,15,57,0,decode,1,1,20593,20594,linear_attention,,,"[1,5120]","[1,5120]","[3,1]","[1,5120]","[1,5120]",False,False,False,,,,0,0,4308579765938778,4308579767474192,
input15_layer58,,,,20260729T050800Z-fx-89687ae2-R032,pra2026-bh408@3d036144-16-32K-row0-greedy1024,3d03614452cd0a925abc82a7686560ff80252dfa,0,rank0,HCU0:TCA23906041001,chatcmpl-bench-7f1746b7-0-9eeec82b-9c959c99,15,15,58,0,decode,1,1,20593,20594,linear_attention,,,"[1,5120]","[1,5120]","[3,1]","[1,5120]","[1,5120]",False,False,False,,,,0,0,4308579769069677,4308579770597421,
input15_layer59,,,,20260729T050800Z-fx-89687ae2-R032,pra2026-bh408@3d036144-16-32K-row0-greedy1024,3d03614452cd0a925abc82a7686560ff80252dfa,0,rank0,HCU0:TCA23906041001,chatcmpl-bench-7f1746b7-0-9eeec82b-9c959c99,15,15,59,0,decode,1,1,20593,20594,full_attention,,,"[1,5120]","[1,5120]","[3,1]","[1,5120]","[1,5120]",False,False,False,,,,0,0,4308579772331407,4308579774271515,
input15_layer60,,,,20260729T050800Z-fx-89687ae2-R032,pra2026-bh408@3d036144-16-32K-row0-greedy1024,3d03614452cd0a925abc82a7686560ff80252dfa,0,rank0,HCU0:TCA23906041001,chatcmpl-bench-7f1746b7-0-9eeec82b-9c959c99,15,15,60,0,decode,1,1,20593,20594,linear_attention,,,"[1,5120]","[1,5120]","[3,1]","[1,5120]","[1,5120]",False,False,False,,,,0,0,4308579776222993,4308579777762188,
input15_layer61,,,,20260729T050800Z-fx-89687ae2-R032,pra2026-bh408@3d036144-16-32K-row0-greedy1024,3d03614452cd0a925abc82a7686560ff80252dfa,0,rank0,HCU0:TCA23906041001,chatcmpl-bench-7f1746b7-0-9eeec82b-9c959c99,15,15,61,0,decode,1,1,20593,20594,linear_attention,,,"[1,5120]","[1,5120]","[3,1]","[1,5120]","[1,5120]",False,False,False,,,,0,0,4308579779817817,4308579781364781,
input15_layer62,,,,20260729T050800Z-fx-89687ae2-R032,pra2026-bh408@3d036144-16-32K-row0-greedy1024,3d03614452cd0a925abc82a7686560ff80252dfa,0,rank0,HCU0:TCA23906041001,chatcmpl-bench-7f1746b7-0-9eeec82b-9c959c99,15,15,62,0,decode,1,1,20593,20594,linear_attention,,,"[1,5120]","[1,5120]","[3,1]","[1,5120]","[1,5120]",False,False,False,,,,0,0,4308579783192698,4308579784717492,
input15_layer63,,,,20260729T050800Z-fx-89687ae2-R032,pra2026-bh408@3d036144-16-32K-row0-greedy1024,3d03614452cd0a925abc82a7686560ff80252dfa,0,rank0,HCU0:TCA23906041001,chatcmpl-bench-7f1746b7-0-9eeec82b-9c959c99,15,15,63,0,decode,1,1,20593,20594,full_attention,,,"[1,5120]","[1,5120]","[3,1]","[1,5120]","[1,5120]",False,False,False,,,,0,0,4308579786486359,4308579788428357,
input16_layer0,,,,20260729T050800Z-fx-89687ae2-R032,pra2026-bh408@3d036144-16-32K-row0-greedy1024,3d03614452cd0a925abc82a7686560ff80252dfa,0,rank0,HCU0:TCA23906041001,chatcmpl-bench-7f1746b7-0-9eeec82b-9c959c99,16,16,0,0,decode,1,1,20594,20595,linear_attention,,,"[1,5120]",null,"[3,1]","[1,5120]","[1,5120]",False,False,False,,,,0,0,4308579793536244,4308579795274560,
input16_layer1,,,,20260729T050800Z-fx-89687ae2-R032,pra2026-bh408@3d036144-16-32K-row0-greedy1024,3d03614452cd0a925abc82a7686560ff80252dfa,0,rank0,HCU0:TCA23906041001,chatcmpl-bench-7f1746b7-0-9eeec82b-9c959c99,16,16,1,0,decode,1,1,20594,20595,linear_attention,,,"[1,5120]","[1,5120]","[3,1]","[1,5120]","[1,5120]",False,False,False,,,,0,0,4308579797096387,4308579798664682,
input16_layer2,,,,20260729T050800Z-fx-89687ae2-R032,pra2026-bh408@3d036144-16-32K-row0-greedy1024,3d03614452cd0a925abc82a7686560ff80252dfa,0,rank0,HCU0:TCA23906041001,chatcmpl-bench-7f1746b7-0-9eeec82b-9c959c99,16,16,2,0,decode,1,1,20594,20595,linear_attention,,,"[1,5120]","[1,5120]","[3,1]","[1,5120]","[1,5120]",False,False,False,,,,0,0,4308579800423908,4308579801955223,
input16_layer3,,,,20260729T050800Z-fx-89687ae2-R032,pra2026-bh408@3d036144-16-32K-row0-greedy1024,3d03614452cd0a925abc82a7686560ff80252dfa,0,rank0,HCU0:TCA23906041001,chatcmpl-bench-7f1746b7-0-9eeec82b-9c959c99,16,16,3,0,decode,1,1,20594,20595,full_attention,,,"[1,5120]","[1,5120]","[3,1]","[1,5120]","[1,5120]",False,False,False,,,,0,0,4308579803559857,4308579805566046,
input16_layer4,,,,20260729T050800Z-fx-89687ae2-R032,pra2026-bh408@3d036144-16-32K-row0-greedy1024,3d03614452cd0a925abc82a7686560ff80252dfa,0,rank0,HCU0:TCA23906041001,chatcmpl-bench-7f1746b7-0-9eeec82b-9c959c99,16,16,4,0,decode,1,1,20594,20595,linear_attention,,,"[1,5120]","[1,5120]","[3,1]","[1,5120]","[1,5120]",False,False,False,,,,0,0,4308579807116420,4308579808662495,
input16_layer5,,,,20260729T050800Z-fx-89687ae2-R032,pra2026-bh408@3d036144-16-32K-row0-greedy1024,3d03614452cd0a925abc82a7686560ff80252dfa,0,rank0,HCU0:TCA23906041001,chatcmpl-bench-7f1746b7-0-9eeec82b-9c959c99,16,16,5,0,decode,1,1,20594,20595,linear_attention,,,"[1,5120]","[1,5120]","[3,1]","[1,5120]","[1,5120]",False,False,False,,,,0,0,4308579810314800,4308579811836664,
input16_layer6,,,,20260729T050800Z-fx-89687ae2-R032,pra2026-bh408@3d036144-16-32K-row0-greedy1024,3d03614452cd0a925abc82a7686560ff80252dfa,0,rank0,HCU0:TCA23906041001,chatcmpl-bench-7f1746b7-0-9eeec82b-9c959c99,16,16,6,0,decode,1,1,20594,20595,linear_attention,,,"[1,5120]","[1,5120]","[3,1]","[1,5120]","[1,5120]",False,False,False,,,,0,0,4308579813312718,4308579814839982,
input16_layer7,,,,20260729T050800Z-fx-89687ae2-R032,pra2026-bh408@3d036144-16-32K-row0-greedy1024,3d03614452cd0a925abc82a7686560ff80252dfa,0,rank0,HCU0:TCA23906041001,chatcmpl-bench-7f1746b7-0-9eeec82b-9c959c99,16,16,7,0,decode,1,1,20594,20595,full_attention,,,"[1,5120]","[1,5120]","[3,1]","[1,5120]","[1,5120]",False,False,False,,,,0,0,4308579816543738,4308579818495626,
input16_layer8,,,,20260729T050800Z-fx-89687ae2-R032,pra2026-bh408@3d036144-16-32K-row0-greedy1024,3d03614452cd0a925abc82a7686560ff80252dfa,0,rank0,HCU0:TCA23906041001,chatcmpl-bench-7f1746b7-0-9eeec82b-9c959c99,16,16,8,0,decode,1,1,20594,20595,linear_attention,,,"[1,5120]","[1,5120]","[3,1]","[1,5120]","[1,5120]",False,False,False,,,,0,0,4308579820076421,4308579821610565,
input16_layer9,,,,20260729T050800Z-fx-89687ae2-R032,pra2026-bh408@3d036144-16-32K-row0-greedy1024,3d03614452cd0a925abc82a7686560ff80252dfa,0,rank0,HCU0:TCA23906041001,chatcmpl-bench-7f1746b7-0-9eeec82b-9c959c99,16,16,9,0,decode,1,1,20594,20595,linear_attention,,,"[1,5120]","[1,5120]","[3,1]","[1,5120]","[1,5120]",False,False,False,,,,0,0,4308579823097209,4308579824639493,
input16_layer10,,,,20260729T050800Z-fx-89687ae2-R032,pra2026-bh408@3d036144-16-32K-row0-greedy1024,3d03614452cd0a925abc82a7686560ff80252dfa,0,rank0,HCU0:TCA23906041001,chatcmpl-bench-7f1746b7-0-9eeec82b-9c959c99,16,16,10,0,decode,1,1,20594,20595,linear_attention,,,"[1,5120]","[1,5120]","[3,1]","[1,5120]","[1,5120]",False,False,False,,,,0,0,4308579826192468,4308579827743862,
input16_layer11,,,,20260729T050800Z-fx-89687ae2-R032,pra2026-bh408@3d036144-16-32K-row0-greedy1024,3d03614452cd0a925abc82a7686560ff80252dfa,0,rank0,HCU0:TCA23906041001,chatcmpl-bench-7f1746b7-0-9eeec82b-9c959c99,16,16,11,0,decode,1,1,20594,20595,full_attention,,,"[1,5120]","[1,5120]","[3,1]","[1,5120]","[1,5120]",False,False,False,,,,0,0,4308579829382217,4308579831306065,
input16_layer12,,,,20260729T050800Z-fx-89687ae2-R032,pra2026-bh408@3d036144-16-32K-row0-greedy1024,3d03614452cd0a925abc82a7686560ff80252dfa,0,rank0,HCU0:TCA23906041001,chatcmpl-bench-7f1746b7-0-9eeec82b-9c959c99,16,16,12,0,decode,1,1,20594,20595,linear_attention,,,"[1,5120]","[1,5120]","[3,1]","[1,5120]","[1,5120]",False,False,False,,,,0,0,4308579832879390,4308579834421044,
input16_layer13,,,,20260729T050800Z-fx-89687ae2-R032,pra2026-bh408@3d036144-16-32K-row0-greedy1024,3d03614452cd0a925abc82a7686560ff80252dfa,0,rank0,HCU0:TCA23906041001,chatcmpl-bench-7f1746b7-0-9eeec82b-9c959c99,16,16,13,0,decode,1,1,20594,20595,linear_attention,,,"[1,5120]","[1,5120]","[3,1]","[1,5120]","[1,5120]",False,False,False,,,,0,0,4308579836196181,4308579837721185,
input16_layer14,,,,20260729T050800Z-fx-89687ae2-R032,pra2026-bh408@3d036144-16-32K-row0-greedy1024,3d03614452cd0a925abc82a7686560ff80252dfa,0,rank0,HCU0:TCA23906041001,chatcmpl-bench-7f1746b7-0-9eeec82b-9c959c99,16,16,14,0,decode,1,1,20594,20595,linear_attention,,,"[1,5120]","[1,5120]","[3,1]","[1,5120]","[1,5120]",False,False,False,,,,0,0,4308579839214819,4308579840737823,
input16_layer15,,,,20260729T050800Z-fx-89687ae2-R032,pra2026-bh408@3d036144-16-32K-row0-greedy1024,3d03614452cd0a925abc82a7686560ff80252dfa,0,rank0,HCU0:TCA23906041001,chatcmpl-bench-7f1746b7-0-9eeec82b-9c959c99,16,16,15,0,decode,1,1,20594,20595,full_attention,,,"[1,5120]","[1,5120]","[3,1]","[1,5120]","[1,5120]",False,False,False,,,,0,0,4308579842340908,4308579844278716,
input16_layer16,,,,20260729T050800Z-fx-89687ae2-R032,pra2026-bh408@3d036144-16-32K-row0-greedy1024,3d03614452cd0a925abc82a7686560ff80252dfa,0,rank0,HCU0:TCA23906041001,chatcmpl-bench-7f1746b7-0-9eeec82b-9c959c99,16,16,16,0,decode,1,1,20594,20595,linear_attention,,,"[1,5120]","[1,5120]","[3,1]","[1,5120]","[1,5120]",False,False,False,,,,0,0,4308579845930661,4308579847491936,
input16_layer17,,,,20260729T050800Z-fx-89687ae2-R032,pra2026-bh408@3d036144-16-32K-row0-greedy1024,3d03614452cd0a925abc82a7686560ff80252dfa,0,rank0,HCU0:TCA23906041001,chatcmpl-bench-7f1746b7-0-9eeec82b-9c959c99,16,16,17,0,decode,1,1,20594,20595,linear_attention,,,"[1,5120]","[1,5120]","[3,1]","[1,5120]","[1,5120]",False,False,False,,,,0,0,4308579849167741,4308579850705246,
input16_layer18,,,,20260729T050800Z-fx-89687ae2-R032,pra2026-bh408@3d036144-16-32K-row0-greedy1024,3d03614452cd0a925abc82a7686560ff80252dfa,0,rank0,HCU0:TCA23906041001,chatcmpl-bench-7f1746b7-0-9eeec82b-9c959c99,16,16,18,0,decode,1,1,20594,20595,linear_attention,,,"[1,5120]","[1,5120]","[3,1]","[1,5120]","[1,5120]",False,False,False,,,,0,0,4308579852233310,4308579853760234,
input16_layer19,,,,20260729T050800Z-fx-89687ae2-R032,pra2026-bh408@3d036144-16-32K-row0-greedy1024,3d03614452cd0a925abc82a7686560ff80252dfa,0,rank0,HCU0:TCA23906041001,chatcmpl-bench-7f1746b7-0-9eeec82b-9c959c99,16,16,19,0,decode,1,1,20594,20595,full_attention,,,"[1,5120]","[1,5120]","[3,1]","[1,5120]","[1,5120]",False,False,False,,,,0,0,4308579855390079,4308579857342787,
input16_layer20,,,,20260729T050800Z-fx-89687ae2-R032,pra2026-bh408@3d036144-16-32K-row0-greedy1024,3d03614452cd0a925abc82a7686560ff80252dfa,0,rank0,HCU0:TCA23906041001,chatcmpl-bench-7f1746b7-0-9eeec82b-9c959c99,16,16,20,0,decode,1,1,20594,20595,linear_attention,,,"[1,5120]","[1,5120]","[3,1]","[1,5120]","[1,5120]",False,False,False,,,,0,0,4308579859134654,4308579860698969,
input16_layer21,,,,20260729T050800Z-fx-89687ae2-R032,pra2026-bh408@3d036144-16-32K-row0-greedy1024,3d03614452cd0a925abc82a7686560ff80252dfa,0,rank0,HCU0:TCA23906041001,chatcmpl-bench-7f1746b7-0-9eeec82b-9c959c99,16,16,21,0,decode,1,1,20594,20595,linear_attention,,,"[1,5120]","[1,5120]","[3,1]","[1,5120]","[1,5120]",False,False,False,,,,0,0,4308579862380634,4308579863919969,
input16_layer22,,,,20260729T050800Z-fx-89687ae2-R032,pra2026-bh408@3d036144-16-32K-row0-greedy1024,3d03614452cd0a925abc82a7686560ff80252dfa,0,rank0,HCU0:TCA23906041001,chatcmpl-bench-7f1746b7-0-9eeec82b-9c959c99,16,16,22,0,decode,1,1,20594,20595,linear_attention,,,"[1,5120]","[1,5120]","[3,1]","[1,5120]","[1,5120]",False,False,False,,,,0,0,4308579865821286,4308579867365161,
input16_layer23,,,,20260729T050800Z-fx-89687ae2-R032,pra2026-bh408@3d036144-16-32K-row0-greedy1024,3d03614452cd0a925abc82a7686560ff80252dfa,0,rank0,HCU0:TCA23906041001,chatcmpl-bench-7f1746b7-0-9eeec82b-9c959c99,16,16,23,0,decode,1,1,20594,20595,full_attention,,,"[1,5120]","[1,5120]","[3,1]","[1,5120]","[1,5120]",False,False,False,,,,0,0,4308579869241158,4308579871186176,
input16_layer24,,,,20260729T050800Z-fx-89687ae2-R032,pra2026-bh408@3d036144-16-32K-row0-greedy1024,3d03614452cd0a925abc82a7686560ff80252dfa,0,rank0,HCU0:TCA23906041001,chatcmpl-bench-7f1746b7-0-9eeec82b-9c959c99,16,16,24,0,decode,1,1,20594,20595,linear_attention,,,"[1,5120]","[1,5120]","[3,1]","[1,5120]","[1,5120]",False,False,False,,,,0,0,4308579872846672,4308579874404326,
input16_layer25,,,,20260729T050800Z-fx-89687ae2-R032,pra2026-bh408@3d036144-16-32K-row0-greedy1024,3d03614452cd0a925abc82a7686560ff80252dfa,0,rank0,HCU0:TCA23906041001,chatcmpl-bench-7f1746b7-0-9eeec82b-9c959c99,16,16,25,0,decode,1,1,20594,20595,linear_attention,,,"[1,5120]","[1,5120]","[3,1]","[1,5120]","[1,5120]",False,False,False,,,,0,0,4308579876036921,4308579877578856,
input16_layer26,,,,20260729T050800Z-fx-89687ae2-R032,pra2026-bh408@3d036144-16-32K-row0-greedy1024,3d03614452cd0a925abc82a7686560ff80252dfa,0,rank0,HCU0:TCA23906041001,chatcmpl-bench-7f1746b7-0-9eeec82b-9c959c99,16,16,26,0,decode,1,1,20594,20595,linear_attention,,,"[1,5120]","[1,5120]","[3,1]","[1,5120]","[1,5120]",False,False,False,,,,0,0,4308579879328022,4308579880879206,
input16_layer27,,,,20260729T050800Z-fx-89687ae2-R032,pra2026-bh408@3d036144-16-32K-row0-greedy1024,3d03614452cd0a925abc82a7686560ff80252dfa,0,rank0,HCU0:TCA23906041001,chatcmpl-bench-7f1746b7-0-9eeec82b-9c959c99,16,16,27,0,decode,1,1,20594,20595,full_attention,,,"[1,5120]","[1,5120]","[3,1]","[1,5120]","[1,5120]",False,False,False,,,,0,0,4308579882830644,4308579884772282,
input16_layer28,,,,20260729T050800Z-fx-89687ae2-R032,pra2026-bh408@3d036144-16-32K-row0-greedy1024,3d03614452cd0a925abc82a7686560ff80252dfa,0,rank0,HCU0:TCA23906041001,chatcmpl-bench-7f1746b7-0-9eeec82b-9c959c99,16,16,28,0,decode,1,1,20594,20595,linear_attention,,,"[1,5120]","[1,5120]","[3,1]","[1,5120]","[1,5120]",False,False,False,,,,0,0,4308579886651840,4308579888216384,
input16_layer29,,,,20260729T050800Z-fx-89687ae2-R032,pra2026-bh408@3d036144-16-32K-row0-greedy1024,3d03614452cd0a925abc82a7686560ff80252dfa,0,rank0,HCU0:TCA23906041001,chatcmpl-bench-7f1746b7-0-9eeec82b-9c959c99,16,16,29,0,decode,1,1,20594,20595,linear_attention,,,"[1,5120]","[1,5120]","[3,1]","[1,5120]","[1,5120]",False,False,False,,,,0,0,4308579890190723,4308579891722987,
input16_layer30,,,,20260729T050800Z-fx-89687ae2-R032,pra2026-bh408@3d036144-16-32K-row0-greedy1024,3d03614452cd0a925abc82a7686560ff80252dfa,0,rank0,HCU0:TCA23906041001,chatcmpl-bench-7f1746b7-0-9eeec82b-9c959c99,16,16,30,0,decode,1,1,20594,20595,linear_attention,,,"[1,5120]","[1,5120]","[3,1]","[1,5120]","[1,5120]",False,False,False,,,,0,0,4308579893701785,4308579895237670,
input16_layer31,,,,20260729T050800Z-fx-89687ae2-R032,pra2026-bh408@3d036144-16-32K-row0-greedy1024,3d03614452cd0a925abc82a7686560ff80252dfa,0,rank0,HCU0:TCA23906041001,chatcmpl-bench-7f1746b7-0-9eeec82b-9c959c99,16,16,31,0,decode,1,1,20594,20595,full_attention,,,"[1,5120]","[1,5120]","[3,1]","[1,5120]","[1,5120]",False,False,False,,,,0,0,4308579896969936,4308579898914804,
input16_layer32,,,,20260729T050800Z-fx-89687ae2-R032,pra2026-bh408@3d036144-16-32K-row0-greedy1024,3d03614452cd0a925abc82a7686560ff80252dfa,0,rank0,HCU0:TCA23906041001,chatcmpl-bench-7f1746b7-0-9eeec82b-9c959c99,16,16,32,0,decode,1,1,20594,20595,linear_attention,,,"[1,5120]","[1,5120]","[3,1]","[1,5120]","[1,5120]",False,False,False,,,,0,0,4308579900548379,4308579902117724,
input16_layer33,,,,20260729T050800Z-fx-89687ae2-R032,pra2026-bh408@3d036144-16-32K-row0-greedy1024,3d03614452cd0a925abc82a7686560ff80252dfa,0,rank0,HCU0:TCA23906041001,chatcmpl-bench-7f1746b7-0-9eeec82b-9c959c99,16,16,33,0,decode,1,1,20594,20595,linear_attention,,,"[1,5120]","[1,5120]","[3,1]","[1,5120]","[1,5120]",False,False,False,,,,0,0,4308579904071312,4308579905619906,
input16_layer34,,,,20260729T050800Z-fx-89687ae2-R032,pra2026-bh408@3d036144-16-32K-row0-greedy1024,3d03614452cd0a925abc82a7686560ff80252dfa,0,rank0,HCU0:TCA23906041001,chatcmpl-bench-7f1746b7-0-9eeec82b-9c959c99,16,16,34,0,decode,1,1,20594,20595,linear_attention,,,"[1,5120]","[1,5120]","[3,1]","[1,5120]","[1,5120]",False,False,False,,,,0,0,4308579907498304,4308579909038218,
input16_layer35,,,,20260729T050800Z-fx-89687ae2-R032,pra2026-bh408@3d036144-16-32K-row0-greedy1024,3d03614452cd0a925abc82a7686560ff80252dfa,0,rank0,HCU0:TCA23906041001,chatcmpl-bench-7f1746b7-0-9eeec82b-9c959c99,16,16,35,0,decode,1,1,20594,20595,full_attention,,,"[1,5120]","[1,5120]","[3,1]","[1,5120]","[1,5120]",False,False,False,,,,0,0,4308579910709574,4308579912650442,
input16_layer36,,,,20260729T050800Z-fx-89687ae2-R032,pra2026-bh408@3d036144-16-32K-row0-greedy1024,3d03614452cd0a925abc82a7686560ff80252dfa,0,rank0,HCU0:TCA23906041001,chatcmpl-bench-7f1746b7-0-9eeec82b-9c959c99,16,16,36,0,decode,1,1,20594,20595,linear_attention,,,"[1,5120]","[1,5120]","[3,1]","[1,5120]","[1,5120]",False,False,False,,,,0,0,4308579914269047,4308579915804771,
input16_layer37,,,,20260729T050800Z-fx-89687ae2-R032,pra2026-bh408@3d036144-16-32K-row0-greedy1024,3d03614452cd0a925abc82a7686560ff80252dfa,0,rank0,HCU0:TCA23906041001,chatcmpl-bench-7f1746b7-0-9eeec82b-9c959c99,16,16,37,0,decode,1,1,20594,20595,linear_attention,,,"[1,5120]","[1,5120]","[3,1]","[1,5120]","[1,5120]",False,False,False,,,,0,0,4308579917624738,4308579919155642,
input16_layer38,,,,20260729T050800Z-fx-89687ae2-R032,pra2026-bh408@3d036144-16-32K-row0-greedy1024,3d03614452cd0a925abc82a7686560ff80252dfa,0,rank0,HCU0:TCA23906041001,chatcmpl-bench-7f1746b7-0-9eeec82b-9c959c99,16,16,38,0,decode,1,1,20594,20595,linear_attention,,,"[1,5120]","[1,5120]","[3,1]","[1,5120]","[1,5120]",False,False,False,,,,0,0,4308579921042110,4308579922692735,
input16_layer39,,,,20260729T050800Z-fx-89687ae2-R032,pra2026-bh408@3d036144-16-32K-row0-greedy1024,3d03614452cd0a925abc82a7686560ff80252dfa,0,rank0,HCU0:TCA23906041001,chatcmpl-bench-7f1746b7-0-9eeec82b-9c959c99,16,16,39,0,decode,1,1,20594,20595,full_attention,,,"[1,5120]","[1,5120]","[3,1]","[1,5120]","[1,5120]",False,False,False,,,,0,0,4308579924433461,4308579926376709,
input16_layer40,,,,20260729T050800Z-fx-89687ae2-R032,pra2026-bh408@3d036144-16-32K-row0-greedy1024,3d03614452cd0a925abc82a7686560ff80252dfa,0,rank0,HCU0:TCA23906041001,chatcmpl-bench-7f1746b7-0-9eeec82b-9c959c99,16,16,40,0,decode,1,1,20594,20595,linear_attention,,,"[1,5120]","[1,5120]","[3,1]","[1,5120]","[1,5120]",False,False,False,,,,0,0,4308579928159606,4308579929706200,
input16_layer41,,,,20260729T050800Z-fx-89687ae2-R032,pra2026-bh408@3d036144-16-32K-row0-greedy1024,3d03614452cd0a925abc82a7686560ff80252dfa,0,rank0,HCU0:TCA23906041001,chatcmpl-bench-7f1746b7-0-9eeec82b-9c959c99,16,16,41,0,decode,1,1,20594,20595,linear_attention,,,"[1,5120]","[1,5120]","[3,1]","[1,5120]","[1,5120]",False,False,False,,,,0,0,4308579931653778,4308579933200073,
input16_layer42,,,,20260729T050800Z-fx-89687ae2-R032,pra2026-bh408@3d036144-16-32K-row0-greedy1024,3d03614452cd0a925abc82a7686560ff80252dfa,0,rank0,HCU0:TCA23906041001,chatcmpl-bench-7f1746b7-0-9eeec82b-9c959c99,16,16,42,0,decode,1,1,20594,20595,linear_attention,,,"[1,5120]","[1,5120]","[3,1]","[1,5120]","[1,5120]",False,False,False,,,,0,0,4308579935045790,4308579936588824,
input16_layer43,,,,20260729T050800Z-fx-89687ae2-R032,pra2026-bh408@3d036144-16-32K-row0-greedy1024,3d03614452cd0a925abc82a7686560ff80252dfa,0,rank0,HCU0:TCA23906041001,chatcmpl-bench-7f1746b7-0-9eeec82b-9c959c99,16,16,43,0,decode,1,1,20594,20595,full_attention,,,"[1,5120]","[1,5120]","[3,1]","[1,5120]","[1,5120]",False,False,False,,,,0,0,4308579938328060,4308579940269318,
input16_layer44,,,,20260729T050800Z-fx-89687ae2-R032,pra2026-bh408@3d036144-16-32K-row0-greedy1024,3d03614452cd0a925abc82a7686560ff80252dfa,0,rank0,HCU0:TCA23906041001,chatcmpl-bench-7f1746b7-0-9eeec82b-9c959c99,16,16,44,0,decode,1,1,20594,20595,linear_attention,,,"[1,5120]","[1,5120]","[3,1]","[1,5120]","[1,5120]",False,False,False,,,,0,0,4308579942113256,4308579943671520,
input16_layer45,,,,20260729T050800Z-fx-89687ae2-R032,pra2026-bh408@3d036144-16-32K-row0-greedy1024,3d03614452cd0a925abc82a7686560ff80252dfa,0,rank0,HCU0:TCA23906041001,chatcmpl-bench-7f1746b7-0-9eeec82b-9c959c99,16,16,45,0,decode,1,1,20594,20595,linear_attention,,,"[1,5120]","[1,5120]","[3,1]","[1,5120]","[1,5120]",False,False,False,,,,0,0,4308579945353046,4308579946881980,
input16_layer46,,,,20260729T050800Z-fx-89687ae2-R032,pra2026-bh408@3d036144-16-32K-row0-greedy1024,3d03614452cd0a925abc82a7686560ff80252dfa,0,rank0,HCU0:TCA23906041001,chatcmpl-bench-7f1746b7-0-9eeec82b-9c959c99,16,16,46,0,decode,1,1,20594,20595,linear_attention,,,"[1,5120]","[1,5120]","[3,1]","[1,5120]","[1,5120]",False,False,False,,,,0,0,4308579948479105,4308579950011439,
input16_layer47,,,,20260729T050800Z-fx-89687ae2-R032,pra2026-bh408@3d036144-16-32K-row0-greedy1024,3d03614452cd0a925abc82a7686560ff80252dfa,0,rank0,HCU0:TCA23906041001,chatcmpl-bench-7f1746b7-0-9eeec82b-9c959c99,16,16,47,0,decode,1,1,20594,20595,full_attention,,,"[1,5120]","[1,5120]","[3,1]","[1,5120]","[1,5120]",False,False,False,,,,0,0,4308579951816426,4308579953765154,
input16_layer48,,,,20260729T050800Z-fx-89687ae2-R032,pra2026-bh408@3d036144-16-32K-row0-greedy1024,3d03614452cd0a925abc82a7686560ff80252dfa,0,rank0,HCU0:TCA23906041001,chatcmpl-bench-7f1746b7-0-9eeec82b-9c959c99,16,16,48,0,decode,1,1,20594,20595,linear_attention,,,"[1,5120]","[1,5120]","[3,1]","[1,5120]","[1,5120]",False,False,False,,,,0,0,4308579955867083,4308579957411958,
input16_layer49,,,,20260729T050800Z-fx-89687ae2-R032,pra2026-bh408@3d036144-16-32K-row0-greedy1024,3d03614452cd0a925abc82a7686560ff80252dfa,0,rank0,HCU0:TCA23906041001,chatcmpl-bench-7f1746b7-0-9eeec82b-9c959c99,16,16,49,0,decode,1,1,20594,20595,linear_attention,,,"[1,5120]","[1,5120]","[3,1]","[1,5120]","[1,5120]",False,False,False,,,,0,0,4308579959111514,4308579960689138,
input16_layer50,,,,20260729T050800Z-fx-89687ae2-R032,pra2026-bh408@3d036144-16-32K-row0-greedy1024,3d03614452cd0a925abc82a7686560ff80252dfa,0,rank0,HCU0:TCA23906041001,chatcmpl-bench-7f1746b7-0-9eeec82b-9c959c99,16,16,50,0,decode,1,1,20594,20595,linear_attention,,,"[1,5120]","[1,5120]","[3,1]","[1,5120]","[1,5120]",False,False,False,,,,0,0,4308579962605156,4308579964137290,
input16_layer51,,,,20260729T050800Z-fx-89687ae2-R032,pra2026-bh408@3d036144-16-32K-row0-greedy1024,3d03614452cd0a925abc82a7686560ff80252dfa,0,rank0,HCU0:TCA23906041001,chatcmpl-bench-7f1746b7-0-9eeec82b-9c959c99,16,16,51,0,decode,1,1,20594,20595,full_attention,,,"[1,5120]","[1,5120]","[3,1]","[1,5120]","[1,5120]",False,False,False,,,,0,0,4308579965891147,4308579967834215,
input16_layer52,,,,20260729T050800Z-fx-89687ae2-R032,pra2026-bh408@3d036144-16-32K-row0-greedy1024,3d03614452cd0a925abc82a7686560ff80252dfa,0,rank0,HCU0:TCA23906041001,chatcmpl-bench-7f1746b7-0-9eeec82b-9c959c99,16,16,52,0,decode,1,1,20594,20595,linear_attention,,,"[1,5120]","[1,5120]","[3,1]","[1,5120]","[1,5120]",False,False,False,,,,0,0,4308579969784053,4308579971336497,
input16_layer53,,,,20260729T050800Z-fx-89687ae2-R032,pra2026-bh408@3d036144-16-32K-row0-greedy1024,3d03614452cd0a925abc82a7686560ff80252dfa,0,rank0,HCU0:TCA23906041001,chatcmpl-bench-7f1746b7-0-9eeec82b-9c959c99,16,16,53,0,decode,1,1,20594,20595,linear_attention,,,"[1,5120]","[1,5120]","[3,1]","[1,5120]","[1,5120]",False,False,False,,,,0,0,4308579972934282,4308579974473866,
input16_layer54,,,,20260729T050800Z-fx-89687ae2-R032,pra2026-bh408@3d036144-16-32K-row0-greedy1024,3d03614452cd0a925abc82a7686560ff80252dfa,0,rank0,HCU0:TCA23906041001,chatcmpl-bench-7f1746b7-0-9eeec82b-9c959c99,16,16,54,0,decode,1,1,20594,20595,linear_attention,,,"[1,5120]","[1,5120]","[3,1]","[1,5120]","[1,5120]",False,False,False,,,,0,0,4308579976186242,4308579977714587,
input16_layer55,,,,20260729T050800Z-fx-89687ae2-R032,pra2026-bh408@3d036144-16-32K-row0-greedy1024,3d03614452cd0a925abc82a7686560ff80252dfa,0,rank0,HCU0:TCA23906041001,chatcmpl-bench-7f1746b7-0-9eeec82b-9c959c99,16,16,55,0,decode,1,1,20594,20595,full_attention,,,"[1,5120]","[1,5120]","[3,1]","[1,5120]","[1,5120]",False,False,False,,,,0,0,4308579979621244,4308579981568912,
input16_layer56,,,,20260729T050800Z-fx-89687ae2-R032,pra2026-bh408@3d036144-16-32K-row0-greedy1024,3d03614452cd0a925abc82a7686560ff80252dfa,0,rank0,HCU0:TCA23906041001,chatcmpl-bench-7f1746b7-0-9eeec82b-9c959c99,16,16,56,0,decode,1,1,20594,20595,linear_attention,,,"[1,5120]","[1,5120]","[3,1]","[1,5120]","[1,5120]",False,False,False,,,,0,0,4308579983450170,4308579984983134,
input16_layer57,,,,20260729T050800Z-fx-89687ae2-R032,pra2026-bh408@3d036144-16-32K-row0-greedy1024,3d03614452cd0a925abc82a7686560ff80252dfa,0,rank0,HCU0:TCA23906041001,chatcmpl-bench-7f1746b7-0-9eeec82b-9c959c99,16,16,57,0,decode,1,1,20594,20595,linear_attention,,,"[1,5120]","[1,5120]","[3,1]","[1,5120]","[1,5120]",False,False,False,,,,0,0,4308579986722660,4308579988258305,
input16_layer58,,,,20260729T050800Z-fx-89687ae2-R032,pra2026-bh408@3d036144-16-32K-row0-greedy1024,3d03614452cd0a925abc82a7686560ff80252dfa,0,rank0,HCU0:TCA23906041001,chatcmpl-bench-7f1746b7-0-9eeec82b-9c959c99,16,16,58,0,decode,1,1,20594,20595,linear_attention,,,"[1,5120]","[1,5120]","[3,1]","[1,5120]","[1,5120]",False,False,False,,,,0,0,4308579989957890,4308579991496805,
input16_layer59,,,,20260729T050800Z-fx-89687ae2-R032,pra2026-bh408@3d036144-16-32K-row0-greedy1024,3d03614452cd0a925abc82a7686560ff80252dfa,0,rank0,HCU0:TCA23906041001,chatcmpl-bench-7f1746b7-0-9eeec82b-9c959c99,16,16,59,0,decode,1,1,20594,20595,full_attention,,,"[1,5120]","[1,5120]","[3,1]","[1,5120]","[1,5120]",False,False,False,,,,0,0,4308579993043609,4308579994981027,
input16_layer60,,,,20260729T050800Z-fx-89687ae2-R032,pra2026-bh408@3d036144-16-32K-row0-greedy1024,3d03614452cd0a925abc82a7686560ff80252dfa,0,rank0,HCU0:TCA23906041001,chatcmpl-bench-7f1746b7-0-9eeec82b-9c959c99,16,16,60,0,decode,1,1,20594,20595,linear_attention,,,"[1,5120]","[1,5120]","[3,1]","[1,5120]","[1,5120]",False,False,False,,,,0,0,4308579996963955,4308579998509710,
input16_layer61,,,,20260729T050800Z-fx-89687ae2-R032,pra2026-bh408@3d036144-16-32K-row0-greedy1024,3d03614452cd0a925abc82a7686560ff80252dfa,0,rank0,HCU0:TCA23906041001,chatcmpl-bench-7f1746b7-0-9eeec82b-9c959c99,16,16,61,0,decode,1,1,20594,20595,linear_attention,,,"[1,5120]","[1,5120]","[3,1]","[1,5120]","[1,5120]",False,False,False,,,,0,0,4308580000303657,4308580001839251,
input16_layer62,,,,20260729T050800Z-fx-89687ae2-R032,pra2026-bh408@3d036144-16-32K-row0-greedy1024,3d03614452cd0a925abc82a7686560ff80252dfa,0,rank0,HCU0:TCA23906041001,chatcmpl-bench-7f1746b7-0-9eeec82b-9c959c99,16,16,62,0,decode,1,1,20594,20595,linear_attention,,,"[1,5120]","[1,5120]","[3,1]","[1,5120]","[1,5120]",False,False,False,,,,0,0,4308580003693298,4308580005230372,
input16_layer63,,,,20260729T050800Z-fx-89687ae2-R032,pra2026-bh408@3d036144-16-32K-row0-greedy1024,3d03614452cd0a925abc82a7686560ff80252dfa,0,rank0,HCU0:TCA23906041001,chatcmpl-bench-7f1746b7-0-9eeec82b-9c959c99,16,16,63,0,decode,1,1,20594,20595,full_attention,,,"[1,5120]","[1,5120]","[3,1]","[1,5120]","[1,5120]",False,False,False,,,,0,0,4308580007283191,4308580009231130,
input17_layer0,,,,20260729T050800Z-fx-89687ae2-R032,pra2026-bh408@3d036144-16-32K-row0-greedy1024,3d03614452cd0a925abc82a7686560ff80252dfa,0,rank0,HCU0:TCA23906041001,chatcmpl-bench-7f1746b7-0-9eeec82b-9c959c99,17,17,0,0,decode,1,1,20595,20596,linear_attention,,,"[1,5120]",null,"[3,1]","[1,5120]","[1,5120]",False,False,False,,,,0,0,4308580014533199,4308580016248065,
input17_layer1,,,,20260729T050800Z-fx-89687ae2-R032,pra2026-bh408@3d036144-16-32K-row0-greedy1024,3d03614452cd0a925abc82a7686560ff80252dfa,0,rank0,HCU0:TCA23906041001,chatcmpl-bench-7f1746b7-0-9eeec82b-9c959c99,17,17,1,0,decode,1,1,20595,20596,linear_attention,,,"[1,5120]","[1,5120]","[3,1]","[1,5120]","[1,5120]",False,False,False,,,,0,0,4308580018124102,4308580019684697,
input17_layer2,,,,20260729T050800Z-fx-89687ae2-R032,pra2026-bh408@3d036144-16-32K-row0-greedy1024,3d03614452cd0a925abc82a7686560ff80252dfa,0,rank0,HCU0:TCA23906041001,chatcmpl-bench-7f1746b7-0-9eeec82b-9c959c99,17,17,2,0,decode,1,1,20595,20596,linear_attention,,,"[1,5120]","[1,5120]","[3,1]","[1,5120]","[1,5120]",False,False,False,,,,0,0,4308580021456533,4308580022988307,
input17_layer3,,,,20260729T050800Z-fx-89687ae2-R032,pra2026-bh408@3d036144-16-32K-row0-greedy1024,3d03614452cd0a925abc82a7686560ff80252dfa,0,rank0,HCU0:TCA23906041001,chatcmpl-bench-7f1746b7-0-9eeec82b-9c959c99,17,17,3,0,decode,1,1,20595,20596,full_attention,,,"[1,5120]","[1,5120]","[3,1]","[1,5120]","[1,5120]",False,False,False,,,,0,0,4308580024902805,4308580026911454,
input17_layer4,,,,20260729T050800Z-fx-89687ae2-R032,pra2026-bh408@3d036144-16-32K-row0-greedy1024,3d03614452cd0a925abc82a7686560ff80252dfa,0,rank0,HCU0:TCA23906041001,chatcmpl-bench-7f1746b7-0-9eeec82b-9c959c99,17,17,4,0,decode,1,1,20595,20596,linear_attention,,,"[1,5120]","[1,5120]","[3,1]","[1,5120]","[1,5120]",False,False,False,,,,0,0,4308580028588459,4308580030131944,
input17_layer5,,,,20260729T050800Z-fx-89687ae2-R032,pra2026-bh408@3d036144-16-32K-row0-greedy1024,3d03614452cd0a925abc82a7686560ff80252dfa,0,rank0,HCU0:TCA23906041001,chatcmpl-bench-7f1746b7-0-9eeec82b-9c959c99,17,17,5,0,decode,1,1,20595,20596,linear_attention,,,"[1,5120]","[1,5120]","[3,1]","[1,5120]","[1,5120]",False,False,False,,,,0,0,4308580031843540,4308580033389804,
input17_layer6,,,,20260729T050800Z-fx-89687ae2-R032,pra2026-bh408@3d036144-16-32K-row0-greedy1024,3d03614452cd0a925abc82a7686560ff80252dfa,0,rank0,HCU0:TCA23906041001,chatcmpl-bench-7f1746b7-0-9eeec82b-9c959c99,17,17,6,0,decode,1,1,20595,20596,linear_attention,,,"[1,5120]","[1,5120]","[3,1]","[1,5120]","[1,5120]",False,False,False,,,,0,0,4308580034968889,4308580036514963,
input17_layer7,,,,20260729T050800Z-fx-89687ae2-R032,pra2026-bh408@3d036144-16-32K-row0-greedy1024,3d03614452cd0a925abc82a7686560ff80252dfa,0,rank0,HCU0:TCA23906041001,chatcmpl-bench-7f1746b7-0-9eeec82b-9c959c99,17,17,7,0,decode,1,1,20595,20596,full_attention,,,"[1,5120]","[1,5120]","[3,1]","[1,5120]","[1,5120]",False,False,False,,,,0,0,4308580038321220,4308580040259628,
input17_layer8,,,,20260729T050800Z-fx-89687ae2-R032,pra2026-bh408@3d036144-16-32K-row0-greedy1024,3d03614452cd0a925abc82a7686560ff80252dfa,0,rank0,HCU0:TCA23906041001,chatcmpl-bench-7f1746b7-0-9eeec82b-9c959c99,17,17,8,0,decode,1,1,20595,20596,linear_attention,,,"[1,5120]","[1,5120]","[3,1]","[1,5120]","[1,5120]",False,False,False,,,,0,0,4308580042025754,4308580043577099,
input17_layer9,,,,20260729T050800Z-fx-89687ae2-R032,pra2026-bh408@3d036144-16-32K-row0-greedy1024,3d03614452cd0a925abc82a7686560ff80252dfa,0,rank0,HCU0:TCA23906041001,chatcmpl-bench-7f1746b7-0-9eeec82b-9c959c99,17,17,9,0,decode,1,1,20595,20596,linear_attention,,,"[1,5120]","[1,5120]","[3,1]","[1,5120]","[1,5120]",False,False,False,,,,0,0,4308580045252074,4308580046777259,
input17_layer10,,,,20260729T050800Z-fx-89687ae2-R032,pra2026-bh408@3d036144-16-32K-row0-greedy1024,3d03614452cd0a925abc82a7686560ff80252dfa,0,rank0,HCU0:TCA23906041001,chatcmpl-bench-7f1746b7-0-9eeec82b-9c959c99,17,17,10,0,decode,1,1,20595,20596,linear_attention,,,"[1,5120]","[1,5120]","[3,1]","[1,5120]","[1,5120]",False,False,False,,,,0,0,4308580048718047,4308580050261161,
input17_layer11,,,,20260729T050800Z-fx-89687ae2-R032,pra2026-bh408@3d036144-16-32K-row0-greedy1024,3d03614452cd0a925abc82a7686560ff80252dfa,0,rank0,HCU0:TCA23906041001,chatcmpl-bench-7f1746b7-0-9eeec82b-9c959c99,17,17,11,0,decode,1,1,20595,20596,full_attention,,,"[1,5120]","[1,5120]","[3,1]","[1,5120]","[1,5120]",False,False,False,,,,0,0,4308580051968047,4308580053902345,
input17_layer12,,,,20260729T050800Z-fx-89687ae2-R032,pra2026-bh408@3d036144-16-32K-row0-greedy1024,3d03614452cd0a925abc82a7686560ff80252dfa,0,rank0,HCU0:TCA23906041001,chatcmpl-bench-7f1746b7-0-9eeec82b-9c959c99,17,17,12,0,decode,1,1,20595,20596,linear_attention,,,"[1,5120]","[1,5120]","[3,1]","[1,5120]","[1,5120]",False,False,False,,,,0,0,4308580055550460,4308580057105755,
input17_layer13,,,,20260729T050800Z-fx-89687ae2-R032,pra2026-bh408@3d036144-16-32K-row0-greedy1024,3d03614452cd0a925abc82a7686560ff80252dfa,0,rank0,HCU0:TCA23906041001,chatcmpl-bench-7f1746b7-0-9eeec82b-9c959c99,17,17,13,0,decode,1,1,20595,20596,linear_attention,,,"[1,5120]","[1,5120]","[3,1]","[1,5120]","[1,5120]",False,False,False,,,,0,0,4308580058889701,4308580060438126,
input17_layer14,,,,20260729T050800Z-fx-89687ae2-R032,pra2026-bh408@3d036144-16-32K-row0-greedy1024,3d03614452cd0a925abc82a7686560ff80252dfa,0,rank0,HCU0:TCA23906041001,chatcmpl-bench-7f1746b7-0-9eeec82b-9c959c99,17,17,14,0,decode,1,1,20595,20596,linear_attention,,,"[1,5120]","[1,5120]","[3,1]","[1,5120]","[1,5120]",False,False,False,,,,0,0,4308580061923229,4308580063468354,
input17_layer15,,,,20260729T050800Z-fx-89687ae2-R032,pra2026-bh408@3d036144-16-32K-row0-greedy1024,3d03614452cd0a925abc82a7686560ff80252dfa,0,rank0,HCU0:TCA23906041001,chatcmpl-bench-7f1746b7-0-9eeec82b-9c959c99,17,17,15,0,decode,1,1,20595,20596,full_attention,,,"[1,5120]","[1,5120]","[3,1]","[1,5120]","[1,5120]",False,False,False,,,,0,0,4308580065210500,4308580067148208,
input17_layer16,,,,20260729T050800Z-fx-89687ae2-R032,pra2026-bh408@3d036144-16-32K-row0-greedy1024,3d03614452cd0a925abc82a7686560ff80252dfa,0,rank0,HCU0:TCA23906041001,chatcmpl-bench-7f1746b7-0-9eeec82b-9c959c99,17,17,16,0,decode,1,1,20595,20596,linear_attention,,,"[1,5120]","[1,5120]","[3,1]","[1,5120]","[1,5120]",False,False,False,,,,0,0,4308580068916504,4308580070687631,
input17_layer17,,,,20260729T050800Z-fx-89687ae2-R032,pra2026-bh408@3d036144-16-32K-row0-greedy1024,3d03614452cd0a925abc82a7686560ff80252dfa,0,rank0,HCU0:TCA23906041001,chatcmpl-bench-7f1746b7-0-9eeec82b-9c959c99,17,17,17,0,decode,1,1,20595,20596,linear_attention,,,"[1,5120]","[1,5120]","[3,1]","[1,5120]","[1,5120]",False,False,False,,,,0,0,4308580072416197,4308580073943831,
input17_layer18,,,,20260729T050800Z-fx-89687ae2-R032,pra2026-bh408@3d036144-16-32K-row0-greedy1024,3d03614452cd0a925abc82a7686560ff80252dfa,0,rank0,HCU0:TCA23906041001,chatcmpl-bench-7f1746b7-0-9eeec82b-9c959c99,17,17,18,0,decode,1,1,20595,20596,linear_attention,,,"[1,5120]","[1,5120]","[3,1]","[1,5120]","[1,5120]",False,False,False,,,,0,0,4308580075729188,4308580077289312,
input17_layer19,,,,20260729T050800Z-fx-89687ae2-R032,pra2026-bh408@3d036144-16-32K-row0-greedy1024,3d03614452cd0a925abc82a7686560ff80252dfa,0,rank0,HCU0:TCA23906041001,chatcmpl-bench-7f1746b7-0-9eeec82b-9c959c99,17,17,19,0,decode,1,1,20595,20596,full_attention,,,"[1,5120]","[1,5120]","[3,1]","[1,5120]","[1,5120]",False,False,False,,,,0,0,4308580078943158,4308580080886586,
input17_layer20,,,,20260729T050800Z-fx-89687ae2-R032,pra2026-bh408@3d036144-16-32K-row0-greedy1024,3d03614452cd0a925abc82a7686560ff80252dfa,0,rank0,HCU0:TCA23906041001,chatcmpl-bench-7f1746b7-0-9eeec82b-9c959c99,17,17,20,0,decode,1,1,20595,20596,linear_attention,,,"[1,5120]","[1,5120]","[3,1]","[1,5120]","[1,5120]",False,False,False,,,,0,0,4308580082777923,4308580084329568,
input17_layer21,,,,20260729T050800Z-fx-89687ae2-R032,pra2026-bh408@3d036144-16-32K-row0-greedy1024,3d03614452cd0a925abc82a7686560ff80252dfa,0,rank0,HCU0:TCA23906041001,chatcmpl-bench-7f1746b7-0-9eeec82b-9c959c99,17,17,21,0,decode,1,1,20595,20596,linear_attention,,,"[1,5120]","[1,5120]","[3,1]","[1,5120]","[1,5120]",False,False,False,,,,0,0,4308580086157255,4308580087712489,
input17_layer22,,,,20260729T050800Z-fx-89687ae2-R032,pra2026-bh408@3d036144-16-32K-row0-greedy1024,3d03614452cd0a925abc82a7686560ff80252dfa,0,rank0,HCU0:TCA23906041001,chatcmpl-bench-7f1746b7-0-9eeec82b-9c959c99,17,17,22,0,decode,1,1,20595,20596,linear_attention,,,"[1,5120]","[1,5120]","[3,1]","[1,5120]","[1,5120]",False,False,False,,,,0,0,4308580089374575,4308580090921279,
input17_layer23,,,,20260729T050800Z-fx-89687ae2-R032,pra2026-bh408@3d036144-16-32K-row0-greedy1024,3d03614452cd0a925abc82a7686560ff80252dfa,0,rank0,HCU0:TCA23906041001,chatcmpl-bench-7f1746b7-0-9eeec82b-9c959c99,17,17,23,0,decode,1,1,20595,20596,full_attention,,,"[1,5120]","[1,5120]","[3,1]","[1,5120]","[1,5120]",False,False,False,,,,0,0,4308580092745606,4308580094706524,
input17_layer24,,,,20260729T050800Z-fx-89687ae2-R032,pra2026-bh408@3d036144-16-32K-row0-greedy1024,3d03614452cd0a925abc82a7686560ff80252dfa,0,rank0,HCU0:TCA23906041001,chatcmpl-bench-7f1746b7-0-9eeec82b-9c959c99,17,17,24,0,decode,1,1,20595,20596,linear_attention,,,"[1,5120]","[1,5120]","[3,1]","[1,5120]","[1,5120]",False,False,False,,,,0,0,4308580096765303,4308580098323838,
input17_layer25,,,,20260729T050800Z-fx-89687ae2-R032,pra2026-bh408@3d036144-16-32K-row0-greedy1024,3d03614452cd0a925abc82a7686560ff80252dfa,0,rank0,HCU0:TCA23906041001,chatcmpl-bench-7f1746b7-0-9eeec82b-9c959c99,17,17,25,0,decode,1,1,20595,20596,linear_attention,,,"[1,5120]","[1,5120]","[3,1]","[1,5120]","[1,5120]",False,False,False,,,,0,0,4308580099945693,4308580101507227,
input17_layer26,,,,20260729T050800Z-fx-89687ae2-R032,pra2026-bh408@3d036144-16-32K-row0-greedy1024,3d03614452cd0a925abc82a7686560ff80252dfa,0,rank0,HCU0:TCA23906041001,chatcmpl-bench-7f1746b7-0-9eeec82b-9c959c99,17,17,26,0,decode,1,1,20595,20596,linear_attention,,,"[1,5120]","[1,5120]","[3,1]","[1,5120]","[1,5120]",False,False,False,,,,0,0,4308580103140283,4308580104679187,
input17_layer27,,,,20260729T050800Z-fx-89687ae2-R032,pra2026-bh408@3d036144-16-32K-row0-greedy1024,3d03614452cd0a925abc82a7686560ff80252dfa,0,rank0,HCU0:TCA23906041001,chatcmpl-bench-7f1746b7-0-9eeec82b-9c959c99,17,17,27,0,decode,1,1,20595,20596,full_attention,,,"[1,5120]","[1,5120]","[3,1]","[1,5120]","[1,5120]",False,False,False,,,,0,0,4308580106315892,4308580108251180,
input17_layer28,,,,20260729T050800Z-fx-89687ae2-R032,pra2026-bh408@3d036144-16-32K-row0-greedy1024,3d03614452cd0a925abc82a7686560ff80252dfa,0,rank0,HCU0:TCA23906041001,chatcmpl-bench-7f1746b7-0-9eeec82b-9c959c99,17,17,28,0,decode,1,1,20595,20596,linear_attention,,,"[1,5120]","[1,5120]","[3,1]","[1,5120]","[1,5120]",False,False,False,,,,0,0,4308580109939506,4308580111496320,
input17_layer29,,,,20260729T050800Z-fx-89687ae2-R032,pra2026-bh408@3d036144-16-32K-row0-greedy1024,3d03614452cd0a925abc82a7686560ff80252dfa,0,rank0,HCU0:TCA23906041001,chatcmpl-bench-7f1746b7-0-9eeec82b-9c959c99,17,17,29,0,decode,1,1,20595,20596,linear_attention,,,"[1,5120]","[1,5120]","[3,1]","[1,5120]","[1,5120]",False,False,False,,,,0,0,4308580113308197,4308580114839511,
input17_layer30,,,,20260729T050800Z-fx-89687ae2-R032,pra2026-bh408@3d036144-16-32K-row0-greedy1024,3d03614452cd0a925abc82a7686560ff80252dfa,0,rank0,HCU0:TCA23906041001,chatcmpl-bench-7f1746b7-0-9eeec82b-9c959c99,17,17,30,0,decode,1,1,20595,20596,linear_attention,,,"[1,5120]","[1,5120]","[3,1]","[1,5120]","[1,5120]",False,False,False,,,,0,0,4308580116648928,4308580118211943,
input17_layer31,,,,20260729T050800Z-fx-89687ae2-R032,pra2026-bh408@3d036144-16-32K-row0-greedy1024,3d03614452cd0a925abc82a7686560ff80252dfa,0,rank0,HCU0:TCA23906041001,chatcmpl-bench-7f1746b7-0-9eeec82b-9c959c99,17,17,31,0,decode,1,1,20595,20596,full_attention,,,"[1,5120]","[1,5120]","[3,1]","[1,5120]","[1,5120]",False,False,False,,,,0,0,4308580120036070,4308580121976928,
input17_layer32,,,,20260729T050800Z-fx-89687ae2-R032,pra2026-bh408@3d036144-16-32K-row0-greedy1024,3d03614452cd0a925abc82a7686560ff80252dfa,0,rank0,HCU0:TCA23906041001,chatcmpl-bench-7f1746b7-0-9eeec82b-9c959c99,17,17,32,0,decode,1,1,20595,20596,linear_attention,,,"[1,5120]","[1,5120]","[3,1]","[1,5120]","[1,5120]",False,False,False,,,,0,0,4308580123752474,4308580125317539,
input17_layer33,,,,20260729T050800Z-fx-89687ae2-R032,pra2026-bh408@3d036144-16-32K-row0-greedy1024,3d03614452cd0a925abc82a7686560ff80252dfa,0,rank0,HCU0:TCA23906041001,chatcmpl-bench-7f1746b7-0-9eeec82b-9c959c99,17,17,33,0,decode,1,1,20595,20596,linear_attention,,,"[1,5120]","[1,5120]","[3,1]","[1,5120]","[1,5120]",False,False,False,,,,0,0,4308580126922984,4308580128473388,
input17_layer34,,,,20260729T050800Z-fx-89687ae2-R032,pra2026-bh408@3d036144-16-32K-row0-greedy1024,3d03614452cd0a925abc82a7686560ff80252dfa,0,rank0,HCU0:TCA23906041001,chatcmpl-bench-7f1746b7-0-9eeec82b-9c959c99,17,17,34,0,decode,1,1,20595,20596,linear_attention,,,"[1,5120]","[1,5120]","[3,1]","[1,5120]","[1,5120]",False,False,False,,,,0,0,4308580130081653,4308580131624067,
input17_layer35,,,,20260729T050800Z-fx-89687ae2-R032,pra2026-bh408@3d036144-16-32K-row0-greedy1024,3d03614452cd0a925abc82a7686560ff80252dfa,0,rank0,HCU0:TCA23906041001,chatcmpl-bench-7f1746b7-0-9eeec82b-9c959c99,17,17,35,0,decode,1,1,20595,20596,full_attention,,,"[1,5120]","[1,5120]","[3,1]","[1,5120]","[1,5120]",False,False,False,,,,0,0,4308580133365014,4308580135297101,
input17_layer36,,,,20260729T050800Z-fx-89687ae2-R032,pra2026-bh408@3d036144-16-32K-row0-greedy1024,3d03614452cd0a925abc82a7686560ff80252dfa,0,rank0,HCU0:TCA23906041001,chatcmpl-bench-7f1746b7-0-9eeec82b-9c959c99,17,17,36,0,decode,1,1,20595,20596,linear_attention,,,"[1,5120]","[1,5120]","[3,1]","[1,5120]","[1,5120]",False,False,False,,,,0,0,4308580136921347,4308580138483871,
input17_layer37,,,,20260729T050800Z-fx-89687ae2-R032,pra2026-bh408@3d036144-16-32K-row0-greedy1024,3d03614452cd0a925abc82a7686560ff80252dfa,0,rank0,HCU0:TCA23906041001,chatcmpl-bench-7f1746b7-0-9eeec82b-9c959c99,17,17,37,0,decode,1,1,20595,20596,linear_attention,,,"[1,5120]","[1,5120]","[3,1]","[1,5120]","[1,5120]",False,False,False,,,,0,0,4308580140095046,4308580141640760,
input17_layer38,,,,20260729T050800Z-fx-89687ae2-R032,pra2026-bh408@3d036144-16-32K-row0-greedy1024,3d03614452cd0a925abc82a7686560ff80252dfa,0,rank0,HCU0:TCA23906041001,chatcmpl-bench-7f1746b7-0-9eeec82b-9c959c99,17,17,38,0,decode,1,1,20595,20596,linear_attention,,,"[1,5120]","[1,5120]","[3,1]","[1,5120]","[1,5120]",False,False,False,,,,0,0,4308580143293766,4308580144825810,
input17_layer39,,,,20260729T050800Z-fx-89687ae2-R032,pra2026-bh408@3d036144-16-32K-row0-greedy1024,3d03614452cd0a925abc82a7686560ff80252dfa,0,rank0,HCU0:TCA23906041001,chatcmpl-bench-7f1746b7-0-9eeec82b-9c959c99,17,17,39,0,decode,1,1,20595,20596,full_attention,,,"[1,5120]","[1,5120]","[3,1]","[1,5120]","[1,5120]",False,False,False,,,,0,0,4308580146815999,4308580148745197,
input17_layer40,,,,20260729T050800Z-fx-89687ae2-R032,pra2026-bh408@3d036144-16-32K-row0-greedy1024,3d03614452cd0a925abc82a7686560ff80252dfa,0,rank0,HCU0:TCA23906041001,chatcmpl-bench-7f1746b7-0-9eeec82b-9c959c99,17,17,40,0,decode,1,1,20595,20596,linear_attention,,,"[1,5120]","[1,5120]","[3,1]","[1,5120]","[1,5120]",False,False,False,,,,0,0,4308580150623614,4308580152171718,
input17_layer41,,,,20260729T050800Z-fx-89687ae2-R032,pra2026-bh408@3d036144-16-32K-row0-greedy1024,3d03614452cd0a925abc82a7686560ff80252dfa,0,rank0,HCU0:TCA23906041001,chatcmpl-bench-7f1746b7-0-9eeec82b-9c959c99,17,17,41,0,decode,1,1,20595,20596,linear_attention,,,"[1,5120]","[1,5120]","[3,1]","[1,5120]","[1,5120]",False,False,False,,,,0,0,4308580153902834,4308580155451479,
input17_layer42,,,,20260729T050800Z-fx-89687ae2-R032,pra2026-bh408@3d036144-16-32K-row0-greedy1024,3d03614452cd0a925abc82a7686560ff80252dfa,0,rank0,HCU0:TCA23906041001,chatcmpl-bench-7f1746b7-0-9eeec82b-9c959c99,17,17,42,0,decode,1,1,20595,20596,linear_attention,,,"[1,5120]","[1,5120]","[3,1]","[1,5120]","[1,5120]",False,False,False,,,,0,0,4308580156932793,4308580158475867,
input17_layer43,,,,20260729T050800Z-fx-89687ae2-R032,pra2026-bh408@3d036144-16-32K-row0-greedy1024,3d03614452cd0a925abc82a7686560ff80252dfa,0,rank0,HCU0:TCA23906041001,chatcmpl-bench-7f1746b7-0-9eeec82b-9c959c99,17,17,43,0,decode,1,1,20595,20596,full_attention,,,"[1,5120]","[1,5120]","[3,1]","[1,5120]","[1,5120]",False,False,False,,,,0,0,4308580160341294,4308580162285032,
input17_layer44,,,,20260729T050800Z-fx-89687ae2-R032,pra2026-bh408@3d036144-16-32K-row0-greedy1024,3d03614452cd0a925abc82a7686560ff80252dfa,0,rank0,HCU0:TCA23906041001,chatcmpl-bench-7f1746b7-0-9eeec82b-9c959c99,17,17,44,0,decode,1,1,20595,20596,linear_attention,,,"[1,5120]","[1,5120]","[3,1]","[1,5120]","[1,5120]",False,False,False,,,,0,0,4308580164003218,4308580165554663,
input17_layer45,,,,20260729T050800Z-fx-89687ae2-R032,pra2026-bh408@3d036144-16-32K-row0-greedy1024,3d03614452cd0a925abc82a7686560ff80252dfa,0,rank0,HCU0:TCA23906041001,chatcmpl-bench-7f1746b7-0-9eeec82b-9c959c99,17,17,45,0,decode,1,1,20595,20596,linear_attention,,,"[1,5120]","[1,5120]","[3,1]","[1,5120]","[1,5120]",False,False,False,,,,0,0,4308580167643062,4308580169186767,
input17_layer46,,,,20260729T050800Z-fx-89687ae2-R032,pra2026-bh408@3d036144-16-32K-row0-greedy1024,3d03614452cd0a925abc82a7686560ff80252dfa,0,rank0,HCU0:TCA23906041001,chatcmpl-bench-7f1746b7-0-9eeec82b-9c959c99,17,17,46,0,decode,1,1,20595,20596,linear_attention,,,"[1,5120]","[1,5120]","[3,1]","[1,5120]","[1,5120]",False,False,False,,,,0,0,4308580170854482,4308580172382746,
input17_layer47,,,,20260729T050800Z-fx-89687ae2-R032,pra2026-bh408@3d036144-16-32K-row0-greedy1024,3d03614452cd0a925abc82a7686560ff80252dfa,0,rank0,HCU0:TCA23906041001,chatcmpl-bench-7f1746b7-0-9eeec82b-9c959c99,17,17,47,0,decode,1,1,20595,20596,full_attention,,,"[1,5120]","[1,5120]","[3,1]","[1,5120]","[1,5120]",False,False,False,,,,0,0,4308580174316614,4308580176253792,
input17_layer48,,,,20260729T050800Z-fx-89687ae2-R032,pra2026-bh408@3d036144-16-32K-row0-greedy1024,3d03614452cd0a925abc82a7686560ff80252dfa,0,rank0,HCU0:TCA23906041001,chatcmpl-bench-7f1746b7-0-9eeec82b-9c959c99,17,17,48,0,decode,1,1,20595,20596,linear_attention,,,"[1,5120]","[1,5120]","[3,1]","[1,5120]","[1,5120]",False,False,False,,,,0,0,4308580178030189,4308580179580833,
input17_layer49,,,,20260729T050800Z-fx-89687ae2-R032,pra2026-bh408@3d036144-16-32K-row0-greedy1024,3d03614452cd0a925abc82a7686560ff80252dfa,0,rank0,HCU0:TCA23906041001,chatcmpl-bench-7f1746b7-0-9eeec82b-9c959c99,17,17,49,0,decode,1,1,20595,20596,linear_attention,,,"[1,5120]","[1,5120]","[3,1]","[1,5120]","[1,5120]",False,False,False,,,,0,0,4308580181329680,4308580182865464,
input17_layer50,,,,20260729T050800Z-fx-89687ae2-R032,pra2026-bh408@3d036144-16-32K-row0-greedy1024,3d03614452cd0a925abc82a7686560ff80252dfa,0,rank0,HCU0:TCA23906041001,chatcmpl-bench-7f1746b7-0-9eeec82b-9c959c99,17,17,50,0,decode,1,1,20595,20596,linear_attention,,,"[1,5120]","[1,5120]","[3,1]","[1,5120]","[1,5120]",False,False,False,,,,0,0,4308580184613930,4308580186142804,
input17_layer51,,,,20260729T050800Z-fx-89687ae2-R032,pra2026-bh408@3d036144-16-32K-row0-greedy1024,3d03614452cd0a925abc82a7686560ff80252dfa,0,rank0,HCU0:TCA23906041001,chatcmpl-bench-7f1746b7-0-9eeec82b-9c959c99,17,17,51,0,decode,1,1,20595,20596,full_attention,,,"[1,5120]","[1,5120]","[3,1]","[1,5120]","[1,5120]",False,False,False,,,,0,0,4308580188044442,4308580189990140,
input17_layer52,,,,20260729T050800Z-fx-89687ae2-R032,pra2026-bh408@3d036144-16-32K-row0-greedy1024,3d03614452cd0a925abc82a7686560ff80252dfa,0,rank0,HCU0:TCA23906041001,chatcmpl-bench-7f1746b7-0-9eeec82b-9c959c99,17,17,52,0,decode,1,1,20595,20596,linear_attention,,,"[1,5120]","[1,5120]","[3,1]","[1,5120]","[1,5120]",False,False,False,,,,0,0,4308580191908748,4308580193471772,
input17_layer53,,,,20260729T050800Z-fx-89687ae2-R032,pra2026-bh408@3d036144-16-32K-row0-greedy1024,3d03614452cd0a925abc82a7686560ff80252dfa,0,rank0,HCU0:TCA23906041001,chatcmpl-bench-7f1746b7-0-9eeec82b-9c959c99,17,17,53,0,decode,1,1,20595,20596,linear_attention,,,"[1,5120]","[1,5120]","[3,1]","[1,5120]","[1,5120]",False,False,False,,,,0,0,4308580195338450,4308580196867034,
input17_layer54,,,,20260729T050800Z-fx-89687ae2-R032,pra2026-bh408@3d036144-16-32K-row0-greedy1024,3d03614452cd0a925abc82a7686560ff80252dfa,0,rank0,HCU0:TCA23906041001,chatcmpl-bench-7f1746b7-0-9eeec82b-9c959c99,17,17,54,0,decode,1,1,20595,20596,linear_attention,,,"[1,5120]","[1,5120]","[3,1]","[1,5120]","[1,5120]",False,False,False,,,,0,0,4308580198629770,4308580200154024,
input17_layer55,,,,20260729T050800Z-fx-89687ae2-R032,pra2026-bh408@3d036144-16-32K-row0-greedy1024,3d03614452cd0a925abc82a7686560ff80252dfa,0,rank0,HCU0:TCA23906041001,chatcmpl-bench-7f1746b7-0-9eeec82b-9c959c99,17,17,55,0,decode,1,1,20595,20596,full_attention,,,"[1,5120]","[1,5120]","[3,1]","[1,5120]","[1,5120]",False,False,False,,,,0,0,4308580201902461,4308580203838919,
input17_layer56,,,,20260729T050800Z-fx-89687ae2-R032,pra2026-bh408@3d036144-16-32K-row0-greedy1024,3d03614452cd0a925abc82a7686560ff80252dfa,0,rank0,HCU0:TCA23906041001,chatcmpl-bench-7f1746b7-0-9eeec82b-9c959c99,17,17,56,0,decode,1,1,20595,20596,linear_attention,,,"[1,5120]","[1,5120]","[3,1]","[1,5120]","[1,5120]",False,False,False,,,,0,0,4308580205271852,4308580206803376,
input17_layer57,,,,20260729T050800Z-fx-89687ae2-R032,pra2026-bh408@3d036144-16-32K-row0-greedy1024,3d03614452cd0a925abc82a7686560ff80252dfa,0,rank0,HCU0:TCA23906041001,chatcmpl-bench-7f1746b7-0-9eeec82b-9c959c99,17,17,57,0,decode,1,1,20595,20596,linear_attention,,,"[1,5120]","[1,5120]","[3,1]","[1,5120]","[1,5120]",False,False,False,,,,0,0,4308580208441481,4308580209983316,
input17_layer58,,,,20260729T050800Z-fx-89687ae2-R032,pra2026-bh408@3d036144-16-32K-row0-greedy1024,3d03614452cd0a925abc82a7686560ff80252dfa,0,rank0,HCU0:TCA23906041001,chatcmpl-bench-7f1746b7-0-9eeec82b-9c959c99,17,17,58,0,decode,1,1,20595,20596,linear_attention,,,"[1,5120]","[1,5120]","[3,1]","[1,5120]","[1,5120]",False,False,False,,,,0,0,4308580211645871,4308580213204036,
input17_layer59,,,,20260729T050800Z-fx-89687ae2-R032,pra2026-bh408@3d036144-16-32K-row0-greedy1024,3d03614452cd0a925abc82a7686560ff80252dfa,0,rank0,HCU0:TCA23906041001,chatcmpl-bench-7f1746b7-0-9eeec82b-9c959c99,17,17,59,0,decode,1,1,20595,20596,full_attention,,,"[1,5120]","[1,5120]","[3,1]","[1,5120]","[1,5120]",False,False,False,,,,0,0,4308580214834911,4308580216761969,
input17_layer60,,,,20260729T050800Z-fx-89687ae2-R032,pra2026-bh408@3d036144-16-32K-row0-greedy1024,3d03614452cd0a925abc82a7686560ff80252dfa,0,rank0,HCU0:TCA23906041001,chatcmpl-bench-7f1746b7-0-9eeec82b-9c959c99,17,17,60,0,decode,1,1,20595,20596,linear_attention,,,"[1,5120]","[1,5120]","[3,1]","[1,5120]","[1,5120]",False,False,False,,,,0,0,4308580218495015,4308580220028359,
input17_layer61,,,,20260729T050800Z-fx-89687ae2-R032,pra2026-bh408@3d036144-16-32K-row0-greedy1024,3d03614452cd0a925abc82a7686560ff80252dfa,0,rank0,HCU0:TCA23906041001,chatcmpl-bench-7f1746b7-0-9eeec82b-9c959c99,17,17,61,0,decode,1,1,20595,20596,linear_attention,,,"[1,5120]","[1,5120]","[3,1]","[1,5120]","[1,5120]",False,False,False,,,,0,0,4308580221862756,4308580223401191,
input17_layer62,,,,20260729T050800Z-fx-89687ae2-R032,pra2026-bh408@3d036144-16-32K-row0-greedy1024,3d03614452cd0a925abc82a7686560ff80252dfa,0,rank0,HCU0:TCA23906041001,chatcmpl-bench-7f1746b7-0-9eeec82b-9c959c99,17,17,62,0,decode,1,1,20595,20596,linear_attention,,,"[1,5120]","[1,5120]","[3,1]","[1,5120]","[1,5120]",False,False,False,,,,0,0,4308580225032886,4308580226589320,
input17_layer63,,,,20260729T050800Z-fx-89687ae2-R032,pra2026-bh408@3d036144-16-32K-row0-greedy1024,3d03614452cd0a925abc82a7686560ff80252dfa,0,rank0,HCU0:TCA23906041001,chatcmpl-bench-7f1746b7-0-9eeec82b-9c959c99,17,17,63,0,decode,1,1,20595,20596,full_attention,,,"[1,5120]","[1,5120]","[3,1]","[1,5120]","[1,5120]",False,False,False,,,,0,0,4308580228348577,4308580230302535,
input18_layer0,,,,20260729T050800Z-fx-89687ae2-R032,pra2026-bh408@3d036144-16-32K-row0-greedy1024,3d03614452cd0a925abc82a7686560ff80252dfa,0,rank0,HCU0:TCA23906041001,chatcmpl-bench-7f1746b7-0-9eeec82b-9c959c99,18,18,0,0,decode,1,1,20596,20597,linear_attention,,,"[1,5120]",null,"[3,1]","[1,5120]","[1,5120]",False,False,False,,,,0,0,4308580235565504,4308580237308830,
input18_layer1,,,,20260729T050800Z-fx-89687ae2-R032,pra2026-bh408@3d036144-16-32K-row0-greedy1024,3d03614452cd0a925abc82a7686560ff80252dfa,0,rank0,HCU0:TCA23906041001,chatcmpl-bench-7f1746b7-0-9eeec82b-9c959c99,18,18,1,0,decode,1,1,20596,20597,linear_attention,,,"[1,5120]","[1,5120]","[3,1]","[1,5120]","[1,5120]",False,False,False,,,,0,0,4308580238963215,4308580240535940,
input18_layer2,,,,20260729T050800Z-fx-89687ae2-R032,pra2026-bh408@3d036144-16-32K-row0-greedy1024,3d03614452cd0a925abc82a7686560ff80252dfa,0,rank0,HCU0:TCA23906041001,chatcmpl-bench-7f1746b7-0-9eeec82b-9c959c99,18,18,2,0,decode,1,1,20596,20597,linear_attention,,,"[1,5120]","[1,5120]","[3,1]","[1,5120]","[1,5120]",False,False,False,,,,0,0,4308580242128885,4308580243678629,
input18_layer3,,,,20260729T050800Z-fx-89687ae2-R032,pra2026-bh408@3d036144-16-32K-row0-greedy1024,3d03614452cd0a925abc82a7686560ff80252dfa,0,rank0,HCU0:TCA23906041001,chatcmpl-bench-7f1746b7-0-9eeec82b-9c959c99,18,18,3,0,decode,1,1,20596,20597,full_attention,,,"[1,5120]","[1,5120]","[3,1]","[1,5120]","[1,5120]",False,False,False,,,,0,0,4308580245679548,4308580247685566,
input18_layer4,,,,20260729T050800Z-fx-89687ae2-R032,pra2026-bh408@3d036144-16-32K-row0-greedy1024,3d03614452cd0a925abc82a7686560ff80252dfa,0,rank0,HCU0:TCA23906041001,chatcmpl-bench-7f1746b7-0-9eeec82b-9c959c99,18,18,4,0,decode,1,1,20596,20597,linear_attention,,,"[1,5120]","[1,5120]","[3,1]","[1,5120]","[1,5120]",False,False,False,,,,0,0,4308580249385282,4308580250939017,
input18_layer5,,,,20260729T050800Z-fx-89687ae2-R032,pra2026-bh408@3d036144-16-32K-row0-greedy1024,3d03614452cd0a925abc82a7686560ff80252dfa,0,rank0,HCU0:TCA23906041001,chatcmpl-bench-7f1746b7-0-9eeec82b-9c959c99,18,18,5,0,decode,1,1,20596,20597,linear_attention,,,"[1,5120]","[1,5120]","[3,1]","[1,5120]","[1,5120]",False,False,False,,,,0,0,4308580252915755,4308580254467469,
input18_layer6,,,,20260729T050800Z-fx-89687ae2-R032,pra2026-bh408@3d036144-16-32K-row0-greedy1024,3d03614452cd0a925abc82a7686560ff80252dfa,0,rank0,HCU0:TCA23906041001,chatcmpl-bench-7f1746b7-0-9eeec82b-9c959c99,18,18,6,0,decode,1,1,20596,20597,linear_attention,,,"[1,5120]","[1,5120]","[3,1]","[1,5120]","[1,5120]",False,False,False,,,,0,0,4308580256348417,4308580257891411,
input18_layer7,,,,20260729T050800Z-fx-89687ae2-R032,pra2026-bh408@3d036144-16-32K-row0-greedy1024,3d03614452cd0a925abc82a7686560ff80252dfa,0,rank0,HCU0:TCA23906041001,chatcmpl-bench-7f1746b7-0-9eeec82b-9c959c99,18,18,7,0,decode,1,1,20596,20597,full_attention,,,"[1,5120]","[1,5120]","[3,1]","[1,5120]","[1,5120]",False,False,False,,,,0,0,4308580259777509,4308580261735687,
input18_layer8,,,,20260729T050800Z-fx-89687ae2-R032,pra2026-bh408@3d036144-16-32K-row0-greedy1024,3d03614452cd0a925abc82a7686560ff80252dfa,0,rank0,HCU0:TCA23906041001,chatcmpl-bench-7f1746b7-0-9eeec82b-9c959c99,18,18,8,0,decode,1,1,20596,20597,linear_attention,,,"[1,5120]","[1,5120]","[3,1]","[1,5120]","[1,5120]",False,False,False,,,,0,0,4308580263581104,4308580265135369,
input18_layer9,,,,20260729T050800Z-fx-89687ae2-R032,pra2026-bh408@3d036144-16-32K-row0-greedy1024,3d03614452cd0a925abc82a7686560ff80252dfa,0,rank0,HCU0:TCA23906041001,chatcmpl-bench-7f1746b7-0-9eeec82b-9c959c99,18,18,9,0,decode,1,1,20596,20597,linear_attention,,,"[1,5120]","[1,5120]","[3,1]","[1,5120]","[1,5120]",False,False,False,,,,0,0,4308580266958766,4308580268513630,
input18_layer10,,,,20260729T050800Z-fx-89687ae2-R032,pra2026-bh408@3d036144-16-32K-row0-greedy1024,3d03614452cd0a925abc82a7686560ff80252dfa,0,rank0,HCU0:TCA23906041001,chatcmpl-bench-7f1746b7-0-9eeec82b-9c959c99,18,18,10,0,decode,1,1,20596,20597,linear_attention,,,"[1,5120]","[1,5120]","[3,1]","[1,5120]","[1,5120]",False,False,False,,,,0,0,4308580270282356,4308580271829131,
input18_layer11,,,,20260729T050800Z-fx-89687ae2-R032,pra2026-bh408@3d036144-16-32K-row0-greedy1024,3d03614452cd0a925abc82a7686560ff80252dfa,0,rank0,HCU0:TCA23906041001,chatcmpl-bench-7f1746b7-0-9eeec82b-9c959c99,18,18,11,0,decode,1,1,20596,20597,full_attention,,,"[1,5120]","[1,5120]","[3,1]","[1,5120]","[1,5120]",False,False,False,,,,0,0,4308580273570847,4308580275528425,
input18_layer12,,,,20260729T050800Z-fx-89687ae2-R032,pra2026-bh408@3d036144-16-32K-row0-greedy1024,3d03614452cd0a925abc82a7686560ff80252dfa,0,rank0,HCU0:TCA23906041001,chatcmpl-bench-7f1746b7-0-9eeec82b-9c959c99,18,18,12,0,decode,1,1,20596,20597,linear_attention,,,"[1,5120]","[1,5120]","[3,1]","[1,5120]","[1,5120]",False,False,False,,,,0,0,4308580277187271,4308580278735315,
input18_layer13,,,,20260729T050800Z-fx-89687ae2-R032,pra2026-bh408@3d036144-16-32K-row0-greedy1024,3d03614452cd0a925abc82a7686560ff80252dfa,0,rank0,HCU0:TCA23906041001,chatcmpl-bench-7f1746b7-0-9eeec82b-9c959c99,18,18,13,0,decode,1,1,20596,20597,linear_attention,,,"[1,5120]","[1,5120]","[3,1]","[1,5120]","[1,5120]",False,False,False,,,,0,0,4308580280553492,4308580282107896,
input18_layer14,,,,20260729T050800Z-fx-89687ae2-R032,pra2026-bh408@3d036144-16-32K-row0-greedy1024,3d03614452cd0a925abc82a7686560ff80252dfa,0,rank0,HCU0:TCA23906041001,chatcmpl-bench-7f1746b7-0-9eeec82b-9c959c99,18,18,14,0,decode,1,1,20596,20597,linear_attention,,,"[1,5120]","[1,5120]","[3,1]","[1,5120]","[1,5120]",False,False,False,,,,0,0,4308580283865923,4308580285424227,
input18_layer15,,,,20260729T050800Z-fx-89687ae2-R032,pra2026-bh408@3d036144-16-32K-row0-greedy1024,3d03614452cd0a925abc82a7686560ff80252dfa,0,rank0,HCU0:TCA23906041001,chatcmpl-bench-7f1746b7-0-9eeec82b-9c959c99,18,18,15,0,decode,1,1,20596,20597,full_attention,,,"[1,5120]","[1,5120]","[3,1]","[1,5120]","[1,5120]",False,False,False,,,,0,0,4308580287192024,4308580289121712,
input18_layer16,,,,20260729T050800Z-fx-89687ae2-R032,pra2026-bh408@3d036144-16-32K-row0-greedy1024,3d03614452cd0a925abc82a7686560ff80252dfa,0,rank0,HCU0:TCA23906041001,chatcmpl-bench-7f1746b7-0-9eeec82b-9c959c99,18,18,16,0,decode,1,1,20596,20597,linear_attention,,,"[1,5120]","[1,5120]","[3,1]","[1,5120]","[1,5120]",False,False,False,,,,0,0,4308580290703356,4308580292261051,
input18_layer17,,,,20260729T050800Z-fx-89687ae2-R032,pra2026-bh408@3d036144-16-32K-row0-greedy1024,3d03614452cd0a925abc82a7686560ff80252dfa,0,rank0,HCU0:TCA23906041001,chatcmpl-bench-7f1746b7-0-9eeec82b-9c959c99,18,18,17,0,decode,1,1,20596,20597,linear_attention,,,"[1,5120]","[1,5120]","[3,1]","[1,5120]","[1,5120]",False,False,False,,,,0,0,4308580293943146,4308580295511961,
input18_layer18,,,,20260729T050800Z-fx-89687ae2-R032,pra2026-bh408@3d036144-16-32K-row0-greedy1024,3d03614452cd0a925abc82a7686560ff80252dfa,0,rank0,HCU0:TCA23906041001,chatcmpl-bench-7f1746b7-0-9eeec82b-9c959c99,18,18,18,0,decode,1,1,20596,20597,linear_attention,,,"[1,5120]","[1,5120]","[3,1]","[1,5120]","[1,5120]",False,False,False,,,,0,0,4308580296956424,4308580298510069,
input18_layer19,,,,20260729T050800Z-fx-89687ae2-R032,pra2026-bh408@3d036144-16-32K-row0-greedy1024,3d03614452cd0a925abc82a7686560ff80252dfa,0,rank0,HCU0:TCA23906041001,chatcmpl-bench-7f1746b7-0-9eeec82b-9c959c99,18,18,19,0,decode,1,1,20596,20597,full_attention,,,"[1,5120]","[1,5120]","[3,1]","[1,5120]","[1,5120]",False,False,False,,,,0,0,4308580300323146,4308580302272234,
input18_layer20,,,,20260729T050800Z-fx-89687ae2-R032,pra2026-bh408@3d036144-16-32K-row0-greedy1024,3d03614452cd0a925abc82a7686560ff80252dfa,0,rank0,HCU0:TCA23906041001,chatcmpl-bench-7f1746b7-0-9eeec82b-9c959c99,18,18,20,0,decode,1,1,20596,20597,linear_attention,,,"[1,5120]","[1,5120]","[3,1]","[1,5120]","[1,5120]",False,False,False,,,,0,0,4308580303980220,4308580305555774,
input18_layer21,,,,20260729T050800Z-fx-89687ae2-R032,pra2026-bh408@3d036144-16-32K-row0-greedy1024,3d03614452cd0a925abc82a7686560ff80252dfa,0,rank0,HCU0:TCA23906041001,chatcmpl-bench-7f1746b7-0-9eeec82b-9c959c99,18,18,21,0,decode,1,1,20596,20597,linear_attention,,,"[1,5120]","[1,5120]","[3,1]","[1,5120]","[1,5120]",False,False,False,,,,0,0,4308580307545673,4308580309085087,
input18_layer22,,,,20260729T050800Z-fx-89687ae2-R032,pra2026-bh408@3d036144-16-32K-row0-greedy1024,3d03614452cd0a925abc82a7686560ff80252dfa,0,rank0,HCU0:TCA23906041001,chatcmpl-bench-7f1746b7-0-9eeec82b-9c959c99,18,18,22,0,decode,1,1,20596,20597,linear_attention,,,"[1,5120]","[1,5120]","[3,1]","[1,5120]","[1,5120]",False,False,False,,,,0,0,4308580310742203,4308580312286057,
input18_layer23,,,,20260729T050800Z-fx-89687ae2-R032,pra2026-bh408@3d036144-16-32K-row0-greedy1024,3d03614452cd0a925abc82a7686560ff80252dfa,0,rank0,HCU0:TCA23906041001,chatcmpl-bench-7f1746b7-0-9eeec82b-9c959c99,18,18,23,0,decode,1,1,20596,20597,full_attention,,,"[1,5120]","[1,5120]","[3,1]","[1,5120]","[1,5120]",False,False,False,,,,0,0,4308580314201605,4308580316134353,
input18_layer24,,,,20260729T050800Z-fx-89687ae2-R032,pra2026-bh408@3d036144-16-32K-row0-greedy1024,3d03614452cd0a925abc82a7686560ff80252dfa,0,rank0,HCU0:TCA23906041001,chatcmpl-bench-7f1746b7-0-9eeec82b-9c959c99,18,18,24,0,decode,1,1,20596,20597,linear_attention,,,"[1,5120]","[1,5120]","[3,1]","[1,5120]","[1,5120]",False,False,False,,,,0,0,4308580317712557,4308580319276422,
input18_layer25,,,,20260729T050800Z-fx-89687ae2-R032,pra2026-bh408@3d036144-16-32K-row0-greedy1024,3d03614452cd0a925abc82a7686560ff80252dfa,0,rank0,HCU0:TCA23906041001,chatcmpl-bench-7f1746b7-0-9eeec82b-9c959c99,18,18,25,0,decode,1,1,20596,20597,linear_attention,,,"[1,5120]","[1,5120]","[3,1]","[1,5120]","[1,5120]",False,False,False,,,,0,0,4308580321218440,4308580322757224,
input18_layer26,,,,20260729T050800Z-fx-89687ae2-R032,pra2026-bh408@3d036144-16-32K-row0-greedy1024,3d03614452cd0a925abc82a7686560ff80252dfa,0,rank0,HCU0:TCA23906041001,chatcmpl-bench-7f1746b7-0-9eeec82b-9c959c99,18,18,26,0,decode,1,1,20596,20597,linear_attention,,,"[1,5120]","[1,5120]","[3,1]","[1,5120]","[1,5120]",False,False,False,,,,0,0,4308580324483820,4308580326028155,
input18_layer27,,,,20260729T050800Z-fx-89687ae2-R032,pra2026-bh408@3d036144-16-32K-row0-greedy1024,3d03614452cd0a925abc82a7686560ff80252dfa,0,rank0,HCU0:TCA23906041001,chatcmpl-bench-7f1746b7-0-9eeec82b-9c959c99,18,18,27,0,decode,1,1,20596,20597,full_attention,,,"[1,5120]","[1,5120]","[3,1]","[1,5120]","[1,5120]",False,False,False,,,,0,0,4308580327648270,4308580329585228,
input18_layer28,,,,20260729T050800Z-fx-89687ae2-R032,pra2026-bh408@3d036144-16-32K-row0-greedy1024,3d03614452cd0a925abc82a7686560ff80252dfa,0,rank0,HCU0:TCA23906041001,chatcmpl-bench-7f1746b7-0-9eeec82b-9c959c99,18,18,28,0,decode,1,1,20596,20597,linear_attention,,,"[1,5120]","[1,5120]","[3,1]","[1,5120]","[1,5120]",False,False,False,,,,0,0,4308580331145332,4308580332797698,
input18_layer29,,,,20260729T050800Z-fx-89687ae2-R032,pra2026-bh408@3d036144-16-32K-row0-greedy1024,3d03614452cd0a925abc82a7686560ff80252dfa,0,rank0,HCU0:TCA23906041001,chatcmpl-bench-7f1746b7-0-9eeec82b-9c959c99,18,18,29,0,decode,1,1,20596,20597,linear_attention,,,"[1,5120]","[1,5120]","[3,1]","[1,5120]","[1,5120]",False,False,False,,,,0,0,4308580337821154,4308580339422049,
input18_layer30,,,,20260729T050800Z-fx-89687ae2-R032,pra2026-bh408@3d036144-16-32K-row0-greedy1024,3d03614452cd0a925abc82a7686560ff80252dfa,0,rank0,HCU0:TCA23906041001,chatcmpl-bench-7f1746b7-0-9eeec82b-9c959c99,18,18,30,0,decode,1,1,20596,20597,linear_attention,,,"[1,5120]","[1,5120]","[3,1]","[1,5120]","[1,5120]",False,False,False,,,,0,0,4308580341006924,4308580342597599,
input18_layer31,,,,20260729T050800Z-fx-89687ae2-R032,pra2026-bh408@3d036144-16-32K-row0-greedy1024,3d03614452cd0a925abc82a7686560ff80252dfa,0,rank0,HCU0:TCA23906041001,chatcmpl-bench-7f1746b7-0-9eeec82b-9c959c99,18,18,31,0,decode,1,1,20596,20597,full_attention,,,"[1,5120]","[1,5120]","[3,1]","[1,5120]","[1,5120]",False,False,False,,,,0,0,4308580344407326,4308580346394354,
input18_layer32,,,,20260729T050800Z-fx-89687ae2-R032,pra2026-bh408@3d036144-16-32K-row0-greedy1024,3d03614452cd0a925abc82a7686560ff80252dfa,0,rank0,HCU0:TCA23906041001,chatcmpl-bench-7f1746b7-0-9eeec82b-9c959c99,18,18,32,0,decode,1,1,20596,20597,linear_attention,,,"[1,5120]","[1,5120]","[3,1]","[1,5120]","[1,5120]",False,False,False,,,,0,0,4308580348096470,4308580349668635,
input18_layer33,,,,20260729T050800Z-fx-89687ae2-R032,pra2026-bh408@3d036144-16-32K-row0-greedy1024,3d03614452cd0a925abc82a7686560ff80252dfa,0,rank0,HCU0:TCA23906041001,chatcmpl-bench-7f1746b7-0-9eeec82b-9c959c99,18,18,33,0,decode,1,1,20596,20597,linear_attention,,,"[1,5120]","[1,5120]","[3,1]","[1,5120]","[1,5120]",False,False,False,,,,0,0,4308580351631063,4308580353212057,
input18_layer34,,,,20260729T050800Z-fx-89687ae2-R032,pra2026-bh408@3d036144-16-32K-row0-greedy1024,3d03614452cd0a925abc82a7686560ff80252dfa,0,rank0,HCU0:TCA23906041001,chatcmpl-bench-7f1746b7-0-9eeec82b-9c959c99,18,18,34,0,decode,1,1,20596,20597,linear_attention,,,"[1,5120]","[1,5120]","[3,1]","[1,5120]","[1,5120]",False,False,False,,,,0,0,4308580360868529,4308580362430883,
input18_layer35,,,,20260729T050800Z-fx-89687ae2-R032,pra2026-bh408@3d036144-16-32K-row0-greedy1024,3d03614452cd0a925abc82a7686560ff80252dfa,0,rank0,HCU0:TCA23906041001,chatcmpl-bench-7f1746b7-0-9eeec82b-9c959c99,18,18,35,0,decode,1,1,20596,20597,full_attention,,,"[1,5120]","[1,5120]","[3,1]","[1,5120]","[1,5120]",False,False,False,,,,0,0,4308580364227810,4308580366198718,
input18_layer36,,,,20260729T050800Z-fx-89687ae2-R032,pra2026-bh408@3d036144-16-32K-row0-greedy1024,3d03614452cd0a925abc82a7686560ff80252dfa,0,rank0,HCU0:TCA23906041001,chatcmpl-bench-7f1746b7-0-9eeec82b-9c959c99,18,18,36,0,decode,1,1,20596,20597,linear_attention,,,"[1,5120]","[1,5120]","[3,1]","[1,5120]","[1,5120]",False,False,False,,,,0,0,4308580367731562,4308580369310547,
input18_layer37,,,,20260729T050800Z-fx-89687ae2-R032,pra2026-bh408@3d036144-16-32K-row0-greedy1024,3d03614452cd0a925abc82a7686560ff80252dfa,0,rank0,HCU0:TCA23906041001,chatcmpl-bench-7f1746b7-0-9eeec82b-9c959c99,18,18,37,0,decode,1,1,20596,20597,linear_attention,,,"[1,5120]","[1,5120]","[3,1]","[1,5120]","[1,5120]",False,False,False,,,,0,0,4308580371285836,4308580372842470,
input18_layer38,,,,20260729T050800Z-fx-89687ae2-R032,pra2026-bh408@3d036144-16-32K-row0-greedy1024,3d03614452cd0a925abc82a7686560ff80252dfa,0,rank0,HCU0:TCA23906041001,chatcmpl-bench-7f1746b7-0-9eeec82b-9c959c99,18,18,38,0,decode,1,1,20596,20597,linear_attention,,,"[1,5120]","[1,5120]","[3,1]","[1,5120]","[1,5120]",False,False,False,,,,0,0,4308580374648227,4308580376187071,
input18_layer39,,,,20260729T050800Z-fx-89687ae2-R032,pra2026-bh408@3d036144-16-32K-row0-greedy1024,3d03614452cd0a925abc82a7686560ff80252dfa,0,rank0,HCU0:TCA23906041001,chatcmpl-bench-7f1746b7-0-9eeec82b-9c959c99,18,18,39,0,decode,1,1,20596,20597,full_attention,,,"[1,5120]","[1,5120]","[3,1]","[1,5120]","[1,5120]",False,False,False,,,,0,0,4308580378009838,4308580379945336,
input18_layer40,,,,20260729T050800Z-fx-89687ae2-R032,pra2026-bh408@3d036144-16-32K-row0-greedy1024,3d03614452cd0a925abc82a7686560ff80252dfa,0,rank0,HCU0:TCA23906041001,chatcmpl-bench-7f1746b7-0-9eeec82b-9c959c99,18,18,40,0,decode,1,1,20596,20597,linear_attention,,,"[1,5120]","[1,5120]","[3,1]","[1,5120]","[1,5120]",False,False,False,,,,0,0,4308580381475600,4308580383030495,
input18_layer41,,,,20260729T050800Z-fx-89687ae2-R032,pra2026-bh408@3d036144-16-32K-row0-greedy1024,3d03614452cd0a925abc82a7686560ff80252dfa,0,rank0,HCU0:TCA23906041001,chatcmpl-bench-7f1746b7-0-9eeec82b-9c959c99,18,18,41,0,decode,1,1,20596,20597,linear_attention,,,"[1,5120]","[1,5120]","[3,1]","[1,5120]","[1,5120]",False,False,False,,,,0,0,4308580384946843,4308580386496607,
input18_layer42,,,,20260729T050800Z-fx-89687ae2-R032,pra2026-bh408@3d036144-16-32K-row0-greedy1024,3d03614452cd0a925abc82a7686560ff80252dfa,0,rank0,HCU0:TCA23906041001,chatcmpl-bench-7f1746b7-0-9eeec82b-9c959c99,18,18,42,0,decode,1,1,20596,20597,linear_attention,,,"[1,5120]","[1,5120]","[3,1]","[1,5120]","[1,5120]",False,False,False,,,,0,0,4308580388018581,4308580389575315,
input18_layer43,,,,20260729T050800Z-fx-89687ae2-R032,pra2026-bh408@3d036144-16-32K-row0-greedy1024,3d03614452cd0a925abc82a7686560ff80252dfa,0,rank0,HCU0:TCA23906041001,chatcmpl-bench-7f1746b7-0-9eeec82b-9c959c99,18,18,43,0,decode,1,1,20596,20597,full_attention,,,"[1,5120]","[1,5120]","[3,1]","[1,5120]","[1,5120]",False,False,False,,,,0,0,4308580391380842,4308580393329190,
input18_layer44,,,,20260729T050800Z-fx-89687ae2-R032,pra2026-bh408@3d036144-16-32K-row0-greedy1024,3d03614452cd0a925abc82a7686560ff80252dfa,0,rank0,HCU0:TCA23906041001,chatcmpl-bench-7f1746b7-0-9eeec82b-9c959c99,18,18,44,0,decode,1,1,20596,20597,linear_attention,,,"[1,5120]","[1,5120]","[3,1]","[1,5120]","[1,5120]",False,False,False,,,,0,0,4308580394990536,4308580396545380,
input18_layer45,,,,20260729T050800Z-fx-89687ae2-R032,pra2026-bh408@3d036144-16-32K-row0-greedy1024,3d03614452cd0a925abc82a7686560ff80252dfa,0,rank0,HCU0:TCA23906041001,chatcmpl-bench-7f1746b7-0-9eeec82b-9c959c99,18,18,45,0,decode,1,1,20596,20597,linear_attention,,,"[1,5120]","[1,5120]","[3,1]","[1,5120]","[1,5120]",False,False,False,,,,0,0,4308580398271156,4308580399808391,
input18_layer46,,,,20260729T050800Z-fx-89687ae2-R032,pra2026-bh408@3d036144-16-32K-row0-greedy1024,3d03614452cd0a925abc82a7686560ff80252dfa,0,rank0,HCU0:TCA23906041001,chatcmpl-bench-7f1746b7-0-9eeec82b-9c959c99,18,18,46,0,decode,1,1,20596,20597,linear_attention,,,"[1,5120]","[1,5120]","[3,1]","[1,5120]","[1,5120]",False,False,False,,,,0,0,4308580401485306,4308580403034081,
input18_layer47,,,,20260729T050800Z-fx-89687ae2-R032,pra2026-bh408@3d036144-16-32K-row0-greedy1024,3d03614452cd0a925abc82a7686560ff80252dfa,0,rank0,HCU0:TCA23906041001,chatcmpl-bench-7f1746b7-0-9eeec82b-9c959c99,18,18,47,0,decode,1,1,20596,20597,full_attention,,,"[1,5120]","[1,5120]","[3,1]","[1,5120]","[1,5120]",False,False,False,,,,0,0,4308580404733746,4308580406684025,
input18_layer48,,,,20260729T050800Z-fx-89687ae2-R032,pra2026-bh408@3d036144-16-32K-row0-greedy1024,3d03614452cd0a925abc82a7686560ff80252dfa,0,rank0,HCU0:TCA23906041001,chatcmpl-bench-7f1746b7-0-9eeec82b-9c959c99,18,18,48,0,decode,1,1,20596,20597,linear_attention,,,"[1,5120]","[1,5120]","[3,1]","[1,5120]","[1,5120]",False,False,False,,,,0,0,4308580408280269,4308580409823214,
input18_layer49,,,,20260729T050800Z-fx-89687ae2-R032,pra2026-bh408@3d036144-16-32K-row0-greedy1024,3d03614452cd0a925abc82a7686560ff80252dfa,0,rank0,HCU0:TCA23906041001,chatcmpl-bench-7f1746b7-0-9eeec82b-9c959c99,18,18,49,0,decode,1,1,20596,20597,linear_attention,,,"[1,5120]","[1,5120]","[3,1]","[1,5120]","[1,5120]",False,False,False,,,,0,0,4308580411577000,4308580413110934,
input18_layer50,,,,20260729T050800Z-fx-89687ae2-R032,pra2026-bh408@3d036144-16-32K-row0-greedy1024,3d03614452cd0a925abc82a7686560ff80252dfa,0,rank0,HCU0:TCA23906041001,chatcmpl-bench-7f1746b7-0-9eeec82b-9c959c99,18,18,50,0,decode,1,1,20596,20597,linear_attention,,,"[1,5120]","[1,5120]","[3,1]","[1,5120]","[1,5120]",False,False,False,,,,0,0,4308580414715639,4308580416252034,
input18_layer51,,,,20260729T050800Z-fx-89687ae2-R032,pra2026-bh408@3d036144-16-32K-row0-greedy1024,3d03614452cd0a925abc82a7686560ff80252dfa,0,rank0,HCU0:TCA23906041001,chatcmpl-bench-7f1746b7-0-9eeec82b-9c959c99,18,18,51,0,decode,1,1,20596,20597,full_attention,,,"[1,5120]","[1,5120]","[3,1]","[1,5120]","[1,5120]",False,False,False,,,,0,0,4308580417896659,4308580419835797,
input18_layer52,,,,20260729T050800Z-fx-89687ae2-R032,pra2026-bh408@3d036144-16-32K-row0-greedy1024,3d03614452cd0a925abc82a7686560ff80252dfa,0,rank0,HCU0:TCA23906041001,chatcmpl-bench-7f1746b7-0-9eeec82b-9c959c99,18,18,52,0,decode,1,1,20596,20597,linear_attention,,,"[1,5120]","[1,5120]","[3,1]","[1,5120]","[1,5120]",False,False,False,,,,0,0,4308580421443862,4308580422983286,
input18_layer53,,,,20260729T050800Z-fx-89687ae2-R032,pra2026-bh408@3d036144-16-32K-row0-greedy1024,3d03614452cd0a925abc82a7686560ff80252dfa,0,rank0,HCU0:TCA23906041001,chatcmpl-bench-7f1746b7-0-9eeec82b-9c959c99,18,18,53,0,decode,1,1,20596,20597,linear_attention,,,"[1,5120]","[1,5120]","[3,1]","[1,5120]","[1,5120]",False,False,False,,,,0,0,4308580424910824,4308580426476359,
input18_layer54,,,,20260729T050800Z-fx-89687ae2-R032,pra2026-bh408@3d036144-16-32K-row0-greedy1024,3d03614452cd0a925abc82a7686560ff80252dfa,0,rank0,HCU0:TCA23906041001,chatcmpl-bench-7f1746b7-0-9eeec82b-9c959c99,18,18,54,0,decode,1,1,20596,20597,linear_attention,,,"[1,5120]","[1,5120]","[3,1]","[1,5120]","[1,5120]",False,False,False,,,,0,0,4308580428270695,4308580429790019,
input18_layer55,,,,20260729T050800Z-fx-89687ae2-R032,pra2026-bh408@3d036144-16-32K-row0-greedy1024,3d03614452cd0a925abc82a7686560ff80252dfa,0,rank0,HCU0:TCA23906041001,chatcmpl-bench-7f1746b7-0-9eeec82b-9c959c99,18,18,55,0,decode,1,1,20596,20597,full_attention,,,"[1,5120]","[1,5120]","[3,1]","[1,5120]","[1,5120]",False,False,False,,,,0,0,4308580431731327,4308580433659735,
input18_layer56,,,,20260729T050800Z-fx-89687ae2-R032,pra2026-bh408@3d036144-16-32K-row0-greedy1024,3d03614452cd0a925abc82a7686560ff80252dfa,0,rank0,HCU0:TCA23906041001,chatcmpl-bench-7f1746b7-0-9eeec82b-9c959c99,18,18,56,0,decode,1,1,20596,20597,linear_attention,,,"[1,5120]","[1,5120]","[3,1]","[1,5120]","[1,5120]",False,False,False,,,,0,0,4308580435445032,4308580436980906,
input18_layer57,,,,20260729T050800Z-fx-89687ae2-R032,pra2026-bh408@3d036144-16-32K-row0-greedy1024,3d03614452cd0a925abc82a7686560ff80252dfa,0,rank0,HCU0:TCA23906041001,chatcmpl-bench-7f1746b7-0-9eeec82b-9c959c99,18,18,57,0,decode,1,1,20596,20597,linear_attention,,,"[1,5120]","[1,5120]","[3,1]","[1,5120]","[1,5120]",False,False,False,,,,0,0,4308580438754273,4308580440291107,
input18_layer58,,,,20260729T050800Z-fx-89687ae2-R032,pra2026-bh408@3d036144-16-32K-row0-greedy1024,3d03614452cd0a925abc82a7686560ff80252dfa,0,rank0,HCU0:TCA23906041001,chatcmpl-bench-7f1746b7-0-9eeec82b-9c959c99,18,18,58,0,decode,1,1,20596,20597,linear_attention,,,"[1,5120]","[1,5120]","[3,1]","[1,5120]","[1,5120]",False,False,False,,,,0,0,4308580441761321,4308580443303805,
input18_layer59,,,,20260729T050800Z-fx-89687ae2-R032,pra2026-bh408@3d036144-16-32K-row0-greedy1024,3d03614452cd0a925abc82a7686560ff80252dfa,0,rank0,HCU0:TCA23906041001,chatcmpl-bench-7f1746b7-0-9eeec82b-9c959c99,18,18,59,0,decode,1,1,20596,20597,full_attention,,,"[1,5120]","[1,5120]","[3,1]","[1,5120]","[1,5120]",False,False,False,,,,0,0,4308580444868340,4308580446804528,
input18_layer60,,,,20260729T050800Z-fx-89687ae2-R032,pra2026-bh408@3d036144-16-32K-row0-greedy1024,3d03614452cd0a925abc82a7686560ff80252dfa,0,rank0,HCU0:TCA23906041001,chatcmpl-bench-7f1746b7-0-9eeec82b-9c959c99,18,18,60,0,decode,1,1,20596,20597,linear_attention,,,"[1,5120]","[1,5120]","[3,1]","[1,5120]","[1,5120]",False,False,False,,,,0,0,4308580448554084,4308580450088038,
input18_layer61,,,,20260729T050800Z-fx-89687ae2-R032,pra2026-bh408@3d036144-16-32K-row0-greedy1024,3d03614452cd0a925abc82a7686560ff80252dfa,0,rank0,HCU0:TCA23906041001,chatcmpl-bench-7f1746b7-0-9eeec82b-9c959c99,18,18,61,0,decode,1,1,20596,20597,linear_attention,,,"[1,5120]","[1,5120]","[3,1]","[1,5120]","[1,5120]",False,False,False,,,,0,0,4308580452216798,4308580453744252,
input18_layer62,,,,20260729T050800Z-fx-89687ae2-R032,pra2026-bh408@3d036144-16-32K-row0-greedy1024,3d03614452cd0a925abc82a7686560ff80252dfa,0,rank0,HCU0:TCA23906041001,chatcmpl-bench-7f1746b7-0-9eeec82b-9c959c99,18,18,62,0,decode,1,1,20596,20597,linear_attention,,,"[1,5120]","[1,5120]","[3,1]","[1,5120]","[1,5120]",False,False,False,,,,0,0,4308580455665480,4308580457206644,
input18_layer63,,,,20260729T050800Z-fx-89687ae2-R032,pra2026-bh408@3d036144-16-32K-row0-greedy1024,3d03614452cd0a925abc82a7686560ff80252dfa,0,rank0,HCU0:TCA23906041001,chatcmpl-bench-7f1746b7-0-9eeec82b-9c959c99,18,18,63,0,decode,1,1,20596,20597,full_attention,,,"[1,5120]","[1,5120]","[3,1]","[1,5120]","[1,5120]",False,False,False,,,,0,0,4308580458734598,4308580460675357,
input19_layer0,,,,20260729T050800Z-fx-89687ae2-R032,pra2026-bh408@3d036144-16-32K-row0-greedy1024,3d03614452cd0a925abc82a7686560ff80252dfa,0,rank0,HCU0:TCA23906041001,chatcmpl-bench-7f1746b7-0-9eeec82b-9c959c99,19,19,0,0,decode,1,1,20597,20598,linear_attention,,,"[1,5120]",null,"[3,1]","[1,5120]","[1,5120]",False,False,False,,,,0,0,4308580466173748,4308580467917364,
input19_layer1,,,,20260729T050800Z-fx-89687ae2-R032,pra2026-bh408@3d036144-16-32K-row0-greedy1024,3d03614452cd0a925abc82a7686560ff80252dfa,0,rank0,HCU0:TCA23906041001,chatcmpl-bench-7f1746b7-0-9eeec82b-9c959c99,19,19,1,0,decode,1,1,20597,20598,linear_attention,,,"[1,5120]","[1,5120]","[3,1]","[1,5120]","[1,5120]",False,False,False,,,,0,0,4308580469904472,4308580471685219,
input19_layer2,,,,20260729T050800Z-fx-89687ae2-R032,pra2026-bh408@3d036144-16-32K-row0-greedy1024,3d03614452cd0a925abc82a7686560ff80252dfa,0,rank0,HCU0:TCA23906041001,chatcmpl-bench-7f1746b7-0-9eeec82b-9c959c99,19,19,2,0,decode,1,1,20597,20598,linear_attention,,,"[1,5120]","[1,5120]","[3,1]","[1,5120]","[1,5120]",False,False,False,,,,0,0,4308580473482536,4308580475013850,
input19_layer3,,,,20260729T050800Z-fx-89687ae2-R032,pra2026-bh408@3d036144-16-32K-row0-greedy1024,3d03614452cd0a925abc82a7686560ff80252dfa,0,rank0,HCU0:TCA23906041001,chatcmpl-bench-7f1746b7-0-9eeec82b-9c959c99,19,19,3,0,decode,1,1,20597,20598,full_attention,,,"[1,5120]","[1,5120]","[3,1]","[1,5120]","[1,5120]",False,False,False,,,,0,0,4308580476568614,4308580478573263,
input19_layer4,,,,20260729T050800Z-fx-89687ae2-R032,pra2026-bh408@3d036144-16-32K-row0-greedy1024,3d03614452cd0a925abc82a7686560ff80252dfa,0,rank0,HCU0:TCA23906041001,chatcmpl-bench-7f1746b7-0-9eeec82b-9c959c99,19,19,4,0,decode,1,1,20597,20598,linear_attention,,,"[1,5120]","[1,5120]","[3,1]","[1,5120]","[1,5120]",False,False,False,,,,0,0,4308580480044977,4308580481592611,
input19_layer5,,,,20260729T050800Z-fx-89687ae2-R032,pra2026-bh408@3d036144-16-32K-row0-greedy1024,3d03614452cd0a925abc82a7686560ff80252dfa,0,rank0,HCU0:TCA23906041001,chatcmpl-bench-7f1746b7-0-9eeec82b-9c959c99,19,19,5,0,decode,1,1,20597,20598,linear_attention,,,"[1,5120]","[1,5120]","[3,1]","[1,5120]","[1,5120]",False,False,False,,,,0,0,4308580483119385,4308580484660190,
input19_layer6,,,,20260729T050800Z-fx-89687ae2-R032,pra2026-bh408@3d036144-16-32K-row0-greedy1024,3d03614452cd0a925abc82a7686560ff80252dfa,0,rank0,HCU0:TCA23906041001,chatcmpl-bench-7f1746b7-0-9eeec82b-9c959c99,19,19,6,0,decode,1,1,20597,20598,linear_attention,,,"[1,5120]","[1,5120]","[3,1]","[1,5120]","[1,5120]",False,False,False,,,,0,0,4308580486372185,4308580487918660,
input19_layer7,,,,20260729T050800Z-fx-89687ae2-R032,pra2026-bh408@3d036144-16-32K-row0-greedy1024,3d03614452cd0a925abc82a7686560ff80252dfa,0,rank0,HCU0:TCA23906041001,chatcmpl-bench-7f1746b7-0-9eeec82b-9c959c99,19,19,7,0,decode,1,1,20597,20598,full_attention,,,"[1,5120]","[1,5120]","[3,1]","[1,5120]","[1,5120]",False,False,False,,,,0,0,4308580489784337,4308580491735375,
input19_layer8,,,,20260729T050800Z-fx-89687ae2-R032,pra2026-bh408@3d036144-16-32K-row0-greedy1024,3d03614452cd0a925abc82a7686560ff80252dfa,0,rank0,HCU0:TCA23906041001,chatcmpl-bench-7f1746b7-0-9eeec82b-9c959c99,19,19,8,0,decode,1,1,20597,20598,linear_attention,,,"[1,5120]","[1,5120]","[3,1]","[1,5120]","[1,5120]",False,False,False,,,,0,0,4308580493422711,4308580494954475,
input19_layer9,,,,20260729T050800Z-fx-89687ae2-R032,pra2026-bh408@3d036144-16-32K-row0-greedy1024,3d03614452cd0a925abc82a7686560ff80252dfa,0,rank0,HCU0:TCA23906041001,chatcmpl-bench-7f1746b7-0-9eeec82b-9c959c99,19,19,9,0,decode,1,1,20597,20598,linear_attention,,,"[1,5120]","[1,5120]","[3,1]","[1,5120]","[1,5120]",False,False,False,,,,0,0,4308580496885453,4308580498431578,
input19_layer10,,,,20260729T050800Z-fx-89687ae2-R032,pra2026-bh408@3d036144-16-32K-row0-greedy1024,3d03614452cd0a925abc82a7686560ff80252dfa,0,rank0,HCU0:TCA23906041001,chatcmpl-bench-7f1746b7-0-9eeec82b-9c959c99,19,19,10,0,decode,1,1,20597,20598,linear_attention,,,"[1,5120]","[1,5120]","[3,1]","[1,5120]","[1,5120]",False,False,False,,,,0,0,4308580499930011,4308580501466126,
input19_layer11,,,,20260729T050800Z-fx-89687ae2-R032,pra2026-bh408@3d036144-16-32K-row0-greedy1024,3d03614452cd0a925abc82a7686560ff80252dfa,0,rank0,HCU0:TCA23906041001,chatcmpl-bench-7f1746b7-0-9eeec82b-9c959c99,19,19,11,0,decode,1,1,20597,20598,full_attention,,,"[1,5120]","[1,5120]","[3,1]","[1,5120]","[1,5120]",False,False,False,,,,0,0,4308580503108921,4308580505034449,
input19_layer12,,,,20260729T050800Z-fx-89687ae2-R032,pra2026-bh408@3d036144-16-32K-row0-greedy1024,3d03614452cd0a925abc82a7686560ff80252dfa,0,rank0,HCU0:TCA23906041001,chatcmpl-bench-7f1746b7-0-9eeec82b-9c959c99,19,19,12,0,decode,1,1,20597,20598,linear_attention,,,"[1,5120]","[1,5120]","[3,1]","[1,5120]","[1,5120]",False,False,False,,,,0,0,4308580506960567,4308580508502121,
input19_layer13,,,,20260729T050800Z-fx-89687ae2-R032,pra2026-bh408@3d036144-16-32K-row0-greedy1024,3d03614452cd0a925abc82a7686560ff80252dfa,0,rank0,HCU0:TCA23906041001,chatcmpl-bench-7f1746b7-0-9eeec82b-9c959c99,19,19,13,0,decode,1,1,20597,20598,linear_attention,,,"[1,5120]","[1,5120]","[3,1]","[1,5120]","[1,5120]",False,False,False,,,,0,0,4308580510434879,4308580511951833,
input19_layer14,,,,20260729T050800Z-fx-89687ae2-R032,pra2026-bh408@3d036144-16-32K-row0-greedy1024,3d03614452cd0a925abc82a7686560ff80252dfa,0,rank0,HCU0:TCA23906041001,chatcmpl-bench-7f1746b7-0-9eeec82b-9c959c99,19,19,14,0,decode,1,1,20597,20598,linear_attention,,,"[1,5120]","[1,5120]","[3,1]","[1,5120]","[1,5120]",False,False,False,,,,0,0,4308580514993562,4308580516542856,
input19_layer15,,,,20260729T050800Z-fx-89687ae2-R032,pra2026-bh408@3d036144-16-32K-row0-greedy1024,3d03614452cd0a925abc82a7686560ff80252dfa,0,rank0,HCU0:TCA23906041001,chatcmpl-bench-7f1746b7-0-9eeec82b-9c959c99,19,19,15,0,decode,1,1,20597,20598,full_attention,,,"[1,5120]","[1,5120]","[3,1]","[1,5120]","[1,5120]",False,False,False,,,,0,0,4308580518154471,4308580520070909,
input19_layer16,,,,20260729T050800Z-fx-89687ae2-R032,pra2026-bh408@3d036144-16-32K-row0-greedy1024,3d03614452cd0a925abc82a7686560ff80252dfa,0,rank0,HCU0:TCA23906041001,chatcmpl-bench-7f1746b7-0-9eeec82b-9c959c99,19,19,16,0,decode,1,1,20597,20598,linear_attention,,,"[1,5120]","[1,5120]","[3,1]","[1,5120]","[1,5120]",False,False,False,,,,0,0,4308580522073047,4308580523610402,
input19_layer17,,,,20260729T050800Z-fx-89687ae2-R032,pra2026-bh408@3d036144-16-32K-row0-greedy1024,3d03614452cd0a925abc82a7686560ff80252dfa,0,rank0,HCU0:TCA23906041001,chatcmpl-bench-7f1746b7-0-9eeec82b-9c959c99,19,19,17,0,decode,1,1,20597,20598,linear_attention,,,"[1,5120]","[1,5120]","[3,1]","[1,5120]","[1,5120]",False,False,False,,,,0,0,4308580525363418,4308580526885862,
input19_layer18,,,,20260729T050800Z-fx-89687ae2-R032,pra2026-bh408@3d036144-16-32K-row0-greedy1024,3d03614452cd0a925abc82a7686560ff80252dfa,0,rank0,HCU0:TCA23906041001,chatcmpl-bench-7f1746b7-0-9eeec82b-9c959c99,19,19,18,0,decode,1,1,20597,20598,linear_attention,,,"[1,5120]","[1,5120]","[3,1]","[1,5120]","[1,5120]",False,False,False,,,,0,0,4308580528541877,4308580530077652,
input19_layer19,,,,20260729T050800Z-fx-89687ae2-R032,pra2026-bh408@3d036144-16-32K-row0-greedy1024,3d03614452cd0a925abc82a7686560ff80252dfa,0,rank0,HCU0:TCA23906041001,chatcmpl-bench-7f1746b7-0-9eeec82b-9c959c99,19,19,19,0,decode,1,1,20597,20598,full_attention,,,"[1,5120]","[1,5120]","[3,1]","[1,5120]","[1,5120]",False,False,False,,,,0,0,4308580531686867,4308580533600985,
input19_layer20,,,,20260729T050800Z-fx-89687ae2-R032,pra2026-bh408@3d036144-16-32K-row0-greedy1024,3d03614452cd0a925abc82a7686560ff80252dfa,0,rank0,HCU0:TCA23906041001,chatcmpl-bench-7f1746b7-0-9eeec82b-9c959c99,19,19,20,0,decode,1,1,20597,20598,linear_attention,,,"[1,5120]","[1,5120]","[3,1]","[1,5120]","[1,5120]",False,False,False,,,,0,0,4308580535139939,4308580536687883,
input19_layer21,,,,20260729T050800Z-fx-89687ae2-R032,pra2026-bh408@3d036144-16-32K-row0-greedy1024,3d03614452cd0a925abc82a7686560ff80252dfa,0,rank0,HCU0:TCA23906041001,chatcmpl-bench-7f1746b7-0-9eeec82b-9c959c99,19,19,21,0,decode,1,1,20597,20598,linear_attention,,,"[1,5120]","[1,5120]","[3,1]","[1,5120]","[1,5120]",False,False,False,,,,0,0,4308580538471410,4308580539990934,
input19_layer22,,,,20260729T050800Z-fx-89687ae2-R032,pra2026-bh408@3d036144-16-32K-row0-greedy1024,3d03614452cd0a925abc82a7686560ff80252dfa,0,rank0,HCU0:TCA23906041001,chatcmpl-bench-7f1746b7-0-9eeec82b-9c959c99,19,19,22,0,decode,1,1,20597,20598,linear_attention,,,"[1,5120]","[1,5120]","[3,1]","[1,5120]","[1,5120]",False,False,False,,,,0,0,4308580541471648,4308580542988792,
input19_layer23,,,,20260729T050800Z-fx-89687ae2-R032,pra2026-bh408@3d036144-16-32K-row0-greedy1024,3d03614452cd0a925abc82a7686560ff80252dfa,0,rank0,HCU0:TCA23906041001,chatcmpl-bench-7f1746b7-0-9eeec82b-9c959c99,19,19,23,0,decode,1,1,20597,20598,full_attention,,,"[1,5120]","[1,5120]","[3,1]","[1,5120]","[1,5120]",False,False,False,,,,0,0,4308580544572887,4308580546502714,
input19_layer24,,,,20260729T050800Z-fx-89687ae2-R032,pra2026-bh408@3d036144-16-32K-row0-greedy1024,3d03614452cd0a925abc82a7686560ff80252dfa,0,rank0,HCU0:TCA23906041001,chatcmpl-bench-7f1746b7-0-9eeec82b-9c959c99,19,19,24,0,decode,1,1,20597,20598,linear_attention,,,"[1,5120]","[1,5120]","[3,1]","[1,5120]","[1,5120]",False,False,False,,,,0,0,4308580548239811,4308580549771485,
input19_layer25,,,,20260729T050800Z-fx-89687ae2-R032,pra2026-bh408@3d036144-16-32K-row0-greedy1024,3d03614452cd0a925abc82a7686560ff80252dfa,0,rank0,HCU0:TCA23906041001,chatcmpl-bench-7f1746b7-0-9eeec82b-9c959c99,19,19,25,0,decode,1,1,20597,20598,linear_attention,,,"[1,5120]","[1,5120]","[3,1]","[1,5120]","[1,5120]",False,False,False,,,,0,0,4308580551413490,4308580552953714,
input19_layer26,,,,20260729T050800Z-fx-89687ae2-R032,pra2026-bh408@3d036144-16-32K-row0-greedy1024,3d03614452cd0a925abc82a7686560ff80252dfa,0,rank0,HCU0:TCA23906041001,chatcmpl-bench-7f1746b7-0-9eeec82b-9c959c99,19,19,26,0,decode,1,1,20597,20598,linear_attention,,,"[1,5120]","[1,5120]","[3,1]","[1,5120]","[1,5120]",False,False,False,,,,0,0,4308580554690531,4308580556226865,
input19_layer27,,,,20260729T050800Z-fx-89687ae2-R032,pra2026-bh408@3d036144-16-32K-row0-greedy1024,3d03614452cd0a925abc82a7686560ff80252dfa,0,rank0,HCU0:TCA23906041001,chatcmpl-bench-7f1746b7-0-9eeec82b-9c959c99,19,19,27,0,decode,1,1,20597,20598,full_attention,,,"[1,5120]","[1,5120]","[3,1]","[1,5120]","[1,5120]",False,False,False,,,,0,0,4308580557999701,4308580559946329,
input19_layer28,,,,20260729T050800Z-fx-89687ae2-R032,pra2026-bh408@3d036144-16-32K-row0-greedy1024,3d03614452cd0a925abc82a7686560ff80252dfa,0,rank0,HCU0:TCA23906041001,chatcmpl-bench-7f1746b7-0-9eeec82b-9c959c99,19,19,28,0,decode,1,1,20597,20598,linear_attention,,,"[1,5120]","[1,5120]","[3,1]","[1,5120]","[1,5120]",False,False,False,,,,0,0,4308580561685686,4308580563230460,
input19_layer29,,,,20260729T050800Z-fx-89687ae2-R032,pra2026-bh408@3d036144-16-32K-row0-greedy1024,3d03614452cd0a925abc82a7686560ff80252dfa,0,rank0,HCU0:TCA23906041001,chatcmpl-bench-7f1746b7-0-9eeec82b-9c959c99,19,19,29,0,decode,1,1,20597,20598,linear_attention,,,"[1,5120]","[1,5120]","[3,1]","[1,5120]","[1,5120]",False,False,False,,,,0,0,4308580564933206,4308580566483320,
input19_layer30,,,,20260729T050800Z-fx-89687ae2-R032,pra2026-bh408@3d036144-16-32K-row0-greedy1024,3d03614452cd0a925abc82a7686560ff80252dfa,0,rank0,HCU0:TCA23906041001,chatcmpl-bench-7f1746b7-0-9eeec82b-9c959c99,19,19,30,0,decode,1,1,20597,20598,linear_attention,,,"[1,5120]","[1,5120]","[3,1]","[1,5120]","[1,5120]",False,False,False,,,,0,0,4308580568028755,4308580569573659,
input19_layer31,,,,20260729T050800Z-fx-89687ae2-R032,pra2026-bh408@3d036144-16-32K-row0-greedy1024,3d03614452cd0a925abc82a7686560ff80252dfa,0,rank0,HCU0:TCA23906041001,chatcmpl-bench-7f1746b7-0-9eeec82b-9c959c99,19,19,31,0,decode,1,1,20597,20598,full_attention,,,"[1,5120]","[1,5120]","[3,1]","[1,5120]","[1,5120]",False,False,False,,,,0,0,4308580572684698,4308580574628096,
input19_layer32,,,,20260729T050800Z-fx-89687ae2-R032,pra2026-bh408@3d036144-16-32K-row0-greedy1024,3d03614452cd0a925abc82a7686560ff80252dfa,0,rank0,HCU0:TCA23906041001,chatcmpl-bench-7f1746b7-0-9eeec82b-9c959c99,19,19,32,0,decode,1,1,20597,20598,linear_attention,,,"[1,5120]","[1,5120]","[3,1]","[1,5120]","[1,5120]",False,False,False,,,,0,0,4308580576472583,4308580578013877,
input19_layer33,,,,20260729T050800Z-fx-89687ae2-R032,pra2026-bh408@3d036144-16-32K-row0-greedy1024,3d03614452cd0a925abc82a7686560ff80252dfa,0,rank0,HCU0:TCA23906041001,chatcmpl-bench-7f1746b7-0-9eeec82b-9c959c99,19,19,33,0,decode,1,1,20597,20598,linear_attention,,,"[1,5120]","[1,5120]","[3,1]","[1,5120]","[1,5120]",False,False,False,,,,0,0,4308580579667133,4308580581221417,
input19_layer34,,,,20260729T050800Z-fx-89687ae2-R032,pra2026-bh408@3d036144-16-32K-row0-greedy1024,3d03614452cd0a925abc82a7686560ff80252dfa,0,rank0,HCU0:TCA23906041001,chatcmpl-bench-7f1746b7-0-9eeec82b-9c959c99,19,19,34,0,decode,1,1,20597,20598,linear_attention,,,"[1,5120]","[1,5120]","[3,1]","[1,5120]","[1,5120]",False,False,False,,,,0,0,4308580582839112,4308580584367727,
input19_layer35,,,,20260729T050800Z-fx-89687ae2-R032,pra2026-bh408@3d036144-16-32K-row0-greedy1024,3d03614452cd0a925abc82a7686560ff80252dfa,0,rank0,HCU0:TCA23906041001,chatcmpl-bench-7f1746b7-0-9eeec82b-9c959c99,19,19,35,0,decode,1,1,20597,20598,full_attention,,,"[1,5120]","[1,5120]","[3,1]","[1,5120]","[1,5120]",False,False,False,,,,0,0,4308580586033082,4308580587953480,
input19_layer36,,,,20260729T050800Z-fx-89687ae2-R032,pra2026-bh408@3d036144-16-32K-row0-greedy1024,3d03614452cd0a925abc82a7686560ff80252dfa,0,rank0,HCU0:TCA23906041001,chatcmpl-bench-7f1746b7-0-9eeec82b-9c959c99,19,19,36,0,decode,1,1,20597,20598,linear_attention,,,"[1,5120]","[1,5120]","[3,1]","[1,5120]","[1,5120]",False,False,False,,,,0,0,4308580589897528,4308580591443792,
input19_layer37,,,,20260729T050800Z-fx-89687ae2-R032,pra2026-bh408@3d036144-16-32K-row0-greedy1024,3d03614452cd0a925abc82a7686560ff80252dfa,0,rank0,HCU0:TCA23906041001,chatcmpl-bench-7f1746b7-0-9eeec82b-9c959c99,19,19,37,0,decode,1,1,20597,20598,linear_attention,,,"[1,5120]","[1,5120]","[3,1]","[1,5120]","[1,5120]",False,False,False,,,,0,0,4308580593332120,4308580594852084,
input19_layer38,,,,20260729T050800Z-fx-89687ae2-R032,pra2026-bh408@3d036144-16-32K-row0-greedy1024,3d03614452cd0a925abc82a7686560ff80252dfa,0,rank0,HCU0:TCA23906041001,chatcmpl-bench-7f1746b7-0-9eeec82b-9c959c99,19,19,38,0,decode,1,1,20597,20598,linear_attention,,,"[1,5120]","[1,5120]","[3,1]","[1,5120]","[1,5120]",False,False,False,,,,0,0,4308580596412039,4308580597940023,
input19_layer39,,,,20260729T050800Z-fx-89687ae2-R032,pra2026-bh408@3d036144-16-32K-row0-greedy1024,3d03614452cd0a925abc82a7686560ff80252dfa,0,rank0,HCU0:TCA23906041001,chatcmpl-bench-7f1746b7-0-9eeec82b-9c959c99,19,19,39,0,decode,1,1,20597,20598,full_attention,,,"[1,5120]","[1,5120]","[3,1]","[1,5120]","[1,5120]",False,False,False,,,,0,0,4308580599643198,4308580601567616,
input19_layer40,,,,20260729T050800Z-fx-89687ae2-R032,pra2026-bh408@3d036144-16-32K-row0-greedy1024,3d03614452cd0a925abc82a7686560ff80252dfa,0,rank0,HCU0:TCA23906041001,chatcmpl-bench-7f1746b7-0-9eeec82b-9c959c99,19,19,40,0,decode,1,1,20597,20598,linear_attention,,,"[1,5120]","[1,5120]","[3,1]","[1,5120]","[1,5120]",False,False,False,,,,0,0,4308580603054550,4308580604608835,
input19_layer41,,,,20260729T050800Z-fx-89687ae2-R032,pra2026-bh408@3d036144-16-32K-row0-greedy1024,3d03614452cd0a925abc82a7686560ff80252dfa,0,rank0,HCU0:TCA23906041001,chatcmpl-bench-7f1746b7-0-9eeec82b-9c959c99,19,19,41,0,decode,1,1,20597,20598,linear_attention,,,"[1,5120]","[1,5120]","[3,1]","[1,5120]","[1,5120]",False,False,False,,,,0,0,4308580606114269,4308580607651383,
input19_layer42,,,,20260729T050800Z-fx-89687ae2-R032,pra2026-bh408@3d036144-16-32K-row0-greedy1024,3d03614452cd0a925abc82a7686560ff80252dfa,0,rank0,HCU0:TCA23906041001,chatcmpl-bench-7f1746b7-0-9eeec82b-9c959c99,19,19,42,0,decode,1,1,20597,20598,linear_attention,,,"[1,5120]","[1,5120]","[3,1]","[1,5120]","[1,5120]",False,False,False,,,,0,0,4308580609578591,4308580611096425,
input19_layer43,,,,20260729T050800Z-fx-89687ae2-R032,pra2026-bh408@3d036144-16-32K-row0-greedy1024,3d03614452cd0a925abc82a7686560ff80252dfa,0,rank0,HCU0:TCA23906041001,chatcmpl-bench-7f1746b7-0-9eeec82b-9c959c99,19,19,43,0,decode,1,1,20597,20598,full_attention,,,"[1,5120]","[1,5120]","[3,1]","[1,5120]","[1,5120]",False,False,False,,,,0,0,4308580612873462,4308580614843400,
input19_layer44,,,,20260729T050800Z-fx-89687ae2-R032,pra2026-bh408@3d036144-16-32K-row0-greedy1024,3d03614452cd0a925abc82a7686560ff80252dfa,0,rank0,HCU0:TCA23906041001,chatcmpl-bench-7f1746b7-0-9eeec82b-9c959c99,19,19,44,0,decode,1,1,20597,20598,linear_attention,,,"[1,5120]","[1,5120]","[3,1]","[1,5120]","[1,5120]",False,False,False,,,,0,0,4308580616541906,4308580618068730,
input19_layer45,,,,20260729T050800Z-fx-89687ae2-R032,pra2026-bh408@3d036144-16-32K-row0-greedy1024,3d03614452cd0a925abc82a7686560ff80252dfa,0,rank0,HCU0:TCA23906041001,chatcmpl-bench-7f1746b7-0-9eeec82b-9c959c99,19,19,45,0,decode,1,1,20597,20598,linear_attention,,,"[1,5120]","[1,5120]","[3,1]","[1,5120]","[1,5120]",False,False,False,,,,0,0,4308580619984778,4308580621519832,
input19_layer46,,,,20260729T050800Z-fx-89687ae2-R032,pra2026-bh408@3d036144-16-32K-row0-greedy1024,3d03614452cd0a925abc82a7686560ff80252dfa,0,rank0,HCU0:TCA23906041001,chatcmpl-bench-7f1746b7-0-9eeec82b-9c959c99,19,19,46,0,decode,1,1,20597,20598,linear_attention,,,"[1,5120]","[1,5120]","[3,1]","[1,5120]","[1,5120]",False,False,False,,,,0,0,4308580623055086,4308580624585480,
input19_layer47,,,,20260729T050800Z-fx-89687ae2-R032,pra2026-bh408@3d036144-16-32K-row0-greedy1024,3d03614452cd0a925abc82a7686560ff80252dfa,0,rank0,HCU0:TCA23906041001,chatcmpl-bench-7f1746b7-0-9eeec82b-9c959c99,19,19,47,0,decode,1,1,20597,20598,full_attention,,,"[1,5120]","[1,5120]","[3,1]","[1,5120]","[1,5120]",False,False,False,,,,0,0,4308580626051334,4308580628077963,
input19_layer48,,,,20260729T050800Z-fx-89687ae2-R032,pra2026-bh408@3d036144-16-32K-row0-greedy1024,3d03614452cd0a925abc82a7686560ff80252dfa,0,rank0,HCU0:TCA23906041001,chatcmpl-bench-7f1746b7-0-9eeec82b-9c959c99,19,19,48,0,decode,1,1,20597,20598,linear_attention,,,"[1,5120]","[1,5120]","[3,1]","[1,5120]","[1,5120]",False,False,False,,,,0,0,4308580629955380,4308580631568205,
input19_layer49,,,,20260729T050800Z-fx-89687ae2-R032,pra2026-bh408@3d036144-16-32K-row0-greedy1024,3d03614452cd0a925abc82a7686560ff80252dfa,0,rank0,HCU0:TCA23906041001,chatcmpl-bench-7f1746b7-0-9eeec82b-9c959c99,19,19,49,0,decode,1,1,20597,20598,linear_attention,,,"[1,5120]","[1,5120]","[3,1]","[1,5120]","[1,5120]",False,False,False,,,,0,0,4308580633371752,4308580634899186,
input19_layer50,,,,20260729T050800Z-fx-89687ae2-R032,pra2026-bh408@3d036144-16-32K-row0-greedy1024,3d03614452cd0a925abc82a7686560ff80252dfa,0,rank0,HCU0:TCA23906041001,chatcmpl-bench-7f1746b7-0-9eeec82b-9c959c99,19,19,50,0,decode,1,1,20597,20598,linear_attention,,,"[1,5120]","[1,5120]","[3,1]","[1,5120]","[1,5120]",False,False,False,,,,0,0,4308580636606592,4308580638232237,
input19_layer51,,,,20260729T050800Z-fx-89687ae2-R032,pra2026-bh408@3d036144-16-32K-row0-greedy1024,3d03614452cd0a925abc82a7686560ff80252dfa,0,rank0,HCU0:TCA23906041001,chatcmpl-bench-7f1746b7-0-9eeec82b-9c959c99,19,19,51,0,decode,1,1,20597,20598,full_attention,,,"[1,5120]","[1,5120]","[3,1]","[1,5120]","[1,5120]",False,False,False,,,,0,0,4308580639960543,4308580641952872,
input19_layer52,,,,20260729T050800Z-fx-89687ae2-R032,pra2026-bh408@3d036144-16-32K-row0-greedy1024,3d03614452cd0a925abc82a7686560ff80252dfa,0,rank0,HCU0:TCA23906041001,chatcmpl-bench-7f1746b7-0-9eeec82b-9c959c99,19,19,52,0,decode,1,1,20597,20598,linear_attention,,,"[1,5120]","[1,5120]","[3,1]","[1,5120]","[1,5120]",False,False,False,,,,0,0,4308580643646828,4308580645247743,
input19_layer53,,,,20260729T050800Z-fx-89687ae2-R032,pra2026-bh408@3d036144-16-32K-row0-greedy1024,3d03614452cd0a925abc82a7686560ff80252dfa,0,rank0,HCU0:TCA23906041001,chatcmpl-bench-7f1746b7-0-9eeec82b-9c959c99,19,19,53,0,decode,1,1,20597,20598,linear_attention,,,"[1,5120]","[1,5120]","[3,1]","[1,5120]","[1,5120]",False,False,False,,,,0,0,4308580647027969,4308580648609744,
input19_layer54,,,,20260729T050800Z-fx-89687ae2-R032,pra2026-bh408@3d036144-16-32K-row0-greedy1024,3d03614452cd0a925abc82a7686560ff80252dfa,0,rank0,HCU0:TCA23906041001,chatcmpl-bench-7f1746b7-0-9eeec82b-9c959c99,19,19,54,0,decode,1,1,20597,20598,linear_attention,,,"[1,5120]","[1,5120]","[3,1]","[1,5120]","[1,5120]",False,False,False,,,,0,0,4308580650352710,4308580651904434,
input19_layer55,,,,20260729T050800Z-fx-89687ae2-R032,pra2026-bh408@3d036144-16-32K-row0-greedy1024,3d03614452cd0a925abc82a7686560ff80252dfa,0,rank0,HCU0:TCA23906041001,chatcmpl-bench-7f1746b7-0-9eeec82b-9c959c99,19,19,55,0,decode,1,1,20597,20598,full_attention,,,"[1,5120]","[1,5120]","[3,1]","[1,5120]","[1,5120]",False,False,False,,,,0,0,4308580653657321,4308580655622059,
input19_layer56,,,,20260729T050800Z-fx-89687ae2-R032,pra2026-bh408@3d036144-16-32K-row0-greedy1024,3d03614452cd0a925abc82a7686560ff80252dfa,0,rank0,HCU0:TCA23906041001,chatcmpl-bench-7f1746b7-0-9eeec82b-9c959c99,19,19,56,0,decode,1,1,20597,20598,linear_attention,,,"[1,5120]","[1,5120]","[3,1]","[1,5120]","[1,5120]",False,False,False,,,,0,0,4308580657554507,4308580659111811,
input19_layer57,,,,20260729T050800Z-fx-89687ae2-R032,pra2026-bh408@3d036144-16-32K-row0-greedy1024,3d03614452cd0a925abc82a7686560ff80252dfa,0,rank0,HCU0:TCA23906041001,chatcmpl-bench-7f1746b7-0-9eeec82b-9c959c99,19,19,57,0,decode,1,1,20597,20598,linear_attention,,,"[1,5120]","[1,5120]","[3,1]","[1,5120]","[1,5120]",False,False,False,,,,0,0,4308580660728556,4308580662273031,
input19_layer58,,,,20260729T050800Z-fx-89687ae2-R032,pra2026-bh408@3d036144-16-32K-row0-greedy1024,3d03614452cd0a925abc82a7686560ff80252dfa,0,rank0,HCU0:TCA23906041001,chatcmpl-bench-7f1746b7-0-9eeec82b-9c959c99,19,19,58,0,decode,1,1,20597,20598,linear_attention,,,"[1,5120]","[1,5120]","[3,1]","[1,5120]","[1,5120]",False,False,False,,,,0,0,4308580664143228,4308580665690313,
input19_layer59,,,,20260729T050800Z-fx-89687ae2-R032,pra2026-bh408@3d036144-16-32K-row0-greedy1024,3d03614452cd0a925abc82a7686560ff80252dfa,0,rank0,HCU0:TCA23906041001,chatcmpl-bench-7f1746b7-0-9eeec82b-9c959c99,19,19,59,0,decode,1,1,20597,20598,full_attention,,,"[1,5120]","[1,5120]","[3,1]","[1,5120]","[1,5120]",False,False,False,,,,0,0,4308580667475159,4308580669402777,
input19_layer60,,,,20260729T050800Z-fx-89687ae2-R032,pra2026-bh408@3d036144-16-32K-row0-greedy1024,3d03614452cd0a925abc82a7686560ff80252dfa,0,rank0,HCU0:TCA23906041001,chatcmpl-bench-7f1746b7-0-9eeec82b-9c959c99,19,19,60,0,decode,1,1,20597,20598,linear_attention,,,"[1,5120]","[1,5120]","[3,1]","[1,5120]","[1,5120]",False,False,False,,,,0,0,4308580671252174,4308580672796739,
input19_layer61,,,,20260729T050800Z-fx-89687ae2-R032,pra2026-bh408@3d036144-16-32K-row0-greedy1024,3d03614452cd0a925abc82a7686560ff80252dfa,0,rank0,HCU0:TCA23906041001,chatcmpl-bench-7f1746b7-0-9eeec82b-9c959c99,19,19,61,0,decode,1,1,20597,20598,linear_attention,,,"[1,5120]","[1,5120]","[3,1]","[1,5120]","[1,5120]",False,False,False,,,,0,0,4308580674736497,4308580676265171,
input19_layer62,,,,20260729T050800Z-fx-89687ae2-R032,pra2026-bh408@3d036144-16-32K-row0-greedy1024,3d03614452cd0a925abc82a7686560ff80252dfa,0,rank0,HCU0:TCA23906041001,chatcmpl-bench-7f1746b7-0-9eeec82b-9c959c99,19,19,62,0,decode,1,1,20597,20598,linear_attention,,,"[1,5120]","[1,5120]","[3,1]","[1,5120]","[1,5120]",False,False,False,,,,0,0,4308580678027437,4308580679577582,
input19_layer63,,,,20260729T050800Z-fx-89687ae2-R032,pra2026-bh408@3d036144-16-32K-row0-greedy1024,3d03614452cd0a925abc82a7686560ff80252dfa,0,rank0,HCU0:TCA23906041001,chatcmpl-bench-7f1746b7-0-9eeec82b-9c959c99,19,19,63,0,decode,1,1,20597,20598,full_attention,,,"[1,5120]","[1,5120]","[3,1]","[1,5120]","[1,5120]",False,False,False,,,,0,0,4308580681424639,4308580683447078,
input20_layer0,,,,20260729T050800Z-fx-89687ae2-R032,pra2026-bh408@3d036144-16-32K-row0-greedy1024,3d03614452cd0a925abc82a7686560ff80252dfa,0,rank0,HCU0:TCA23906041001,chatcmpl-bench-7f1746b7-0-9eeec82b-9c959c99,20,20,0,0,decode,1,1,20598,20599,linear_attention,,,"[1,5120]",null,"[3,1]","[1,5120]","[1,5120]",False,False,False,,,,0,0,4308580688757007,4308580690463503,
input20_layer1,,,,20260729T050800Z-fx-89687ae2-R032,pra2026-bh408@3d036144-16-32K-row0-greedy1024,3d03614452cd0a925abc82a7686560ff80252dfa,0,rank0,HCU0:TCA23906041001,chatcmpl-bench-7f1746b7-0-9eeec82b-9c959c99,20,20,1,0,decode,1,1,20598,20599,linear_attention,,,"[1,5120]","[1,5120]","[3,1]","[1,5120]","[1,5120]",False,False,False,,,,0,0,4308580692327760,4308580693870025,
input20_layer2,,,,20260729T050800Z-fx-89687ae2-R032,pra2026-bh408@3d036144-16-32K-row0-greedy1024,3d03614452cd0a925abc82a7686560ff80252dfa,0,rank0,HCU0:TCA23906041001,chatcmpl-bench-7f1746b7-0-9eeec82b-9c959c99,20,20,2,0,decode,1,1,20598,20599,linear_attention,,,"[1,5120]","[1,5120]","[3,1]","[1,5120]","[1,5120]",False,False,False,,,,0,0,4308580695448439,4308580696985714,
input20_layer3,,,,20260729T050800Z-fx-89687ae2-R032,pra2026-bh408@3d036144-16-32K-row0-greedy1024,3d03614452cd0a925abc82a7686560ff80252dfa,0,rank0,HCU0:TCA23906041001,chatcmpl-bench-7f1746b7-0-9eeec82b-9c959c99,20,20,3,0,decode,1,1,20598,20599,full_attention,,,"[1,5120]","[1,5120]","[3,1]","[1,5120]","[1,5120]",False,False,False,,,,0,0,4308580698768570,4308580700748199,
input20_layer4,,,,20260729T050800Z-fx-89687ae2-R032,pra2026-bh408@3d036144-16-32K-row0-greedy1024,3d03614452cd0a925abc82a7686560ff80252dfa,0,rank0,HCU0:TCA23906041001,chatcmpl-bench-7f1746b7-0-9eeec82b-9c959c99,20,20,4,0,decode,1,1,20598,20599,linear_attention,,,"[1,5120]","[1,5120]","[3,1]","[1,5120]","[1,5120]",False,False,False,,,,0,0,4308580702548445,4308580704079510,
input20_layer5,,,,20260729T050800Z-fx-89687ae2-R032,pra2026-bh408@3d036144-16-32K-row0-greedy1024,3d03614452cd0a925abc82a7686560ff80252dfa,0,rank0,HCU0:TCA23906041001,chatcmpl-bench-7f1746b7-0-9eeec82b-9c959c99,20,20,5,0,decode,1,1,20598,20599,linear_attention,,,"[1,5120]","[1,5120]","[3,1]","[1,5120]","[1,5120]",False,False,False,,,,0,0,4308580705813716,4308580707344120,
input20_layer6,,,,20260729T050800Z-fx-89687ae2-R032,pra2026-bh408@3d036144-16-32K-row0-greedy1024,3d03614452cd0a925abc82a7686560ff80252dfa,0,rank0,HCU0:TCA23906041001,chatcmpl-bench-7f1746b7-0-9eeec82b-9c959c99,20,20,6,0,decode,1,1,20598,20599,linear_attention,,,"[1,5120]","[1,5120]","[3,1]","[1,5120]","[1,5120]",False,False,False,,,,0,0,4308580708971315,4308580710490699,
input20_layer7,,,,20260729T050800Z-fx-89687ae2-R032,pra2026-bh408@3d036144-16-32K-row0-greedy1024,3d03614452cd0a925abc82a7686560ff80252dfa,0,rank0,HCU0:TCA23906041001,chatcmpl-bench-7f1746b7-0-9eeec82b-9c959c99,20,20,7,0,decode,1,1,20598,20599,full_attention,,,"[1,5120]","[1,5120]","[3,1]","[1,5120]","[1,5120]",False,False,False,,,,0,0,4308580712234135,4308580714153903,
input20_layer8,,,,20260729T050800Z-fx-89687ae2-R032,pra2026-bh408@3d036144-16-32K-row0-greedy1024,3d03614452cd0a925abc82a7686560ff80252dfa,0,rank0,HCU0:TCA23906041001,chatcmpl-bench-7f1746b7-0-9eeec82b-9c959c99,20,20,8,0,decode,1,1,20598,20599,linear_attention,,,"[1,5120]","[1,5120]","[3,1]","[1,5120]","[1,5120]",False,False,False,,,,0,0,4308580715906409,4308580717438884,
input20_layer9,,,,20260729T050800Z-fx-89687ae2-R032,pra2026-bh408@3d036144-16-32K-row0-greedy1024,3d03614452cd0a925abc82a7686560ff80252dfa,0,rank0,HCU0:TCA23906041001,chatcmpl-bench-7f1746b7-0-9eeec82b-9c959c99,20,20,9,0,decode,1,1,20598,20599,linear_attention,,,"[1,5120]","[1,5120]","[3,1]","[1,5120]","[1,5120]",False,False,False,,,,0,0,4308580719116119,4308580720632673,
input20_layer10,,,,20260729T050800Z-fx-89687ae2-R032,pra2026-bh408@3d036144-16-32K-row0-greedy1024,3d03614452cd0a925abc82a7686560ff80252dfa,0,rank0,HCU0:TCA23906041001,chatcmpl-bench-7f1746b7-0-9eeec82b-9c959c99,20,20,10,0,decode,1,1,20598,20599,linear_attention,,,"[1,5120]","[1,5120]","[3,1]","[1,5120]","[1,5120]",False,False,False,,,,0,0,4308580722336669,4308580723853333,
input20_layer11,,,,20260729T050800Z-fx-89687ae2-R032,pra2026-bh408@3d036144-16-32K-row0-greedy1024,3d03614452cd0a925abc82a7686560ff80252dfa,0,rank0,HCU0:TCA23906041001,chatcmpl-bench-7f1746b7-0-9eeec82b-9c959c99,20,20,11,0,decode,1,1,20598,20599,full_attention,,,"[1,5120]","[1,5120]","[3,1]","[1,5120]","[1,5120]",False,False,False,,,,0,0,4308580725480568,4308580727403656,
input20_layer12,,,,20260729T050800Z-fx-89687ae2-R032,pra2026-bh408@3d036144-16-32K-row0-greedy1024,3d03614452cd0a925abc82a7686560ff80252dfa,0,rank0,HCU0:TCA23906041001,chatcmpl-bench-7f1746b7-0-9eeec82b-9c959c99,20,20,12,0,decode,1,1,20598,20599,linear_attention,,,"[1,5120]","[1,5120]","[3,1]","[1,5120]","[1,5120]",False,False,False,,,,0,0,4308580729240573,4308580730758207,
input20_layer13,,,,20260729T050800Z-fx-89687ae2-R032,pra2026-bh408@3d036144-16-32K-row0-greedy1024,3d03614452cd0a925abc82a7686560ff80252dfa,0,rank0,HCU0:TCA23906041001,chatcmpl-bench-7f1746b7-0-9eeec82b-9c959c99,20,20,13,0,decode,1,1,20598,20599,linear_attention,,,"[1,5120]","[1,5120]","[3,1]","[1,5120]","[1,5120]",False,False,False,,,,0,0,4308580732666685,4308580734190019,
input20_layer14,,,,20260729T050800Z-fx-89687ae2-R032,pra2026-bh408@3d036144-16-32K-row0-greedy1024,3d03614452cd0a925abc82a7686560ff80252dfa,0,rank0,HCU0:TCA23906041001,chatcmpl-bench-7f1746b7-0-9eeec82b-9c959c99,20,20,14,0,decode,1,1,20598,20599,linear_attention,,,"[1,5120]","[1,5120]","[3,1]","[1,5120]","[1,5120]",False,False,False,,,,0,0,4308580735939026,4308580737459110,
input20_layer15,,,,20260729T050800Z-fx-89687ae2-R032,pra2026-bh408@3d036144-16-32K-row0-greedy1024,3d03614452cd0a925abc82a7686560ff80252dfa,0,rank0,HCU0:TCA23906041001,chatcmpl-bench-7f1746b7-0-9eeec82b-9c959c99,20,20,15,0,decode,1,1,20598,20599,full_attention,,,"[1,5120]","[1,5120]","[3,1]","[1,5120]","[1,5120]",False,False,False,,,,0,0,4308580739140785,4308580741041673,
input20_layer16,,,,20260729T050800Z-fx-89687ae2-R032,pra2026-bh408@3d036144-16-32K-row0-greedy1024,3d03614452cd0a925abc82a7686560ff80252dfa,0,rank0,HCU0:TCA23906041001,chatcmpl-bench-7f1746b7-0-9eeec82b-9c959c99,20,20,16,0,decode,1,1,20598,20599,linear_attention,,,"[1,5120]","[1,5120]","[3,1]","[1,5120]","[1,5120]",False,False,False,,,,0,0,4308580742835250,4308580744377464,
input20_layer17,,,,20260729T050800Z-fx-89687ae2-R032,pra2026-bh408@3d036144-16-32K-row0-greedy1024,3d03614452cd0a925abc82a7686560ff80252dfa,0,rank0,HCU0:TCA23906041001,chatcmpl-bench-7f1746b7-0-9eeec82b-9c959c99,20,20,17,0,decode,1,1,20598,20599,linear_attention,,,"[1,5120]","[1,5120]","[3,1]","[1,5120]","[1,5120]",False,False,False,,,,0,0,4308580746123430,4308580747641104,
input20_layer18,,,,20260729T050800Z-fx-89687ae2-R032,pra2026-bh408@3d036144-16-32K-row0-greedy1024,3d03614452cd0a925abc82a7686560ff80252dfa,0,rank0,HCU0:TCA23906041001,chatcmpl-bench-7f1746b7-0-9eeec82b-9c959c99,20,20,18,0,decode,1,1,20598,20599,linear_attention,,,"[1,5120]","[1,5120]","[3,1]","[1,5120]","[1,5120]",False,False,False,,,,0,0,4308580749408761,4308580750913565,
input20_layer19,,,,20260729T050800Z-fx-89687ae2-R032,pra2026-bh408@3d036144-16-32K-row0-greedy1024,3d03614452cd0a925abc82a7686560ff80252dfa,0,rank0,HCU0:TCA23906041001,chatcmpl-bench-7f1746b7-0-9eeec82b-9c959c99,20,20,19,0,decode,1,1,20598,20599,full_attention,,,"[1,5120]","[1,5120]","[3,1]","[1,5120]","[1,5120]",False,False,False,,,,0,0,4308580752519860,4308580754431488,
input20_layer20,,,,20260729T050800Z-fx-89687ae2-R032,pra2026-bh408@3d036144-16-32K-row0-greedy1024,3d03614452cd0a925abc82a7686560ff80252dfa,0,rank0,HCU0:TCA23906041001,chatcmpl-bench-7f1746b7-0-9eeec82b-9c959c99,20,20,20,0,decode,1,1,20598,20599,linear_attention,,,"[1,5120]","[1,5120]","[3,1]","[1,5120]","[1,5120]",False,False,False,,,,0,0,4308580756329485,4308580757867039,
input20_layer21,,,,20260729T050800Z-fx-89687ae2-R032,pra2026-bh408@3d036144-16-32K-row0-greedy1024,3d03614452cd0a925abc82a7686560ff80252dfa,0,rank0,HCU0:TCA23906041001,chatcmpl-bench-7f1746b7-0-9eeec82b-9c959c99,20,20,21,0,decode,1,1,20598,20599,linear_attention,,,"[1,5120]","[1,5120]","[3,1]","[1,5120]","[1,5120]",False,False,False,,,,0,0,4308580759673006,4308580761201321,
input20_layer22,,,,20260729T050800Z-fx-89687ae2-R032,pra2026-bh408@3d036144-16-32K-row0-greedy1024,3d03614452cd0a925abc82a7686560ff80252dfa,0,rank0,HCU0:TCA23906041001,chatcmpl-bench-7f1746b7-0-9eeec82b-9c959c99,20,20,22,0,decode,1,1,20598,20599,linear_attention,,,"[1,5120]","[1,5120]","[3,1]","[1,5120]","[1,5120]",False,False,False,,,,0,0,4308580762933197,4308580764473701,
input20_layer23,,,,20260729T050800Z-fx-89687ae2-R032,pra2026-bh408@3d036144-16-32K-row0-greedy1024,3d03614452cd0a925abc82a7686560ff80252dfa,0,rank0,HCU0:TCA23906041001,chatcmpl-bench-7f1746b7-0-9eeec82b-9c959c99,20,20,23,0,decode,1,1,20598,20599,full_attention,,,"[1,5120]","[1,5120]","[3,1]","[1,5120]","[1,5120]",False,False,False,,,,0,0,4308580766155907,4308580768053904,
input20_layer24,,,,20260729T050800Z-fx-89687ae2-R032,pra2026-bh408@3d036144-16-32K-row0-greedy1024,3d03614452cd0a925abc82a7686560ff80252dfa,0,rank0,HCU0:TCA23906041001,chatcmpl-bench-7f1746b7-0-9eeec82b-9c959c99,20,20,24,0,decode,1,1,20598,20599,linear_attention,,,"[1,5120]","[1,5120]","[3,1]","[1,5120]","[1,5120]",False,False,False,,,,0,0,4308580769851691,4308580771393885,
input20_layer25,,,,20260729T050800Z-fx-89687ae2-R032,pra2026-bh408@3d036144-16-32K-row0-greedy1024,3d03614452cd0a925abc82a7686560ff80252dfa,0,rank0,HCU0:TCA23906041001,chatcmpl-bench-7f1746b7-0-9eeec82b-9c959c99,20,20,25,0,decode,1,1,20598,20599,linear_attention,,,"[1,5120]","[1,5120]","[3,1]","[1,5120]","[1,5120]",False,False,False,,,,0,0,4308580773035601,4308580774552915,
input20_layer26,,,,20260729T050800Z-fx-89687ae2-R032,pra2026-bh408@3d036144-16-32K-row0-greedy1024,3d03614452cd0a925abc82a7686560ff80252dfa,0,rank0,HCU0:TCA23906041001,chatcmpl-bench-7f1746b7-0-9eeec82b-9c959c99,20,20,26,0,decode,1,1,20598,20599,linear_attention,,,"[1,5120]","[1,5120]","[3,1]","[1,5120]","[1,5120]",False,False,False,,,,0,0,4308580776217360,4308580777722294,
input20_layer27,,,,20260729T050800Z-fx-89687ae2-R032,pra2026-bh408@3d036144-16-32K-row0-greedy1024,3d03614452cd0a925abc82a7686560ff80252dfa,0,rank0,HCU0:TCA23906041001,chatcmpl-bench-7f1746b7-0-9eeec82b-9c959c99,20,20,27,0,decode,1,1,20598,20599,full_attention,,,"[1,5120]","[1,5120]","[3,1]","[1,5120]","[1,5120]",False,False,False,,,,0,0,4308580779594751,4308580781509909,
input20_layer28,,,,20260729T050800Z-fx-89687ae2-R032,pra2026-bh408@3d036144-16-32K-row0-greedy1024,3d03614452cd0a925abc82a7686560ff80252dfa,0,rank0,HCU0:TCA23906041001,chatcmpl-bench-7f1746b7-0-9eeec82b-9c959c99,20,20,28,0,decode,1,1,20598,20599,linear_attention,,,"[1,5120]","[1,5120]","[3,1]","[1,5120]","[1,5120]",False,False,False,,,,0,0,4308580783210435,4308580784745889,
input20_layer29,,,,20260729T050800Z-fx-89687ae2-R032,pra2026-bh408@3d036144-16-32K-row0-greedy1024,3d03614452cd0a925abc82a7686560ff80252dfa,0,rank0,HCU0:TCA23906041001,chatcmpl-bench-7f1746b7-0-9eeec82b-9c959c99,20,20,29,0,decode,1,1,20598,20599,linear_attention,,,"[1,5120]","[1,5120]","[3,1]","[1,5120]","[1,5120]",False,False,False,,,,0,0,4308580786369854,4308580787881049,
input20_layer30,,,,20260729T050800Z-fx-89687ae2-R032,pra2026-bh408@3d036144-16-32K-row0-greedy1024,3d03614452cd0a925abc82a7686560ff80252dfa,0,rank0,HCU0:TCA23906041001,chatcmpl-bench-7f1746b7-0-9eeec82b-9c959c99,20,20,30,0,decode,1,1,20598,20599,linear_attention,,,"[1,5120]","[1,5120]","[3,1]","[1,5120]","[1,5120]",False,False,False,,,,0,0,4308580789327512,4308580790826536,
input20_layer31,,,,20260729T050800Z-fx-89687ae2-R032,pra2026-bh408@3d036144-16-32K-row0-greedy1024,3d03614452cd0a925abc82a7686560ff80252dfa,0,rank0,HCU0:TCA23906041001,chatcmpl-bench-7f1746b7-0-9eeec82b-9c959c99,20,20,31,0,decode,1,1,20598,20599,full_attention,,,"[1,5120]","[1,5120]","[3,1]","[1,5120]","[1,5120]",False,False,False,,,,0,0,4308580792734384,4308580794651251,
input20_layer32,,,,20260729T050800Z-fx-89687ae2-R032,pra2026-bh408@3d036144-16-32K-row0-greedy1024,3d03614452cd0a925abc82a7686560ff80252dfa,0,rank0,HCU0:TCA23906041001,chatcmpl-bench-7f1746b7-0-9eeec82b-9c959c99,20,20,32,0,decode,1,1,20598,20599,linear_attention,,,"[1,5120]","[1,5120]","[3,1]","[1,5120]","[1,5120]",False,False,False,,,,0,0,4308580796450828,4308580797964912,
input20_layer33,,,,20260729T050800Z-fx-89687ae2-R032,pra2026-bh408@3d036144-16-32K-row0-greedy1024,3d03614452cd0a925abc82a7686560ff80252dfa,0,rank0,HCU0:TCA23906041001,chatcmpl-bench-7f1746b7-0-9eeec82b-9c959c99,20,20,33,0,decode,1,1,20598,20599,linear_attention,,,"[1,5120]","[1,5120]","[3,1]","[1,5120]","[1,5120]",False,False,False,,,,0,0,4308580799661868,4308580801189012,
input20_layer34,,,,20260729T050800Z-fx-89687ae2-R032,pra2026-bh408@3d036144-16-32K-row0-greedy1024,3d03614452cd0a925abc82a7686560ff80252dfa,0,rank0,HCU0:TCA23906041001,chatcmpl-bench-7f1746b7-0-9eeec82b-9c959c99,20,20,34,0,decode,1,1,20598,20599,linear_attention,,,"[1,5120]","[1,5120]","[3,1]","[1,5120]","[1,5120]",False,False,False,,,,0,0,4308580802897818,4308580804415372,
input20_layer35,,,,20260729T050800Z-fx-89687ae2-R032,pra2026-bh408@3d036144-16-32K-row0-greedy1024,3d03614452cd0a925abc82a7686560ff80252dfa,0,rank0,HCU0:TCA23906041001,chatcmpl-bench-7f1746b7-0-9eeec82b-9c959c99,20,20,35,0,decode,1,1,20598,20599,full_attention,,,"[1,5120]","[1,5120]","[3,1]","[1,5120]","[1,5120]",False,False,False,,,,0,0,4308580805915176,4308580807825424,
input20_layer36,,,,20260729T050800Z-fx-89687ae2-R032,pra2026-bh408@3d036144-16-32K-row0-greedy1024,3d03614452cd0a925abc82a7686560ff80252dfa,0,rank0,HCU0:TCA23906041001,chatcmpl-bench-7f1746b7-0-9eeec82b-9c959c99,20,20,36,0,decode,1,1,20598,20599,linear_attention,,,"[1,5120]","[1,5120]","[3,1]","[1,5120]","[1,5120]",False,False,False,,,,0,0,4308580809598470,4308580811108225,
input20_layer37,,,,20260729T050800Z-fx-89687ae2-R032,pra2026-bh408@3d036144-16-32K-row0-greedy1024,3d03614452cd0a925abc82a7686560ff80252dfa,0,rank0,HCU0:TCA23906041001,chatcmpl-bench-7f1746b7-0-9eeec82b-9c959c99,20,20,37,0,decode,1,1,20598,20599,linear_attention,,,"[1,5120]","[1,5120]","[3,1]","[1,5120]","[1,5120]",False,False,False,,,,0,0,4308580812708859,4308580814227234,
input20_layer38,,,,20260729T050800Z-fx-89687ae2-R032,pra2026-bh408@3d036144-16-32K-row0-greedy1024,3d03614452cd0a925abc82a7686560ff80252dfa,0,rank0,HCU0:TCA23906041001,chatcmpl-bench-7f1746b7-0-9eeec82b-9c959c99,20,20,38,0,decode,1,1,20598,20599,linear_attention,,,"[1,5120]","[1,5120]","[3,1]","[1,5120]","[1,5120]",False,False,False,,,,0,0,4308580815851929,4308580817379803,
input20_layer39,,,,20260729T050800Z-fx-89687ae2-R032,pra2026-bh408@3d036144-16-32K-row0-greedy1024,3d03614452cd0a925abc82a7686560ff80252dfa,0,rank0,HCU0:TCA23906041001,chatcmpl-bench-7f1746b7-0-9eeec82b-9c959c99,20,20,39,0,decode,1,1,20598,20599,full_attention,,,"[1,5120]","[1,5120]","[3,1]","[1,5120]","[1,5120]",False,False,False,,,,0,0,4308580819092919,4308580821001366,
input20_layer40,,,,20260729T050800Z-fx-89687ae2-R032,pra2026-bh408@3d036144-16-32K-row0-greedy1024,3d03614452cd0a925abc82a7686560ff80252dfa,0,rank0,HCU0:TCA23906041001,chatcmpl-bench-7f1746b7-0-9eeec82b-9c959c99,20,20,40,0,decode,1,1,20598,20599,linear_attention,,,"[1,5120]","[1,5120]","[3,1]","[1,5120]","[1,5120]",False,False,False,,,,0,0,4308580822798093,4308580824329507,
input20_layer41,,,,20260729T050800Z-fx-89687ae2-R032,pra2026-bh408@3d036144-16-32K-row0-greedy1024,3d03614452cd0a925abc82a7686560ff80252dfa,0,rank0,HCU0:TCA23906041001,chatcmpl-bench-7f1746b7-0-9eeec82b-9c959c99,20,20,41,0,decode,1,1,20598,20599,linear_attention,,,"[1,5120]","[1,5120]","[3,1]","[1,5120]","[1,5120]",False,False,False,,,,0,0,4308580826077674,4308580827589218,
input20_layer42,,,,20260729T050800Z-fx-89687ae2-R032,pra2026-bh408@3d036144-16-32K-row0-greedy1024,3d03614452cd0a925abc82a7686560ff80252dfa,0,rank0,HCU0:TCA23906041001,chatcmpl-bench-7f1746b7-0-9eeec82b-9c959c99,20,20,42,0,decode,1,1,20598,20599,linear_attention,,,"[1,5120]","[1,5120]","[3,1]","[1,5120]","[1,5120]",False,False,False,,,,0,0,4308580829262883,4308580830777937,
input20_layer43,,,,20260729T050800Z-fx-89687ae2-R032,pra2026-bh408@3d036144-16-32K-row0-greedy1024,3d03614452cd0a925abc82a7686560ff80252dfa,0,rank0,HCU0:TCA23906041001,chatcmpl-bench-7f1746b7-0-9eeec82b-9c959c99,20,20,43,0,decode,1,1,20598,20599,full_attention,,,"[1,5120]","[1,5120]","[3,1]","[1,5120]","[1,5120]",False,False,False,,,,0,0,4308580832454093,4308580834356791,
input20_layer44,,,,20260729T050800Z-fx-89687ae2-R032,pra2026-bh408@3d036144-16-32K-row0-greedy1024,3d03614452cd0a925abc82a7686560ff80252dfa,0,rank0,HCU0:TCA23906041001,chatcmpl-bench-7f1746b7-0-9eeec82b-9c959c99,20,20,44,0,decode,1,1,20598,20599,linear_attention,,,"[1,5120]","[1,5120]","[3,1]","[1,5120]","[1,5120]",False,False,False,,,,0,0,4308580836058616,4308580837578391,
input20_layer45,,,,20260729T050800Z-fx-89687ae2-R032,pra2026-bh408@3d036144-16-32K-row0-greedy1024,3d03614452cd0a925abc82a7686560ff80252dfa,0,rank0,HCU0:TCA23906041001,chatcmpl-bench-7f1746b7-0-9eeec82b-9c959c99,20,20,45,0,decode,1,1,20598,20599,linear_attention,,,"[1,5120]","[1,5120]","[3,1]","[1,5120]","[1,5120]",False,False,False,,,,0,0,4308580839235146,4308580840737720,
input20_layer46,,,,20260729T050800Z-fx-89687ae2-R032,pra2026-bh408@3d036144-16-32K-row0-greedy1024,3d03614452cd0a925abc82a7686560ff80252dfa,0,rank0,HCU0:TCA23906041001,chatcmpl-bench-7f1746b7-0-9eeec82b-9c959c99,20,20,46,0,decode,1,1,20598,20599,linear_attention,,,"[1,5120]","[1,5120]","[3,1]","[1,5120]","[1,5120]",False,False,False,,,,0,0,4308580842500906,4308580843999430,
input20_layer47,,,,20260729T050800Z-fx-89687ae2-R032,pra2026-bh408@3d036144-16-32K-row0-greedy1024,3d03614452cd0a925abc82a7686560ff80252dfa,0,rank0,HCU0:TCA23906041001,chatcmpl-bench-7f1746b7-0-9eeec82b-9c959c99,20,20,47,0,decode,1,1,20598,20599,full_attention,,,"[1,5120]","[1,5120]","[3,1]","[1,5120]","[1,5120]",False,False,False,,,,0,0,4308580845669966,4308580847573304,
input20_layer48,,,,20260729T050800Z-fx-89687ae2-R032,pra2026-bh408@3d036144-16-32K-row0-greedy1024,3d03614452cd0a925abc82a7686560ff80252dfa,0,rank0,HCU0:TCA23906041001,chatcmpl-bench-7f1746b7-0-9eeec82b-9c959c99,20,20,48,0,decode,1,1,20598,20599,linear_attention,,,"[1,5120]","[1,5120]","[3,1]","[1,5120]","[1,5120]",False,False,False,,,,0,0,4308580849412761,4308580850926325,
input20_layer49,,,,20260729T050800Z-fx-89687ae2-R032,pra2026-bh408@3d036144-16-32K-row0-greedy1024,3d03614452cd0a925abc82a7686560ff80252dfa,0,rank0,HCU0:TCA23906041001,chatcmpl-bench-7f1746b7-0-9eeec82b-9c959c99,20,20,49,0,decode,1,1,20598,20599,linear_attention,,,"[1,5120]","[1,5120]","[3,1]","[1,5120]","[1,5120]",False,False,False,,,,0,0,4308580852833952,4308580854370437,
input20_layer50,,,,20260729T050800Z-fx-89687ae2-R032,pra2026-bh408@3d036144-16-32K-row0-greedy1024,3d03614452cd0a925abc82a7686560ff80252dfa,0,rank0,HCU0:TCA23906041001,chatcmpl-bench-7f1746b7-0-9eeec82b-9c959c99,20,20,50,0,decode,1,1,20598,20599,linear_attention,,,"[1,5120]","[1,5120]","[3,1]","[1,5120]","[1,5120]",False,False,False,,,,0,0,4308580856042762,4308580857561346,
input20_layer51,,,,20260729T050800Z-fx-89687ae2-R032,pra2026-bh408@3d036144-16-32K-row0-greedy1024,3d03614452cd0a925abc82a7686560ff80252dfa,0,rank0,HCU0:TCA23906041001,chatcmpl-bench-7f1746b7-0-9eeec82b-9c959c99,20,20,51,0,decode,1,1,20598,20599,full_attention,,,"[1,5120]","[1,5120]","[3,1]","[1,5120]","[1,5120]",False,False,False,,,,0,0,4308580859297422,4308580861203570,
input20_layer52,,,,20260729T050800Z-fx-89687ae2-R032,pra2026-bh408@3d036144-16-32K-row0-greedy1024,3d03614452cd0a925abc82a7686560ff80252dfa,0,rank0,HCU0:TCA23906041001,chatcmpl-bench-7f1746b7-0-9eeec82b-9c959c99,20,20,52,0,decode,1,1,20598,20599,linear_attention,,,"[1,5120]","[1,5120]","[3,1]","[1,5120]","[1,5120]",False,False,False,,,,0,0,4308580862914506,4308580864456190,
input20_layer53,,,,20260729T050800Z-fx-89687ae2-R032,pra2026-bh408@3d036144-16-32K-row0-greedy1024,3d03614452cd0a925abc82a7686560ff80252dfa,0,rank0,HCU0:TCA23906041001,chatcmpl-bench-7f1746b7-0-9eeec82b-9c959c99,20,20,53,0,decode,1,1,20598,20599,linear_attention,,,"[1,5120]","[1,5120]","[3,1]","[1,5120]","[1,5120]",False,False,False,,,,0,0,4308580866227547,4308580867736441,
input20_layer54,,,,20260729T050800Z-fx-89687ae2-R032,pra2026-bh408@3d036144-16-32K-row0-greedy1024,3d03614452cd0a925abc82a7686560ff80252dfa,0,rank0,HCU0:TCA23906041001,chatcmpl-bench-7f1746b7-0-9eeec82b-9c959c99,20,20,54,0,decode,1,1,20598,20599,linear_attention,,,"[1,5120]","[1,5120]","[3,1]","[1,5120]","[1,5120]",False,False,False,,,,0,0,4308580869591898,4308580871341104,
input20_layer55,,,,20260729T050800Z-fx-89687ae2-R032,pra2026-bh408@3d036144-16-32K-row0-greedy1024,3d03614452cd0a925abc82a7686560ff80252dfa,0,rank0,HCU0:TCA23906041001,chatcmpl-bench-7f1746b7-0-9eeec82b-9c959c99,20,20,55,0,decode,1,1,20598,20599,full_attention,,,"[1,5120]","[1,5120]","[3,1]","[1,5120]","[1,5120]",False,False,False,,,,0,0,4308580873108111,4308580875031899,
input20_layer56,,,,20260729T050800Z-fx-89687ae2-R032,pra2026-bh408@3d036144-16-32K-row0-greedy1024,3d03614452cd0a925abc82a7686560ff80252dfa,0,rank0,HCU0:TCA23906041001,chatcmpl-bench-7f1746b7-0-9eeec82b-9c959c99,20,20,56,0,decode,1,1,20598,20599,linear_attention,,,"[1,5120]","[1,5120]","[3,1]","[1,5120]","[1,5120]",False,False,False,,,,0,0,4308580876715334,4308580878242369,
input20_layer57,,,,20260729T050800Z-fx-89687ae2-R032,pra2026-bh408@3d036144-16-32K-row0-greedy1024,3d03614452cd0a925abc82a7686560ff80252dfa,0,rank0,HCU0:TCA23906041001,chatcmpl-bench-7f1746b7-0-9eeec82b-9c959c99,20,20,57,0,decode,1,1,20598,20599,linear_attention,,,"[1,5120]","[1,5120]","[3,1]","[1,5120]","[1,5120]",False,False,False,,,,0,0,4308580879922964,4308580881430118,
input20_layer58,,,,20260729T050800Z-fx-89687ae2-R032,pra2026-bh408@3d036144-16-32K-row0-greedy1024,3d03614452cd0a925abc82a7686560ff80252dfa,0,rank0,HCU0:TCA23906041001,chatcmpl-bench-7f1746b7-0-9eeec82b-9c959c99,20,20,58,0,decode,1,1,20598,20599,linear_attention,,,"[1,5120]","[1,5120]","[3,1]","[1,5120]","[1,5120]",False,False,False,,,,0,0,4308580883093054,4308580884604468,
input20_layer59,,,,20260729T050800Z-fx-89687ae2-R032,pra2026-bh408@3d036144-16-32K-row0-greedy1024,3d03614452cd0a925abc82a7686560ff80252dfa,0,rank0,HCU0:TCA23906041001,chatcmpl-bench-7f1746b7-0-9eeec82b-9c959c99,20,20,59,0,decode,1,1,20598,20599,full_attention,,,"[1,5120]","[1,5120]","[3,1]","[1,5120]","[1,5120]",False,False,False,,,,0,0,4308580886198223,4308580888096740,
input20_layer60,,,,20260729T050800Z-fx-89687ae2-R032,pra2026-bh408@3d036144-16-32K-row0-greedy1024,3d03614452cd0a925abc82a7686560ff80252dfa,0,rank0,HCU0:TCA23906041001,chatcmpl-bench-7f1746b7-0-9eeec82b-9c959c99,20,20,60,0,decode,1,1,20598,20599,linear_attention,,,"[1,5120]","[1,5120]","[3,1]","[1,5120]","[1,5120]",False,False,False,,,,0,0,4308580889709705,4308580891228239,
input20_layer61,,,,20260729T050800Z-fx-89687ae2-R032,pra2026-bh408@3d036144-16-32K-row0-greedy1024,3d03614452cd0a925abc82a7686560ff80252dfa,0,rank0,HCU0:TCA23906041001,chatcmpl-bench-7f1746b7-0-9eeec82b-9c959c99,20,20,61,0,decode,1,1,20598,20599,linear_attention,,,"[1,5120]","[1,5120]","[3,1]","[1,5120]","[1,5120]",False,False,False,,,,0,0,4308580892800024,4308580894313558,
input20_layer62,,,,20260729T050800Z-fx-89687ae2-R032,pra2026-bh408@3d036144-16-32K-row0-greedy1024,3d03614452cd0a925abc82a7686560ff80252dfa,0,rank0,HCU0:TCA23906041001,chatcmpl-bench-7f1746b7-0-9eeec82b-9c959c99,20,20,62,0,decode,1,1,20598,20599,linear_attention,,,"[1,5120]","[1,5120]","[3,1]","[1,5120]","[1,5120]",False,False,False,,,,0,0,4308580896010304,4308580897539178,
input20_layer63,,,,20260729T050800Z-fx-89687ae2-R032,pra2026-bh408@3d036144-16-32K-row0-greedy1024,3d03614452cd0a925abc82a7686560ff80252dfa,0,rank0,HCU0:TCA23906041001,chatcmpl-bench-7f1746b7-0-9eeec82b-9c959c99,20,20,63,0,decode,1,1,20598,20599,full_attention,,,"[1,5120]","[1,5120]","[3,1]","[1,5120]","[1,5120]",False,False,False,,,,0,0,4308580899118523,4308580901020950,
input21_layer0,,,,20260729T050800Z-fx-89687ae2-R032,pra2026-bh408@3d036144-16-32K-row0-greedy1024,3d03614452cd0a925abc82a7686560ff80252dfa,0,rank0,HCU0:TCA23906041001,chatcmpl-bench-7f1746b7-0-9eeec82b-9c959c99,21,21,0,0,decode,1,1,20599,20600,linear_attention,,,"[1,5120]",null,"[3,1]","[1,5120]","[1,5120]",False,False,False,,,,0,0,4308580906298029,4308580907989875,
input21_layer1,,,,20260729T050800Z-fx-89687ae2-R032,pra2026-bh408@3d036144-16-32K-row0-greedy1024,3d03614452cd0a925abc82a7686560ff80252dfa,0,rank0,HCU0:TCA23906041001,chatcmpl-bench-7f1746b7-0-9eeec82b-9c959c99,21,21,1,0,decode,1,1,20599,20600,linear_attention,,,"[1,5120]","[1,5120]","[3,1]","[1,5120]","[1,5120]",False,False,False,,,,0,0,4308580909707241,4308580911250426,
input21_layer2,,,,20260729T050800Z-fx-89687ae2-R032,pra2026-bh408@3d036144-16-32K-row0-greedy1024,3d03614452cd0a925abc82a7686560ff80252dfa,0,rank0,HCU0:TCA23906041001,chatcmpl-bench-7f1746b7-0-9eeec82b-9c959c99,21,21,2,0,decode,1,1,20599,20600,linear_attention,,,"[1,5120]","[1,5120]","[3,1]","[1,5120]","[1,5120]",False,False,False,,,,0,0,4308580912953911,4308580914471145,
input21_layer3,,,,20260729T050800Z-fx-89687ae2-R032,pra2026-bh408@3d036144-16-32K-row0-greedy1024,3d03614452cd0a925abc82a7686560ff80252dfa,0,rank0,HCU0:TCA23906041001,chatcmpl-bench-7f1746b7-0-9eeec82b-9c959c99,21,21,3,0,decode,1,1,20599,20600,full_attention,,,"[1,5120]","[1,5120]","[3,1]","[1,5120]","[1,5120]",False,False,False,,,,0,0,4308580916283212,4308580918250131,
input21_layer4,,,,20260729T050800Z-fx-89687ae2-R032,pra2026-bh408@3d036144-16-32K-row0-greedy1024,3d03614452cd0a925abc82a7686560ff80252dfa,0,rank0,HCU0:TCA23906041001,chatcmpl-bench-7f1746b7-0-9eeec82b-9c959c99,21,21,4,0,decode,1,1,20599,20600,linear_attention,,,"[1,5120]","[1,5120]","[3,1]","[1,5120]","[1,5120]",False,False,False,,,,0,0,4308580920008807,4308580921537541,
input21_layer5,,,,20260729T050800Z-fx-89687ae2-R032,pra2026-bh408@3d036144-16-32K-row0-greedy1024,3d03614452cd0a925abc82a7686560ff80252dfa,0,rank0,HCU0:TCA23906041001,chatcmpl-bench-7f1746b7-0-9eeec82b-9c959c99,21,21,5,0,decode,1,1,20599,20600,linear_attention,,,"[1,5120]","[1,5120]","[3,1]","[1,5120]","[1,5120]",False,False,False,,,,0,0,4308580923291487,4308580924795391,
input21_layer6,,,,20260729T050800Z-fx-89687ae2-R032,pra2026-bh408@3d036144-16-32K-row0-greedy1024,3d03614452cd0a925abc82a7686560ff80252dfa,0,rank0,HCU0:TCA23906041001,chatcmpl-bench-7f1746b7-0-9eeec82b-9c959c99,21,21,6,0,decode,1,1,20599,20600,linear_attention,,,"[1,5120]","[1,5120]","[3,1]","[1,5120]","[1,5120]",False,False,False,,,,0,0,4308580926455397,4308580927959961,
input21_layer7,,,,20260729T050800Z-fx-89687ae2-R032,pra2026-bh408@3d036144-16-32K-row0-greedy1024,3d03614452cd0a925abc82a7686560ff80252dfa,0,rank0,HCU0:TCA23906041001,chatcmpl-bench-7f1746b7-0-9eeec82b-9c959c99,21,21,7,0,decode,1,1,20599,20600,full_attention,,,"[1,5120]","[1,5120]","[3,1]","[1,5120]","[1,5120]",False,False,False,,,,0,0,4308580929699907,4308580931612675,
input21_layer8,,,,20260729T050800Z-fx-89687ae2-R032,pra2026-bh408@3d036144-16-32K-row0-greedy1024,3d03614452cd0a925abc82a7686560ff80252dfa,0,rank0,HCU0:TCA23906041001,chatcmpl-bench-7f1746b7-0-9eeec82b-9c959c99,21,21,8,0,decode,1,1,20599,20600,linear_attention,,,"[1,5120]","[1,5120]","[3,1]","[1,5120]","[1,5120]",False,False,False,,,,0,0,4308580933510622,4308580935033887,
input21_layer9,,,,20260729T050800Z-fx-89687ae2-R032,pra2026-bh408@3d036144-16-32K-row0-greedy1024,3d03614452cd0a925abc82a7686560ff80252dfa,0,rank0,HCU0:TCA23906041001,chatcmpl-bench-7f1746b7-0-9eeec82b-9c959c99,21,21,9,0,decode,1,1,20599,20600,linear_attention,,,"[1,5120]","[1,5120]","[3,1]","[1,5120]","[1,5120]",False,False,False,,,,0,0,4308580936776183,4308580938292927,
input21_layer10,,,,20260729T050800Z-fx-89687ae2-R032,pra2026-bh408@3d036144-16-32K-row0-greedy1024,3d03614452cd0a925abc82a7686560ff80252dfa,0,rank0,HCU0:TCA23906041001,chatcmpl-bench-7f1746b7-0-9eeec82b-9c959c99,21,21,10,0,decode,1,1,20599,20600,linear_attention,,,"[1,5120]","[1,5120]","[3,1]","[1,5120]","[1,5120]",False,False,False,,,,0,0,4308580940643089,4308580942158163,
input21_layer11,,,,20260729T050800Z-fx-89687ae2-R032,pra2026-bh408@3d036144-16-32K-row0-greedy1024,3d03614452cd0a925abc82a7686560ff80252dfa,0,rank0,HCU0:TCA23906041001,chatcmpl-bench-7f1746b7-0-9eeec82b-9c959c99,21,21,11,0,decode,1,1,20599,20600,full_attention,,,"[1,5120]","[1,5120]","[3,1]","[1,5120]","[1,5120]",False,False,False,,,,0,0,4308580944095841,4308580945998539,
input21_layer12,,,,20260729T050800Z-fx-89687ae2-R032,pra2026-bh408@3d036144-16-32K-row0-greedy1024,3d03614452cd0a925abc82a7686560ff80252dfa,0,rank0,HCU0:TCA23906041001,chatcmpl-bench-7f1746b7-0-9eeec82b-9c959c99,21,21,12,0,decode,1,1,20599,20600,linear_attention,,,"[1,5120]","[1,5120]","[3,1]","[1,5120]","[1,5120]",False,False,False,,,,0,0,4308580947900516,4308580949425090,
input21_layer13,,,,20260729T050800Z-fx-89687ae2-R032,pra2026-bh408@3d036144-16-32K-row0-greedy1024,3d03614452cd0a925abc82a7686560ff80252dfa,0,rank0,HCU0:TCA23906041001,chatcmpl-bench-7f1746b7-0-9eeec82b-9c959c99,21,21,13,0,decode,1,1,20599,20600,linear_attention,,,"[1,5120]","[1,5120]","[3,1]","[1,5120]","[1,5120]",False,False,False,,,,0,0,4308580951265378,4308580952774712,
input21_layer14,,,,20260729T050800Z-fx-89687ae2-R032,pra2026-bh408@3d036144-16-32K-row0-greedy1024,3d03614452cd0a925abc82a7686560ff80252dfa,0,rank0,HCU0:TCA23906041001,chatcmpl-bench-7f1746b7-0-9eeec82b-9c959c99,21,21,14,0,decode,1,1,20599,20600,linear_attention,,,"[1,5120]","[1,5120]","[3,1]","[1,5120]","[1,5120]",False,False,False,,,,0,0,4308580954869911,4308580956385525,
input21_layer15,,,,20260729T050800Z-fx-89687ae2-R032,pra2026-bh408@3d036144-16-32K-row0-greedy1024,3d03614452cd0a925abc82a7686560ff80252dfa,0,rank0,HCU0:TCA23906041001,chatcmpl-bench-7f1746b7-0-9eeec82b-9c959c99,21,21,15,0,decode,1,1,20599,20600,full_attention,,,"[1,5120]","[1,5120]","[3,1]","[1,5120]","[1,5120]",False,False,False,,,,0,0,4308580958351943,4308580960269371,
input21_layer16,,,,20260729T050800Z-fx-89687ae2-R032,pra2026-bh408@3d036144-16-32K-row0-greedy1024,3d03614452cd0a925abc82a7686560ff80252dfa,0,rank0,HCU0:TCA23906041001,chatcmpl-bench-7f1746b7-0-9eeec82b-9c959c99,21,21,16,0,decode,1,1,20599,20600,linear_attention,,,"[1,5120]","[1,5120]","[3,1]","[1,5120]","[1,5120]",False,False,False,,,,0,0,4308580962296350,4308580963806944,
input21_layer17,,,,20260729T050800Z-fx-89687ae2-R032,pra2026-bh408@3d036144-16-32K-row0-greedy1024,3d03614452cd0a925abc82a7686560ff80252dfa,0,rank0,HCU0:TCA23906041001,chatcmpl-bench-7f1746b7-0-9eeec82b-9c959c99,21,21,17,0,decode,1,1,20599,20600,linear_attention,,,"[1,5120]","[1,5120]","[3,1]","[1,5120]","[1,5120]",False,False,False,,,,0,0,4308580965660661,4308580967194256,
input21_layer18,,,,20260729T050800Z-fx-89687ae2-R032,pra2026-bh408@3d036144-16-32K-row0-greedy1024,3d03614452cd0a925abc82a7686560ff80252dfa,0,rank0,HCU0:TCA23906041001,chatcmpl-bench-7f1746b7-0-9eeec82b-9c959c99,21,21,18,0,decode,1,1,20599,20600,linear_attention,,,"[1,5120]","[1,5120]","[3,1]","[1,5120]","[1,5120]",False,False,False,,,,0,0,4308580969009063,4308580970526347,
input21_layer19,,,,20260729T050800Z-fx-89687ae2-R032,pra2026-bh408@3d036144-16-32K-row0-greedy1024,3d03614452cd0a925abc82a7686560ff80252dfa,0,rank0,HCU0:TCA23906041001,chatcmpl-bench-7f1746b7-0-9eeec82b-9c959c99,21,21,19,0,decode,1,1,20599,20600,full_attention,,,"[1,5120]","[1,5120]","[3,1]","[1,5120]","[1,5120]",False,False,False,,,,0,0,4308580972327623,4308580974235481,
input21_layer20,,,,20260729T050800Z-fx-89687ae2-R032,pra2026-bh408@3d036144-16-32K-row0-greedy1024,3d03614452cd0a925abc82a7686560ff80252dfa,0,rank0,HCU0:TCA23906041001,chatcmpl-bench-7f1746b7-0-9eeec82b-9c959c99,21,21,20,0,decode,1,1,20599,20600,linear_attention,,,"[1,5120]","[1,5120]","[3,1]","[1,5120]","[1,5120]",False,False,False,,,,0,0,4308580976311410,4308580977830665,
input21_layer21,,,,20260729T050800Z-fx-89687ae2-R032,pra2026-bh408@3d036144-16-32K-row0-greedy1024,3d03614452cd0a925abc82a7686560ff80252dfa,0,rank0,HCU0:TCA23906041001,chatcmpl-bench-7f1746b7-0-9eeec82b-9c959c99,21,21,21,0,decode,1,1,20599,20600,linear_attention,,,"[1,5120]","[1,5120]","[3,1]","[1,5120]","[1,5120]",False,False,False,,,,0,0,4308580979652601,4308580981156225,
input21_layer22,,,,20260729T050800Z-fx-89687ae2-R032,pra2026-bh408@3d036144-16-32K-row0-greedy1024,3d03614452cd0a925abc82a7686560ff80252dfa,0,rank0,HCU0:TCA23906041001,chatcmpl-bench-7f1746b7-0-9eeec82b-9c959c99,21,21,22,0,decode,1,1,20599,20600,linear_attention,,,"[1,5120]","[1,5120]","[3,1]","[1,5120]","[1,5120]",False,False,False,,,,0,0,4308580983000103,4308580984513477,
input21_layer23,,,,20260729T050800Z-fx-89687ae2-R032,pra2026-bh408@3d036144-16-32K-row0-greedy1024,3d03614452cd0a925abc82a7686560ff80252dfa,0,rank0,HCU0:TCA23906041001,chatcmpl-bench-7f1746b7-0-9eeec82b-9c959c99,21,21,23,0,decode,1,1,20599,20600,full_attention,,,"[1,5120]","[1,5120]","[3,1]","[1,5120]","[1,5120]",False,False,False,,,,0,0,4308580986311903,4308580988245851,
input21_layer24,,,,20260729T050800Z-fx-89687ae2-R032,pra2026-bh408@3d036144-16-32K-row0-greedy1024,3d03614452cd0a925abc82a7686560ff80252dfa,0,rank0,HCU0:TCA23906041001,chatcmpl-bench-7f1746b7-0-9eeec82b-9c959c99,21,21,24,0,decode,1,1,20599,20600,linear_attention,,,"[1,5120]","[1,5120]","[3,1]","[1,5120]","[1,5120]",False,False,False,,,,0,0,4308580990194390,4308580991712964,
input21_layer25,,,,20260729T050800Z-fx-89687ae2-R032,pra2026-bh408@3d036144-16-32K-row0-greedy1024,3d03614452cd0a925abc82a7686560ff80252dfa,0,rank0,HCU0:TCA23906041001,chatcmpl-bench-7f1746b7-0-9eeec82b-9c959c99,21,21,25,0,decode,1,1,20599,20600,linear_attention,,,"[1,5120]","[1,5120]","[3,1]","[1,5120]","[1,5120]",False,False,False,,,,0,0,4308580993604661,4308580995114695,
input21_layer26,,,,20260729T050800Z-fx-89687ae2-R032,pra2026-bh408@3d036144-16-32K-row0-greedy1024,3d03614452cd0a925abc82a7686560ff80252dfa,0,rank0,HCU0:TCA23906041001,chatcmpl-bench-7f1746b7-0-9eeec82b-9c959c99,21,21,26,0,decode,1,1,20599,20600,linear_attention,,,"[1,5120]","[1,5120]","[3,1]","[1,5120]","[1,5120]",False,False,False,,,,0,0,4308580996975582,4308580998494157,
input21_layer27,,,,20260729T050800Z-fx-89687ae2-R032,pra2026-bh408@3d036144-16-32K-row0-greedy1024,3d03614452cd0a925abc82a7686560ff80252dfa,0,rank0,HCU0:TCA23906041001,chatcmpl-bench-7f1746b7-0-9eeec82b-9c959c99,21,21,27,0,decode,1,1,20599,20600,full_attention,,,"[1,5120]","[1,5120]","[3,1]","[1,5120]","[1,5120]",False,False,False,,,,0,0,4308581000342464,4308581002253241,
input21_layer28,,,,20260729T050800Z-fx-89687ae2-R032,pra2026-bh408@3d036144-16-32K-row0-greedy1024,3d03614452cd0a925abc82a7686560ff80252dfa,0,rank0,HCU0:TCA23906041001,chatcmpl-bench-7f1746b7-0-9eeec82b-9c959c99,21,21,28,0,decode,1,1,20599,20600,linear_attention,,,"[1,5120]","[1,5120]","[3,1]","[1,5120]","[1,5120]",False,False,False,,,,0,0,4308581003992678,4308581005518322,
input21_layer29,,,,20260729T050800Z-fx-89687ae2-R032,pra2026-bh408@3d036144-16-32K-row0-greedy1024,3d03614452cd0a925abc82a7686560ff80252dfa,0,rank0,HCU0:TCA23906041001,chatcmpl-bench-7f1746b7-0-9eeec82b-9c959c99,21,21,29,0,decode,1,1,20599,20600,linear_attention,,,"[1,5120]","[1,5120]","[3,1]","[1,5120]","[1,5120]",False,False,False,,,,0,0,4308581007271628,4308581008798862,
input21_layer30,,,,20260729T050800Z-fx-89687ae2-R032,pra2026-bh408@3d036144-16-32K-row0-greedy1024,3d03614452cd0a925abc82a7686560ff80252dfa,0,rank0,HCU0:TCA23906041001,chatcmpl-bench-7f1746b7-0-9eeec82b-9c959c99,21,21,30,0,decode,1,1,20599,20600,linear_attention,,,"[1,5120]","[1,5120]","[3,1]","[1,5120]","[1,5120]",False,False,False,,,,0,0,4308581010494618,4308581012000792,
input21_layer31,,,,20260729T050800Z-fx-89687ae2-R032,pra2026-bh408@3d036144-16-32K-row0-greedy1024,3d03614452cd0a925abc82a7686560ff80252dfa,0,rank0,HCU0:TCA23906041001,chatcmpl-bench-7f1746b7-0-9eeec82b-9c959c99,21,21,31,0,decode,1,1,20599,20600,full_attention,,,"[1,5120]","[1,5120]","[3,1]","[1,5120]","[1,5120]",False,False,False,,,,0,0,4308581013765529,4308581015677376,
input21_layer32,,,,20260729T050800Z-fx-89687ae2-R032,pra2026-bh408@3d036144-16-32K-row0-greedy1024,3d03614452cd0a925abc82a7686560ff80252dfa,0,rank0,HCU0:TCA23906041001,chatcmpl-bench-7f1746b7-0-9eeec82b-9c959c99,21,21,32,0,decode,1,1,20599,20600,linear_attention,,,"[1,5120]","[1,5120]","[3,1]","[1,5120]","[1,5120]",False,False,False,,,,0,0,4308581017348472,4308581018861986,
input21_layer33,,,,20260729T050800Z-fx-89687ae2-R032,pra2026-bh408@3d036144-16-32K-row0-greedy1024,3d03614452cd0a925abc82a7686560ff80252dfa,0,rank0,HCU0:TCA23906041001,chatcmpl-bench-7f1746b7-0-9eeec82b-9c959c99,21,21,33,0,decode,1,1,20599,20600,linear_attention,,,"[1,5120]","[1,5120]","[3,1]","[1,5120]","[1,5120]",False,False,False,,,,0,0,4308581020730313,4308581022247427,
input21_layer34,,,,20260729T050800Z-fx-89687ae2-R032,pra2026-bh408@3d036144-16-32K-row0-greedy1024,3d03614452cd0a925abc82a7686560ff80252dfa,0,rank0,HCU0:TCA23906041001,chatcmpl-bench-7f1746b7-0-9eeec82b-9c959c99,21,21,34,0,decode,1,1,20599,20600,linear_attention,,,"[1,5120]","[1,5120]","[3,1]","[1,5120]","[1,5120]",False,False,False,,,,0,0,4308581024211506,4308581025711500,
input21_layer35,,,,20260729T050800Z-fx-89687ae2-R032,pra2026-bh408@3d036144-16-32K-row0-greedy1024,3d03614452cd0a925abc82a7686560ff80252dfa,0,rank0,HCU0:TCA23906041001,chatcmpl-bench-7f1746b7-0-9eeec82b-9c959c99,21,21,35,0,decode,1,1,20599,20600,full_attention,,,"[1,5120]","[1,5120]","[3,1]","[1,5120]","[1,5120]",False,False,False,,,,0,0,4308581027409405,4308581029321463,
input21_layer36,,,,20260729T050800Z-fx-89687ae2-R032,pra2026-bh408@3d036144-16-32K-row0-greedy1024,3d03614452cd0a925abc82a7686560ff80252dfa,0,rank0,HCU0:TCA23906041001,chatcmpl-bench-7f1746b7-0-9eeec82b-9c959c99,21,21,36,0,decode,1,1,20599,20600,linear_attention,,,"[1,5120]","[1,5120]","[3,1]","[1,5120]","[1,5120]",False,False,False,,,,0,0,4308581031275411,4308581032807176,
input21_layer37,,,,20260729T050800Z-fx-89687ae2-R032,pra2026-bh408@3d036144-16-32K-row0-greedy1024,3d03614452cd0a925abc82a7686560ff80252dfa,0,rank0,HCU0:TCA23906041001,chatcmpl-bench-7f1746b7-0-9eeec82b-9c959c99,21,21,37,0,decode,1,1,20599,20600,linear_attention,,,"[1,5120]","[1,5120]","[3,1]","[1,5120]","[1,5120]",False,False,False,,,,0,0,4308581034500981,4308581036006795,
input21_layer38,,,,20260729T050800Z-fx-89687ae2-R032,pra2026-bh408@3d036144-16-32K-row0-greedy1024,3d03614452cd0a925abc82a7686560ff80252dfa,0,rank0,HCU0:TCA23906041001,chatcmpl-bench-7f1746b7-0-9eeec82b-9c959c99,21,21,38,0,decode,1,1,20599,20600,linear_attention,,,"[1,5120]","[1,5120]","[3,1]","[1,5120]","[1,5120]",False,False,False,,,,0,0,4308581037764612,4308581039296556,
input21_layer39,,,,20260729T050800Z-fx-89687ae2-R032,pra2026-bh408@3d036144-16-32K-row0-greedy1024,3d03614452cd0a925abc82a7686560ff80252dfa,0,rank0,HCU0:TCA23906041001,chatcmpl-bench-7f1746b7-0-9eeec82b-9c959c99,21,21,39,0,decode,1,1,20599,20600,full_attention,,,"[1,5120]","[1,5120]","[3,1]","[1,5120]","[1,5120]",False,False,False,,,,0,0,4308581040875251,4308581042777338,
input21_layer40,,,,20260729T050800Z-fx-89687ae2-R032,pra2026-bh408@3d036144-16-32K-row0-greedy1024,3d03614452cd0a925abc82a7686560ff80252dfa,0,rank0,HCU0:TCA23906041001,chatcmpl-bench-7f1746b7-0-9eeec82b-9c959c99,21,21,40,0,decode,1,1,20599,20600,linear_attention,,,"[1,5120]","[1,5120]","[3,1]","[1,5120]","[1,5120]",False,False,False,,,,0,0,4308581044385063,4308581045901267,
input21_layer41,,,,20260729T050800Z-fx-89687ae2-R032,pra2026-bh408@3d036144-16-32K-row0-greedy1024,3d03614452cd0a925abc82a7686560ff80252dfa,0,rank0,HCU0:TCA23906041001,chatcmpl-bench-7f1746b7-0-9eeec82b-9c959c99,21,21,41,0,decode,1,1,20599,20600,linear_attention,,,"[1,5120]","[1,5120]","[3,1]","[1,5120]","[1,5120]",False,False,False,,,,0,0,4308581047597923,4308581049102167,
input21_layer42,,,,20260729T050800Z-fx-89687ae2-R032,pra2026-bh408@3d036144-16-32K-row0-greedy1024,3d03614452cd0a925abc82a7686560ff80252dfa,0,rank0,HCU0:TCA23906041001,chatcmpl-bench-7f1746b7-0-9eeec82b-9c959c99,21,21,42,0,decode,1,1,20599,20600,linear_attention,,,"[1,5120]","[1,5120]","[3,1]","[1,5120]","[1,5120]",False,False,False,,,,0,0,4308581050861823,4308581052395038,
input21_layer43,,,,20260729T050800Z-fx-89687ae2-R032,pra2026-bh408@3d036144-16-32K-row0-greedy1024,3d03614452cd0a925abc82a7686560ff80252dfa,0,rank0,HCU0:TCA23906041001,chatcmpl-bench-7f1746b7-0-9eeec82b-9c959c99,21,21,43,0,decode,1,1,20599,20600,full_attention,,,"[1,5120]","[1,5120]","[3,1]","[1,5120]","[1,5120]",False,False,False,,,,0,0,4308581054154684,4308581056058702,
input21_layer44,,,,20260729T050800Z-fx-89687ae2-R032,pra2026-bh408@3d036144-16-32K-row0-greedy1024,3d03614452cd0a925abc82a7686560ff80252dfa,0,rank0,HCU0:TCA23906041001,chatcmpl-bench-7f1746b7-0-9eeec82b-9c959c99,21,21,44,0,decode,1,1,20599,20600,linear_attention,,,"[1,5120]","[1,5120]","[3,1]","[1,5120]","[1,5120]",False,False,False,,,,0,0,4308581057912099,4308581059456663,
input21_layer45,,,,20260729T050800Z-fx-89687ae2-R032,pra2026-bh408@3d036144-16-32K-row0-greedy1024,3d03614452cd0a925abc82a7686560ff80252dfa,0,rank0,HCU0:TCA23906041001,chatcmpl-bench-7f1746b7-0-9eeec82b-9c959c99,21,21,45,0,decode,1,1,20599,20600,linear_attention,,,"[1,5120]","[1,5120]","[3,1]","[1,5120]","[1,5120]",False,False,False,,,,0,0,4308581061337691,4308581062849805,
input21_layer46,,,,20260729T050800Z-fx-89687ae2-R032,pra2026-bh408@3d036144-16-32K-row0-greedy1024,3d03614452cd0a925abc82a7686560ff80252dfa,0,rank0,HCU0:TCA23906041001,chatcmpl-bench-7f1746b7-0-9eeec82b-9c959c99,21,21,46,0,decode,1,1,20599,20600,linear_attention,,,"[1,5120]","[1,5120]","[3,1]","[1,5120]","[1,5120]",False,False,False,,,,0,0,4308581064846113,4308581066363338,
input21_layer47,,,,20260729T050800Z-fx-89687ae2-R032,pra2026-bh408@3d036144-16-32K-row0-greedy1024,3d03614452cd0a925abc82a7686560ff80252dfa,0,rank0,HCU0:TCA23906041001,chatcmpl-bench-7f1746b7-0-9eeec82b-9c959c99,21,21,47,0,decode,1,1,20599,20600,full_attention,,,"[1,5120]","[1,5120]","[3,1]","[1,5120]","[1,5120]",False,False,False,,,,0,0,4308581068253765,4308581070176523,
input21_layer48,,,,20260729T050800Z-fx-89687ae2-R032,pra2026-bh408@3d036144-16-32K-row0-greedy1024,3d03614452cd0a925abc82a7686560ff80252dfa,0,rank0,HCU0:TCA23906041001,chatcmpl-bench-7f1746b7-0-9eeec82b-9c959c99,21,21,48,0,decode,1,1,20599,20600,linear_attention,,,"[1,5120]","[1,5120]","[3,1]","[1,5120]","[1,5120]",False,False,False,,,,0,0,4308581072027310,4308581073560124,
input21_layer49,,,,20260729T050800Z-fx-89687ae2-R032,pra2026-bh408@3d036144-16-32K-row0-greedy1024,3d03614452cd0a925abc82a7686560ff80252dfa,0,rank0,HCU0:TCA23906041001,chatcmpl-bench-7f1746b7-0-9eeec82b-9c959c99,21,21,49,0,decode,1,1,20599,20600,linear_attention,,,"[1,5120]","[1,5120]","[3,1]","[1,5120]","[1,5120]",False,False,False,,,,0,0,4308581075309841,4308581076826675,
input21_layer50,,,,20260729T050800Z-fx-89687ae2-R032,pra2026-bh408@3d036144-16-32K-row0-greedy1024,3d03614452cd0a925abc82a7686560ff80252dfa,0,rank0,HCU0:TCA23906041001,chatcmpl-bench-7f1746b7-0-9eeec82b-9c959c99,21,21,50,0,decode,1,1,20599,20600,linear_attention,,,"[1,5120]","[1,5120]","[3,1]","[1,5120]","[1,5120]",False,False,False,,,,0,0,4308581078840004,4308581080351208,
input21_layer51,,,,20260729T050800Z-fx-89687ae2-R032,pra2026-bh408@3d036144-16-32K-row0-greedy1024,3d03614452cd0a925abc82a7686560ff80252dfa,0,rank0,HCU0:TCA23906041001,chatcmpl-bench-7f1746b7-0-9eeec82b-9c959c99,21,21,51,0,decode,1,1,20599,20600,full_attention,,,"[1,5120]","[1,5120]","[3,1]","[1,5120]","[1,5120]",False,False,False,,,,0,0,4308581082001183,4308581083923301,
input21_layer52,,,,20260729T050800Z-fx-89687ae2-R032,pra2026-bh408@3d036144-16-32K-row0-greedy1024,3d03614452cd0a925abc82a7686560ff80252dfa,0,rank0,HCU0:TCA23906041001,chatcmpl-bench-7f1746b7-0-9eeec82b-9c959c99,21,21,52,0,decode,1,1,20599,20600,linear_attention,,,"[1,5120]","[1,5120]","[3,1]","[1,5120]","[1,5120]",False,False,False,,,,0,0,4308581085605987,4308581087124981,
input21_layer53,,,,20260729T050800Z-fx-89687ae2-R032,pra2026-bh408@3d036144-16-32K-row0-greedy1024,3d03614452cd0a925abc82a7686560ff80252dfa,0,rank0,HCU0:TCA23906041001,chatcmpl-bench-7f1746b7-0-9eeec82b-9c959c99,21,21,53,0,decode,1,1,20599,20600,linear_attention,,,"[1,5120]","[1,5120]","[3,1]","[1,5120]","[1,5120]",False,False,False,,,,0,0,4308581088600484,4308581090102278,
input21_layer54,,,,20260729T050800Z-fx-89687ae2-R032,pra2026-bh408@3d036144-16-32K-row0-greedy1024,3d03614452cd0a925abc82a7686560ff80252dfa,0,rank0,HCU0:TCA23906041001,chatcmpl-bench-7f1746b7-0-9eeec82b-9c959c99,21,21,54,0,decode,1,1,20599,20600,linear_attention,,,"[1,5120]","[1,5120]","[3,1]","[1,5120]","[1,5120]",False,False,False,,,,0,0,4308581091841864,4308581093369419,
input21_layer55,,,,20260729T050800Z-fx-89687ae2-R032,pra2026-bh408@3d036144-16-32K-row0-greedy1024,3d03614452cd0a925abc82a7686560ff80252dfa,0,rank0,HCU0:TCA23906041001,chatcmpl-bench-7f1746b7-0-9eeec82b-9c959c99,21,21,55,0,decode,1,1,20599,20600,full_attention,,,"[1,5120]","[1,5120]","[3,1]","[1,5120]","[1,5120]",False,False,False,,,,0,0,4308581095025384,4308581096944592,
input21_layer56,,,,20260729T050800Z-fx-89687ae2-R032,pra2026-bh408@3d036144-16-32K-row0-greedy1024,3d03614452cd0a925abc82a7686560ff80252dfa,0,rank0,HCU0:TCA23906041001,chatcmpl-bench-7f1746b7-0-9eeec82b-9c959c99,21,21,56,0,decode,1,1,20599,20600,linear_attention,,,"[1,5120]","[1,5120]","[3,1]","[1,5120]","[1,5120]",False,False,False,,,,0,0,4308581098691008,4308581100216892,
input21_layer57,,,,20260729T050800Z-fx-89687ae2-R032,pra2026-bh408@3d036144-16-32K-row0-greedy1024,3d03614452cd0a925abc82a7686560ff80252dfa,0,rank0,HCU0:TCA23906041001,chatcmpl-bench-7f1746b7-0-9eeec82b-9c959c99,21,21,57,0,decode,1,1,20599,20600,linear_attention,,,"[1,5120]","[1,5120]","[3,1]","[1,5120]","[1,5120]",False,False,False,,,,0,0,4308581101906248,4308581103422052,
input21_layer58,,,,20260729T050800Z-fx-89687ae2-R032,pra2026-bh408@3d036144-16-32K-row0-greedy1024,3d03614452cd0a925abc82a7686560ff80252dfa,0,rank0,HCU0:TCA23906041001,chatcmpl-bench-7f1746b7-0-9eeec82b-9c959c99,21,21,58,0,decode,1,1,20599,20600,linear_attention,,,"[1,5120]","[1,5120]","[3,1]","[1,5120]","[1,5120]",False,False,False,,,,0,0,4308581105129308,4308581106662522,
input21_layer59,,,,20260729T050800Z-fx-89687ae2-R032,pra2026-bh408@3d036144-16-32K-row0-greedy1024,3d03614452cd0a925abc82a7686560ff80252dfa,0,rank0,HCU0:TCA23906041001,chatcmpl-bench-7f1746b7-0-9eeec82b-9c959c99,21,21,59,0,decode,1,1,20599,20600,full_attention,,,"[1,5120]","[1,5120]","[3,1]","[1,5120]","[1,5120]",False,False,False,,,,0,0,4308581108305128,4308581110204705,
input21_layer60,,,,20260729T050800Z-fx-89687ae2-R032,pra2026-bh408@3d036144-16-32K-row0-greedy1024,3d03614452cd0a925abc82a7686560ff80252dfa,0,rank0,HCU0:TCA23906041001,chatcmpl-bench-7f1746b7-0-9eeec82b-9c959c99,21,21,60,0,decode,1,1,20599,20600,linear_attention,,,"[1,5120]","[1,5120]","[3,1]","[1,5120]","[1,5120]",False,False,False,,,,0,0,4308581111787800,4308581113309154,
input21_layer61,,,,20260729T050800Z-fx-89687ae2-R032,pra2026-bh408@3d036144-16-32K-row0-greedy1024,3d03614452cd0a925abc82a7686560ff80252dfa,0,rank0,HCU0:TCA23906041001,chatcmpl-bench-7f1746b7-0-9eeec82b-9c959c99,21,21,61,0,decode,1,1,20599,20600,linear_attention,,,"[1,5120]","[1,5120]","[3,1]","[1,5120]","[1,5120]",False,False,False,,,,0,0,4308581115468024,4308581116979588,
input21_layer62,,,,20260729T050800Z-fx-89687ae2-R032,pra2026-bh408@3d036144-16-32K-row0-greedy1024,3d03614452cd0a925abc82a7686560ff80252dfa,0,rank0,HCU0:TCA23906041001,chatcmpl-bench-7f1746b7-0-9eeec82b-9c959c99,21,21,62,0,decode,1,1,20599,20600,linear_attention,,,"[1,5120]","[1,5120]","[3,1]","[1,5120]","[1,5120]",False,False,False,,,,0,0,4308581118675164,4308581120188378,
input21_layer63,,,,20260729T050800Z-fx-89687ae2-R032,pra2026-bh408@3d036144-16-32K-row0-greedy1024,3d03614452cd0a925abc82a7686560ff80252dfa,0,rank0,HCU0:TCA23906041001,chatcmpl-bench-7f1746b7-0-9eeec82b-9c959c99,21,21,63,0,decode,1,1,20599,20600,full_attention,,,"[1,5120]","[1,5120]","[3,1]","[1,5120]","[1,5120]",False,False,False,,,,0,0,4308581121658462,4308581123569959,
input22_layer0,,,,20260729T050800Z-fx-89687ae2-R032,pra2026-bh408@3d036144-16-32K-row0-greedy1024,3d03614452cd0a925abc82a7686560ff80252dfa,0,rank0,HCU0:TCA23906041001,chatcmpl-bench-7f1746b7-0-9eeec82b-9c959c99,22,22,0,0,decode,1,1,20600,20601,linear_attention,,,"[1,5120]",null,"[3,1]","[1,5120]","[1,5120]",False,False,False,,,,0,0,4308581128663887,4308581130377503,
input22_layer1,,,,20260729T050800Z-fx-89687ae2-R032,pra2026-bh408@3d036144-16-32K-row0-greedy1024,3d03614452cd0a925abc82a7686560ff80252dfa,0,rank0,HCU0:TCA23906041001,chatcmpl-bench-7f1746b7-0-9eeec82b-9c959c99,22,22,1,0,decode,1,1,20600,20601,linear_attention,,,"[1,5120]","[1,5120]","[3,1]","[1,5120]","[1,5120]",False,False,False,,,,0,0,4308581132213630,4308581133739664,
input22_layer2,,,,20260729T050800Z-fx-89687ae2-R032,pra2026-bh408@3d036144-16-32K-row0-greedy1024,3d03614452cd0a925abc82a7686560ff80252dfa,0,rank0,HCU0:TCA23906041001,chatcmpl-bench-7f1746b7-0-9eeec82b-9c959c99,22,22,2,0,decode,1,1,20600,20601,linear_attention,,,"[1,5120]","[1,5120]","[3,1]","[1,5120]","[1,5120]",False,False,False,,,,0,0,4308581135583251,4308581137091415,
input22_layer3,,,,20260729T050800Z-fx-89687ae2-R032,pra2026-bh408@3d036144-16-32K-row0-greedy1024,3d03614452cd0a925abc82a7686560ff80252dfa,0,rank0,HCU0:TCA23906041001,chatcmpl-bench-7f1746b7-0-9eeec82b-9c959c99,22,22,3,0,decode,1,1,20600,20601,full_attention,,,"[1,5120]","[1,5120]","[3,1]","[1,5120]","[1,5120]",False,False,False,,,,0,0,4308581138904952,4308581140881480,
input22_layer4,,,,20260729T050800Z-fx-89687ae2-R032,pra2026-bh408@3d036144-16-32K-row0-greedy1024,3d03614452cd0a925abc82a7686560ff80252dfa,0,rank0,HCU0:TCA23906041001,chatcmpl-bench-7f1746b7-0-9eeec82b-9c959c99,22,22,4,0,decode,1,1,20600,20601,linear_attention,,,"[1,5120]","[1,5120]","[3,1]","[1,5120]","[1,5120]",False,False,False,,,,0,0,4308581142817738,4308581144369423,
input22_layer5,,,,20260729T050800Z-fx-89687ae2-R032,pra2026-bh408@3d036144-16-32K-row0-greedy1024,3d03614452cd0a925abc82a7686560ff80252dfa,0,rank0,HCU0:TCA23906041001,chatcmpl-bench-7f1746b7-0-9eeec82b-9c959c99,22,22,5,0,decode,1,1,20600,20601,linear_attention,,,"[1,5120]","[1,5120]","[3,1]","[1,5120]","[1,5120]",False,False,False,,,,0,0,4308581146063979,4308581147584893,
input22_layer6,,,,20260729T050800Z-fx-89687ae2-R032,pra2026-bh408@3d036144-16-32K-row0-greedy1024,3d03614452cd0a925abc82a7686560ff80252dfa,0,rank0,HCU0:TCA23906041001,chatcmpl-bench-7f1746b7-0-9eeec82b-9c959c99,22,22,6,0,decode,1,1,20600,20601,linear_attention,,,"[1,5120]","[1,5120]","[3,1]","[1,5120]","[1,5120]",False,False,False,,,,0,0,4308581149401490,4308581150898793,
input22_layer7,,,,20260729T050800Z-fx-89687ae2-R032,pra2026-bh408@3d036144-16-32K-row0-greedy1024,3d03614452cd0a925abc82a7686560ff80252dfa,0,rank0,HCU0:TCA23906041001,chatcmpl-bench-7f1746b7-0-9eeec82b-9c959c99,22,22,7,0,decode,1,1,20600,20601,full_attention,,,"[1,5120]","[1,5120]","[3,1]","[1,5120]","[1,5120]",False,False,False,,,,0,0,4308581152529179,4308581154439816,
input22_layer8,,,,20260729T050800Z-fx-89687ae2-R032,pra2026-bh408@3d036144-16-32K-row0-greedy1024,3d03614452cd0a925abc82a7686560ff80252dfa,0,rank0,HCU0:TCA23906041001,chatcmpl-bench-7f1746b7-0-9eeec82b-9c959c99,22,22,8,0,decode,1,1,20600,20601,linear_attention,,,"[1,5120]","[1,5120]","[3,1]","[1,5120]","[1,5120]",False,False,False,,,,0,0,4308581156192453,4308581157716757,
input22_layer9,,,,20260729T050800Z-fx-89687ae2-R032,pra2026-bh408@3d036144-16-32K-row0-greedy1024,3d03614452cd0a925abc82a7686560ff80252dfa,0,rank0,HCU0:TCA23906041001,chatcmpl-bench-7f1746b7-0-9eeec82b-9c959c99,22,22,9,0,decode,1,1,20600,20601,linear_attention,,,"[1,5120]","[1,5120]","[3,1]","[1,5120]","[1,5120]",False,False,False,,,,0,0,4308581159673095,4308581161201879,
input22_layer10,,,,20260729T050800Z-fx-89687ae2-R032,pra2026-bh408@3d036144-16-32K-row0-greedy1024,3d03614452cd0a925abc82a7686560ff80252dfa,0,rank0,HCU0:TCA23906041001,chatcmpl-bench-7f1746b7-0-9eeec82b-9c959c99,22,22,10,0,decode,1,1,20600,20601,linear_attention,,,"[1,5120]","[1,5120]","[3,1]","[1,5120]","[1,5120]",False,False,False,,,,0,0,4308581162931965,4308581164451980,
input22_layer11,,,,20260729T050800Z-fx-89687ae2-R032,pra2026-bh408@3d036144-16-32K-row0-greedy1024,3d03614452cd0a925abc82a7686560ff80252dfa,0,rank0,HCU0:TCA23906041001,chatcmpl-bench-7f1746b7-0-9eeec82b-9c959c99,22,22,11,0,decode,1,1,20600,20601,full_attention,,,"[1,5120]","[1,5120]","[3,1]","[1,5120]","[1,5120]",False,False,False,,,,0,0,4308581166137425,4308581168051153,
input22_layer12,,,,20260729T050800Z-fx-89687ae2-R032,pra2026-bh408@3d036144-16-32K-row0-greedy1024,3d03614452cd0a925abc82a7686560ff80252dfa,0,rank0,HCU0:TCA23906041001,chatcmpl-bench-7f1746b7-0-9eeec82b-9c959c99,22,22,12,0,decode,1,1,20600,20601,linear_attention,,,"[1,5120]","[1,5120]","[3,1]","[1,5120]","[1,5120]",False,False,False,,,,0,0,4308581169763119,4308581171316293,
input22_layer13,,,,20260729T050800Z-fx-89687ae2-R032,pra2026-bh408@3d036144-16-32K-row0-greedy1024,3d03614452cd0a925abc82a7686560ff80252dfa,0,rank0,HCU0:TCA23906041001,chatcmpl-bench-7f1746b7-0-9eeec82b-9c959c99,22,22,13,0,decode,1,1,20600,20601,linear_attention,,,"[1,5120]","[1,5120]","[3,1]","[1,5120]","[1,5120]",False,False,False,,,,0,0,4308581172889098,4308581174441222,
input22_layer14,,,,20260729T050800Z-fx-89687ae2-R032,pra2026-bh408@3d036144-16-32K-row0-greedy1024,3d03614452cd0a925abc82a7686560ff80252dfa,0,rank0,HCU0:TCA23906041001,chatcmpl-bench-7f1746b7-0-9eeec82b-9c959c99,22,22,14,0,decode,1,1,20600,20601,linear_attention,,,"[1,5120]","[1,5120]","[3,1]","[1,5120]","[1,5120]",False,False,False,,,,0,0,4308581176459951,4308581177965455,
input22_layer15,,,,20260729T050800Z-fx-89687ae2-R032,pra2026-bh408@3d036144-16-32K-row0-greedy1024,3d03614452cd0a925abc82a7686560ff80252dfa,0,rank0,HCU0:TCA23906041001,chatcmpl-bench-7f1746b7-0-9eeec82b-9c959c99,22,22,15,0,decode,1,1,20600,20601,full_attention,,,"[1,5120]","[1,5120]","[3,1]","[1,5120]","[1,5120]",False,False,False,,,,0,0,4308581179960584,4308581181868501,
input22_layer16,,,,20260729T050800Z-fx-89687ae2-R032,pra2026-bh408@3d036144-16-32K-row0-greedy1024,3d03614452cd0a925abc82a7686560ff80252dfa,0,rank0,HCU0:TCA23906041001,chatcmpl-bench-7f1746b7-0-9eeec82b-9c959c99,22,22,16,0,decode,1,1,20600,20601,linear_attention,,,"[1,5120]","[1,5120]","[3,1]","[1,5120]","[1,5120]",False,False,False,,,,0,0,4308581183745329,4308581185269533,
input22_layer17,,,,20260729T050800Z-fx-89687ae2-R032,pra2026-bh408@3d036144-16-32K-row0-greedy1024,3d03614452cd0a925abc82a7686560ff80252dfa,0,rank0,HCU0:TCA23906041001,chatcmpl-bench-7f1746b7-0-9eeec82b-9c959c99,22,22,17,0,decode,1,1,20600,20601,linear_attention,,,"[1,5120]","[1,5120]","[3,1]","[1,5120]","[1,5120]",False,False,False,,,,0,0,4308581186947959,4308581188474833,
input22_layer18,,,,20260729T050800Z-fx-89687ae2-R032,pra2026-bh408@3d036144-16-32K-row0-greedy1024,3d03614452cd0a925abc82a7686560ff80252dfa,0,rank0,HCU0:TCA23906041001,chatcmpl-bench-7f1746b7-0-9eeec82b-9c959c99,22,22,18,0,decode,1,1,20600,20601,linear_attention,,,"[1,5120]","[1,5120]","[3,1]","[1,5120]","[1,5120]",False,False,False,,,,0,0,4308581190443351,4308581191961125,
input22_layer19,,,,20260729T050800Z-fx-89687ae2-R032,pra2026-bh408@3d036144-16-32K-row0-greedy1024,3d03614452cd0a925abc82a7686560ff80252dfa,0,rank0,HCU0:TCA23906041001,chatcmpl-bench-7f1746b7-0-9eeec82b-9c959c99,22,22,19,0,decode,1,1,20600,20601,full_attention,,,"[1,5120]","[1,5120]","[3,1]","[1,5120]","[1,5120]",False,False,False,,,,0,0,4308581193657571,4308581195570219,
input22_layer20,,,,20260729T050800Z-fx-89687ae2-R032,pra2026-bh408@3d036144-16-32K-row0-greedy1024,3d03614452cd0a925abc82a7686560ff80252dfa,0,rank0,HCU0:TCA23906041001,chatcmpl-bench-7f1746b7-0-9eeec82b-9c959c99,22,22,20,0,decode,1,1,20600,20601,linear_attention,,,"[1,5120]","[1,5120]","[3,1]","[1,5120]","[1,5120]",False,False,False,,,,0,0,4308581197366096,4308581198883520,
input22_layer21,,,,20260729T050800Z-fx-89687ae2-R032,pra2026-bh408@3d036144-16-32K-row0-greedy1024,3d03614452cd0a925abc82a7686560ff80252dfa,0,rank0,HCU0:TCA23906041001,chatcmpl-bench-7f1746b7-0-9eeec82b-9c959c99,22,22,21,0,decode,1,1,20600,20601,linear_attention,,,"[1,5120]","[1,5120]","[3,1]","[1,5120]","[1,5120]",False,False,False,,,,0,0,4308581200597326,4308581202109830,
input22_layer22,,,,20260729T050800Z-fx-89687ae2-R032,pra2026-bh408@3d036144-16-32K-row0-greedy1024,3d03614452cd0a925abc82a7686560ff80252dfa,0,rank0,HCU0:TCA23906041001,chatcmpl-bench-7f1746b7-0-9eeec82b-9c959c99,22,22,22,0,decode,1,1,20600,20601,linear_attention,,,"[1,5120]","[1,5120]","[3,1]","[1,5120]","[1,5120]",False,False,False,,,,0,0,4308581203822836,4308581205351320,
input22_layer23,,,,20260729T050800Z-fx-89687ae2-R032,pra2026-bh408@3d036144-16-32K-row0-greedy1024,3d03614452cd0a925abc82a7686560ff80252dfa,0,rank0,HCU0:TCA23906041001,chatcmpl-bench-7f1746b7-0-9eeec82b-9c959c99,22,22,23,0,decode,1,1,20600,20601,full_attention,,,"[1,5120]","[1,5120]","[3,1]","[1,5120]","[1,5120]",False,False,False,,,,0,0,4308581207044055,4308581208956913,
input22_layer24,,,,20260729T050800Z-fx-89687ae2-R032,pra2026-bh408@3d036144-16-32K-row0-greedy1024,3d03614452cd0a925abc82a7686560ff80252dfa,0,rank0,HCU0:TCA23906041001,chatcmpl-bench-7f1746b7-0-9eeec82b-9c959c99,22,22,24,0,decode,1,1,20600,20601,linear_attention,,,"[1,5120]","[1,5120]","[3,1]","[1,5120]","[1,5120]",False,False,False,,,,0,0,4308581210712820,4308581212258434,
input22_layer25,,,,20260729T050800Z-fx-89687ae2-R032,pra2026-bh408@3d036144-16-32K-row0-greedy1024,3d03614452cd0a925abc82a7686560ff80252dfa,0,rank0,HCU0:TCA23906041001,chatcmpl-bench-7f1746b7-0-9eeec82b-9c959c99,22,22,25,0,decode,1,1,20600,20601,linear_attention,,,"[1,5120]","[1,5120]","[3,1]","[1,5120]","[1,5120]",False,False,False,,,,0,0,4308581214023360,4308581215545434,
input22_layer26,,,,20260729T050800Z-fx-89687ae2-R032,pra2026-bh408@3d036144-16-32K-row0-greedy1024,3d03614452cd0a925abc82a7686560ff80252dfa,0,rank0,HCU0:TCA23906041001,chatcmpl-bench-7f1746b7-0-9eeec82b-9c959c99,22,22,26,0,decode,1,1,20600,20601,linear_attention,,,"[1,5120]","[1,5120]","[3,1]","[1,5120]","[1,5120]",False,False,False,,,,0,0,4308581217409672,4308581218946766,
input22_layer27,,,,20260729T050800Z-fx-89687ae2-R032,pra2026-bh408@3d036144-16-32K-row0-greedy1024,3d03614452cd0a925abc82a7686560ff80252dfa,0,rank0,HCU0:TCA23906041001,chatcmpl-bench-7f1746b7-0-9eeec82b-9c959c99,22,22,27,0,decode,1,1,20600,20601,full_attention,,,"[1,5120]","[1,5120]","[3,1]","[1,5120]","[1,5120]",False,False,False,,,,0,0,4308581220631452,4308581222558710,
input22_layer28,,,,20260729T050800Z-fx-89687ae2-R032,pra2026-bh408@3d036144-16-32K-row0-greedy1024,3d03614452cd0a925abc82a7686560ff80252dfa,0,rank0,HCU0:TCA23906041001,chatcmpl-bench-7f1746b7-0-9eeec82b-9c959c99,22,22,28,0,decode,1,1,20600,20601,linear_attention,,,"[1,5120]","[1,5120]","[3,1]","[1,5120]","[1,5120]",False,False,False,,,,0,0,4308581224276386,4308581225795880,
input22_layer29,,,,20260729T050800Z-fx-89687ae2-R032,pra2026-bh408@3d036144-16-32K-row0-greedy1024,3d03614452cd0a925abc82a7686560ff80252dfa,0,rank0,HCU0:TCA23906041001,chatcmpl-bench-7f1746b7-0-9eeec82b-9c959c99,22,22,29,0,decode,1,1,20600,20601,linear_attention,,,"[1,5120]","[1,5120]","[3,1]","[1,5120]","[1,5120]",False,False,False,,,,0,0,4308581227454595,4308581228964119,
input22_layer30,,,,20260729T050800Z-fx-89687ae2-R032,pra2026-bh408@3d036144-16-32K-row0-greedy1024,3d03614452cd0a925abc82a7686560ff80252dfa,0,rank0,HCU0:TCA23906041001,chatcmpl-bench-7f1746b7-0-9eeec82b-9c959c99,22,22,30,0,decode,1,1,20600,20601,linear_attention,,,"[1,5120]","[1,5120]","[3,1]","[1,5120]","[1,5120]",False,False,False,,,,0,0,4308581230822617,4308581232374051,
input22_layer31,,,,20260729T050800Z-fx-89687ae2-R032,pra2026-bh408@3d036144-16-32K-row0-greedy1024,3d03614452cd0a925abc82a7686560ff80252dfa,0,rank0,HCU0:TCA23906041001,chatcmpl-bench-7f1746b7-0-9eeec82b-9c959c99,22,22,31,0,decode,1,1,20600,20601,full_attention,,,"[1,5120]","[1,5120]","[3,1]","[1,5120]","[1,5120]",False,False,False,,,,0,0,4308581233980766,4308581235892034,
input22_layer32,,,,20260729T050800Z-fx-89687ae2-R032,pra2026-bh408@3d036144-16-32K-row0-greedy1024,3d03614452cd0a925abc82a7686560ff80252dfa,0,rank0,HCU0:TCA23906041001,chatcmpl-bench-7f1746b7-0-9eeec82b-9c959c99,22,22,32,0,decode,1,1,20600,20601,linear_attention,,,"[1,5120]","[1,5120]","[3,1]","[1,5120]","[1,5120]",False,False,False,,,,0,0,4308581237533769,4308581239053323,
input22_layer33,,,,20260729T050800Z-fx-89687ae2-R032,pra2026-bh408@3d036144-16-32K-row0-greedy1024,3d03614452cd0a925abc82a7686560ff80252dfa,0,rank0,HCU0:TCA23906041001,chatcmpl-bench-7f1746b7-0-9eeec82b-9c959c99,22,22,33,0,decode,1,1,20600,20601,linear_attention,,,"[1,5120]","[1,5120]","[3,1]","[1,5120]","[1,5120]",False,False,False,,,,0,0,4308581240634118,4308581242148342,
input22_layer34,,,,20260729T050800Z-fx-89687ae2-R032,pra2026-bh408@3d036144-16-32K-row0-greedy1024,3d03614452cd0a925abc82a7686560ff80252dfa,0,rank0,HCU0:TCA23906041001,chatcmpl-bench-7f1746b7-0-9eeec82b-9c959c99,22,22,34,0,decode,1,1,20600,20601,linear_attention,,,"[1,5120]","[1,5120]","[3,1]","[1,5120]","[1,5120]",False,False,False,,,,0,0,4308581243954639,4308581245474773,
input22_layer35,,,,20260729T050800Z-fx-89687ae2-R032,pra2026-bh408@3d036144-16-32K-row0-greedy1024,3d03614452cd0a925abc82a7686560ff80252dfa,0,rank0,HCU0:TCA23906041001,chatcmpl-bench-7f1746b7-0-9eeec82b-9c959c99,22,22,35,0,decode,1,1,20600,20601,full_attention,,,"[1,5120]","[1,5120]","[3,1]","[1,5120]","[1,5120]",False,False,False,,,,0,0,4308581247221799,4308581249129837,
input22_layer36,,,,20260729T050800Z-fx-89687ae2-R032,pra2026-bh408@3d036144-16-32K-row0-greedy1024,3d03614452cd0a925abc82a7686560ff80252dfa,0,rank0,HCU0:TCA23906041001,chatcmpl-bench-7f1746b7-0-9eeec82b-9c959c99,22,22,36,0,decode,1,1,20600,20601,linear_attention,,,"[1,5120]","[1,5120]","[3,1]","[1,5120]","[1,5120]",False,False,False,,,,0,0,4308581251002364,4308581252525108,
input22_layer37,,,,20260729T050800Z-fx-89687ae2-R032,pra2026-bh408@3d036144-16-32K-row0-greedy1024,3d03614452cd0a925abc82a7686560ff80252dfa,0,rank0,HCU0:TCA23906041001,chatcmpl-bench-7f1746b7-0-9eeec82b-9c959c99,22,22,37,0,decode,1,1,20600,20601,linear_attention,,,"[1,5120]","[1,5120]","[3,1]","[1,5120]","[1,5120]",False,False,False,,,,0,0,4308581254401296,4308581255913990,
input22_layer38,,,,20260729T050800Z-fx-89687ae2-R032,pra2026-bh408@3d036144-16-32K-row0-greedy1024,3d03614452cd0a925abc82a7686560ff80252dfa,0,rank0,HCU0:TCA23906041001,chatcmpl-bench-7f1746b7-0-9eeec82b-9c959c99,22,22,38,0,decode,1,1,20600,20601,linear_attention,,,"[1,5120]","[1,5120]","[3,1]","[1,5120]","[1,5120]",False,False,False,,,,0,0,4308581257876128,4308581259396202,
input22_layer39,,,,20260729T050800Z-fx-89687ae2-R032,pra2026-bh408@3d036144-16-32K-row0-greedy1024,3d03614452cd0a925abc82a7686560ff80252dfa,0,rank0,HCU0:TCA23906041001,chatcmpl-bench-7f1746b7-0-9eeec82b-9c959c99,22,22,39,0,decode,1,1,20600,20601,full_attention,,,"[1,5120]","[1,5120]","[3,1]","[1,5120]","[1,5120]",False,False,False,,,,0,0,4308581261052118,4308581262976735,
input22_layer40,,,,20260729T050800Z-fx-89687ae2-R032,pra2026-bh408@3d036144-16-32K-row0-greedy1024,3d03614452cd0a925abc82a7686560ff80252dfa,0,rank0,HCU0:TCA23906041001,chatcmpl-bench-7f1746b7-0-9eeec82b-9c959c99,22,22,40,0,decode,1,1,20600,20601,linear_attention,,,"[1,5120]","[1,5120]","[3,1]","[1,5120]","[1,5120]",False,False,False,,,,0,0,4308581264646231,4308581266158005,
input22_layer41,,,,20260729T050800Z-fx-89687ae2-R032,pra2026-bh408@3d036144-16-32K-row0-greedy1024,3d03614452cd0a925abc82a7686560ff80252dfa,0,rank0,HCU0:TCA23906041001,chatcmpl-bench-7f1746b7-0-9eeec82b-9c959c99,22,22,41,0,decode,1,1,20600,20601,linear_attention,,,"[1,5120]","[1,5120]","[3,1]","[1,5120]","[1,5120]",False,False,False,,,,0,0,4308581267849461,4308581269391145,
input22_layer42,,,,20260729T050800Z-fx-89687ae2-R032,pra2026-bh408@3d036144-16-32K-row0-greedy1024,3d03614452cd0a925abc82a7686560ff80252dfa,0,rank0,HCU0:TCA23906041001,chatcmpl-bench-7f1746b7-0-9eeec82b-9c959c99,22,22,42,0,decode,1,1,20600,20601,linear_attention,,,"[1,5120]","[1,5120]","[3,1]","[1,5120]","[1,5120]",False,False,False,,,,0,0,4308581271223422,4308581272972278,
input22_layer43,,,,20260729T050800Z-fx-89687ae2-R032,pra2026-bh408@3d036144-16-32K-row0-greedy1024,3d03614452cd0a925abc82a7686560ff80252dfa,0,rank0,HCU0:TCA23906041001,chatcmpl-bench-7f1746b7-0-9eeec82b-9c959c99,22,22,43,0,decode,1,1,20600,20601,full_attention,,,"[1,5120]","[1,5120]","[3,1]","[1,5120]","[1,5120]",False,False,False,,,,0,0,4308581274712345,4308581276641533,
input22_layer44,,,,20260729T050800Z-fx-89687ae2-R032,pra2026-bh408@3d036144-16-32K-row0-greedy1024,3d03614452cd0a925abc82a7686560ff80252dfa,0,rank0,HCU0:TCA23906041001,chatcmpl-bench-7f1746b7-0-9eeec82b-9c959c99,22,22,44,0,decode,1,1,20600,20601,linear_attention,,,"[1,5120]","[1,5120]","[3,1]","[1,5120]","[1,5120]",False,False,False,,,,0,0,4308581278257638,4308581279773932,
input22_layer45,,,,20260729T050800Z-fx-89687ae2-R032,pra2026-bh408@3d036144-16-32K-row0-greedy1024,3d03614452cd0a925abc82a7686560ff80252dfa,0,rank0,HCU0:TCA23906041001,chatcmpl-bench-7f1746b7-0-9eeec82b-9c959c99,22,22,45,0,decode,1,1,20600,20601,linear_attention,,,"[1,5120]","[1,5120]","[3,1]","[1,5120]","[1,5120]",False,False,False,,,,0,0,4308581281394527,4308581282895841,
input22_layer46,,,,20260729T050800Z-fx-89687ae2-R032,pra2026-bh408@3d036144-16-32K-row0-greedy1024,3d03614452cd0a925abc82a7686560ff80252dfa,0,rank0,HCU0:TCA23906041001,chatcmpl-bench-7f1746b7-0-9eeec82b-9c959c99,22,22,46,0,decode,1,1,20600,20601,linear_attention,,,"[1,5120]","[1,5120]","[3,1]","[1,5120]","[1,5120]",False,False,False,,,,0,0,4308581284852489,4308581286408893,
input22_layer47,,,,20260729T050800Z-fx-89687ae2-R032,pra2026-bh408@3d036144-16-32K-row0-greedy1024,3d03614452cd0a925abc82a7686560ff80252dfa,0,rank0,HCU0:TCA23906041001,chatcmpl-bench-7f1746b7-0-9eeec82b-9c959c99,22,22,47,0,decode,1,1,20600,20601,full_attention,,,"[1,5120]","[1,5120]","[3,1]","[1,5120]","[1,5120]",False,False,False,,,,0,0,4308581288057099,4308581289969886,
input22_layer48,,,,20260729T050800Z-fx-89687ae2-R032,pra2026-bh408@3d036144-16-32K-row0-greedy1024,3d03614452cd0a925abc82a7686560ff80252dfa,0,rank0,HCU0:TCA23906041001,chatcmpl-bench-7f1746b7-0-9eeec82b-9c959c99,22,22,48,0,decode,1,1,20600,20601,linear_attention,,,"[1,5120]","[1,5120]","[3,1]","[1,5120]","[1,5120]",False,False,False,,,,0,0,4308581291917955,4308581293448699,
input22_layer49,,,,20260729T050800Z-fx-89687ae2-R032,pra2026-bh408@3d036144-16-32K-row0-greedy1024,3d03614452cd0a925abc82a7686560ff80252dfa,0,rank0,HCU0:TCA23906041001,chatcmpl-bench-7f1746b7-0-9eeec82b-9c959c99,22,22,49,0,decode,1,1,20600,20601,linear_attention,,,"[1,5120]","[1,5120]","[3,1]","[1,5120]","[1,5120]",False,False,False,,,,0,0,4308581295141795,4308581296658919,
input22_layer50,,,,20260729T050800Z-fx-89687ae2-R032,pra2026-bh408@3d036144-16-32K-row0-greedy1024,3d03614452cd0a925abc82a7686560ff80252dfa,0,rank0,HCU0:TCA23906041001,chatcmpl-bench-7f1746b7-0-9eeec82b-9c959c99,22,22,50,0,decode,1,1,20600,20601,linear_attention,,,"[1,5120]","[1,5120]","[3,1]","[1,5120]","[1,5120]",False,False,False,,,,0,0,4308581298719158,4308581300235612,
input22_layer51,,,,20260729T050800Z-fx-89687ae2-R032,pra2026-bh408@3d036144-16-32K-row0-greedy1024,3d03614452cd0a925abc82a7686560ff80252dfa,0,rank0,HCU0:TCA23906041001,chatcmpl-bench-7f1746b7-0-9eeec82b-9c959c99,22,22,51,0,decode,1,1,20600,20601,full_attention,,,"[1,5120]","[1,5120]","[3,1]","[1,5120]","[1,5120]",False,False,False,,,,0,0,4308581302017468,4308581303928636,
input22_layer52,,,,20260729T050800Z-fx-89687ae2-R032,pra2026-bh408@3d036144-16-32K-row0-greedy1024,3d03614452cd0a925abc82a7686560ff80252dfa,0,rank0,HCU0:TCA23906041001,chatcmpl-bench-7f1746b7-0-9eeec82b-9c959c99,22,22,52,0,decode,1,1,20600,20601,linear_attention,,,"[1,5120]","[1,5120]","[3,1]","[1,5120]","[1,5120]",False,False,False,,,,0,0,4308581305526961,4308581307039885,
input22_layer53,,,,20260729T050800Z-fx-89687ae2-R032,pra2026-bh408@3d036144-16-32K-row0-greedy1024,3d03614452cd0a925abc82a7686560ff80252dfa,0,rank0,HCU0:TCA23906041001,chatcmpl-bench-7f1746b7-0-9eeec82b-9c959c99,22,22,53,0,decode,1,1,20600,20601,linear_attention,,,"[1,5120]","[1,5120]","[3,1]","[1,5120]","[1,5120]",False,False,False,,,,0,0,4308581308877922,4308581310401546,
input22_layer54,,,,20260729T050800Z-fx-89687ae2-R032,pra2026-bh408@3d036144-16-32K-row0-greedy1024,3d03614452cd0a925abc82a7686560ff80252dfa,0,rank0,HCU0:TCA23906041001,chatcmpl-bench-7f1746b7-0-9eeec82b-9c959c99,22,22,54,0,decode,1,1,20600,20601,linear_attention,,,"[1,5120]","[1,5120]","[3,1]","[1,5120]","[1,5120]",False,False,False,,,,0,0,4308581312190743,4308581313701317,
input22_layer55,,,,20260729T050800Z-fx-89687ae2-R032,pra2026-bh408@3d036144-16-32K-row0-greedy1024,3d03614452cd0a925abc82a7686560ff80252dfa,0,rank0,HCU0:TCA23906041001,chatcmpl-bench-7f1746b7-0-9eeec82b-9c959c99,22,22,55,0,decode,1,1,20600,20601,full_attention,,,"[1,5120]","[1,5120]","[3,1]","[1,5120]","[1,5120]",False,False,False,,,,0,0,4308581315590385,4308581317511952,
input22_layer56,,,,20260729T050800Z-fx-89687ae2-R032,pra2026-bh408@3d036144-16-32K-row0-greedy1024,3d03614452cd0a925abc82a7686560ff80252dfa,0,rank0,HCU0:TCA23906041001,chatcmpl-bench-7f1746b7-0-9eeec82b-9c959c99,22,22,56,0,decode,1,1,20600,20601,linear_attention,,,"[1,5120]","[1,5120]","[3,1]","[1,5120]","[1,5120]",False,False,False,,,,0,0,4308581319071707,4308581320586201,
input22_layer57,,,,20260729T050800Z-fx-89687ae2-R032,pra2026-bh408@3d036144-16-32K-row0-greedy1024,3d03614452cd0a925abc82a7686560ff80252dfa,0,rank0,HCU0:TCA23906041001,chatcmpl-bench-7f1746b7-0-9eeec82b-9c959c99,22,22,57,0,decode,1,1,20600,20601,linear_attention,,,"[1,5120]","[1,5120]","[3,1]","[1,5120]","[1,5120]",False,False,False,,,,0,0,4308581322209816,4308581323725230,
input22_layer58,,,,20260729T050800Z-fx-89687ae2-R032,pra2026-bh408@3d036144-16-32K-row0-greedy1024,3d03614452cd0a925abc82a7686560ff80252dfa,0,rank0,HCU0:TCA23906041001,chatcmpl-bench-7f1746b7-0-9eeec82b-9c959c99,22,22,58,0,decode,1,1,20600,20601,linear_attention,,,"[1,5120]","[1,5120]","[3,1]","[1,5120]","[1,5120]",False,False,False,,,,0,0,4308581325434226,4308581326946410,
input22_layer59,,,,20260729T050800Z-fx-89687ae2-R032,pra2026-bh408@3d036144-16-32K-row0-greedy1024,3d03614452cd0a925abc82a7686560ff80252dfa,0,rank0,HCU0:TCA23906041001,chatcmpl-bench-7f1746b7-0-9eeec82b-9c959c99,22,22,59,0,decode,1,1,20600,20601,full_attention,,,"[1,5120]","[1,5120]","[3,1]","[1,5120]","[1,5120]",False,False,False,,,,0,0,4308581328624756,4308581330538964,
input22_layer60,,,,20260729T050800Z-fx-89687ae2-R032,pra2026-bh408@3d036144-16-32K-row0-greedy1024,3d03614452cd0a925abc82a7686560ff80252dfa,0,rank0,HCU0:TCA23906041001,chatcmpl-bench-7f1746b7-0-9eeec82b-9c959c99,22,22,60,0,decode,1,1,20600,20601,linear_attention,,,"[1,5120]","[1,5120]","[3,1]","[1,5120]","[1,5120]",False,False,False,,,,0,0,4308581332308070,4308581333812734,
input22_layer61,,,,20260729T050800Z-fx-89687ae2-R032,pra2026-bh408@3d036144-16-32K-row0-greedy1024,3d03614452cd0a925abc82a7686560ff80252dfa,0,rank0,HCU0:TCA23906041001,chatcmpl-bench-7f1746b7-0-9eeec82b-9c959c99,22,22,61,0,decode,1,1,20600,20601,linear_attention,,,"[1,5120]","[1,5120]","[3,1]","[1,5120]","[1,5120]",False,False,False,,,,0,0,4308581335403999,4308581336904873,
input22_layer62,,,,20260729T050800Z-fx-89687ae2-R032,pra2026-bh408@3d036144-16-32K-row0-greedy1024,3d03614452cd0a925abc82a7686560ff80252dfa,0,rank0,HCU0:TCA23906041001,chatcmpl-bench-7f1746b7-0-9eeec82b-9c959c99,22,22,62,0,decode,1,1,20600,20601,linear_attention,,,"[1,5120]","[1,5120]","[3,1]","[1,5120]","[1,5120]",False,False,False,,,,0,0,4308581338562168,4308581340070692,
input22_layer63,,,,20260729T050800Z-fx-89687ae2-R032,pra2026-bh408@3d036144-16-32K-row0-greedy1024,3d03614452cd0a925abc82a7686560ff80252dfa,0,rank0,HCU0:TCA23906041001,chatcmpl-bench-7f1746b7-0-9eeec82b-9c959c99,22,22,63,0,decode,1,1,20600,20601,full_attention,,,"[1,5120]","[1,5120]","[3,1]","[1,5120]","[1,5120]",False,False,False,,,,0,0,4308581341864659,4308581343871428,
input23_layer0,,,,20260729T050800Z-fx-89687ae2-R032,pra2026-bh408@3d036144-16-32K-row0-greedy1024,3d03614452cd0a925abc82a7686560ff80252dfa,0,rank0,HCU0:TCA23906041001,chatcmpl-bench-7f1746b7-0-9eeec82b-9c959c99,23,23,0,0,decode,1,1,20601,20602,linear_attention,,,"[1,5120]",null,"[3,1]","[1,5120]","[1,5120]",False,False,False,,,,0,0,4308581348989105,4308581350687011,
input23_layer1,,,,20260729T050800Z-fx-89687ae2-R032,pra2026-bh408@3d036144-16-32K-row0-greedy1024,3d03614452cd0a925abc82a7686560ff80252dfa,0,rank0,HCU0:TCA23906041001,chatcmpl-bench-7f1746b7-0-9eeec82b-9c959c99,23,23,1,0,decode,1,1,20601,20602,linear_attention,,,"[1,5120]","[1,5120]","[3,1]","[1,5120]","[1,5120]",False,False,False,,,,0,0,4308581352340136,4308581353859910,
input23_layer2,,,,20260729T050800Z-fx-89687ae2-R032,pra2026-bh408@3d036144-16-32K-row0-greedy1024,3d03614452cd0a925abc82a7686560ff80252dfa,0,rank0,HCU0:TCA23906041001,chatcmpl-bench-7f1746b7-0-9eeec82b-9c959c99,23,23,2,0,decode,1,1,20601,20602,linear_attention,,,"[1,5120]","[1,5120]","[3,1]","[1,5120]","[1,5120]",False,False,False,,,,0,0,4308581355379474,4308581356881979,
input23_layer3,,,,20260729T050800Z-fx-89687ae2-R032,pra2026-bh408@3d036144-16-32K-row0-greedy1024,3d03614452cd0a925abc82a7686560ff80252dfa,0,rank0,HCU0:TCA23906041001,chatcmpl-bench-7f1746b7-0-9eeec82b-9c959c99,23,23,3,0,decode,1,1,20601,20602,full_attention,,,"[1,5120]","[1,5120]","[3,1]","[1,5120]","[1,5120]",False,False,False,,,,0,0,4308581358688875,4308581360679514,
input23_layer4,,,,20260729T050800Z-fx-89687ae2-R032,pra2026-bh408@3d036144-16-32K-row0-greedy1024,3d03614452cd0a925abc82a7686560ff80252dfa,0,rank0,HCU0:TCA23906041001,chatcmpl-bench-7f1746b7-0-9eeec82b-9c959c99,23,23,4,0,decode,1,1,20601,20602,linear_attention,,,"[1,5120]","[1,5120]","[3,1]","[1,5120]","[1,5120]",False,False,False,,,,0,0,4308581362750413,4308581364285107,
input23_layer5,,,,20260729T050800Z-fx-89687ae2-R032,pra2026-bh408@3d036144-16-32K-row0-greedy1024,3d03614452cd0a925abc82a7686560ff80252dfa,0,rank0,HCU0:TCA23906041001,chatcmpl-bench-7f1746b7-0-9eeec82b-9c959c99,23,23,5,0,decode,1,1,20601,20602,linear_attention,,,"[1,5120]","[1,5120]","[3,1]","[1,5120]","[1,5120]",False,False,False,,,,0,0,4308581365863612,4308581367393106,
input23_layer6,,,,20260729T050800Z-fx-89687ae2-R032,pra2026-bh408@3d036144-16-32K-row0-greedy1024,3d03614452cd0a925abc82a7686560ff80252dfa,0,rank0,HCU0:TCA23906041001,chatcmpl-bench-7f1746b7-0-9eeec82b-9c959c99,23,23,6,0,decode,1,1,20601,20602,linear_attention,,,"[1,5120]","[1,5120]","[3,1]","[1,5120]","[1,5120]",False,False,False,,,,0,0,4308581369047702,4308581370565826,
input23_layer7,,,,20260729T050800Z-fx-89687ae2-R032,pra2026-bh408@3d036144-16-32K-row0-greedy1024,3d03614452cd0a925abc82a7686560ff80252dfa,0,rank0,HCU0:TCA23906041001,chatcmpl-bench-7f1746b7-0-9eeec82b-9c959c99,23,23,7,0,decode,1,1,20601,20602,full_attention,,,"[1,5120]","[1,5120]","[3,1]","[1,5120]","[1,5120]",False,False,False,,,,0,0,4308581372071050,4308581373998928,
input23_layer8,,,,20260729T050800Z-fx-89687ae2-R032,pra2026-bh408@3d036144-16-32K-row0-greedy1024,3d03614452cd0a925abc82a7686560ff80252dfa,0,rank0,HCU0:TCA23906041001,chatcmpl-bench-7f1746b7-0-9eeec82b-9c959c99,23,23,8,0,decode,1,1,20601,20602,linear_attention,,,"[1,5120]","[1,5120]","[3,1]","[1,5120]","[1,5120]",False,False,False,,,,0,0,4308581375606023,4308581377132587,
input23_layer9,,,,20260729T050800Z-fx-89687ae2-R032,pra2026-bh408@3d036144-16-32K-row0-greedy1024,3d03614452cd0a925abc82a7686560ff80252dfa,0,rank0,HCU0:TCA23906041001,chatcmpl-bench-7f1746b7-0-9eeec82b-9c959c99,23,23,9,0,decode,1,1,20601,20602,linear_attention,,,"[1,5120]","[1,5120]","[3,1]","[1,5120]","[1,5120]",False,False,False,,,,0,0,4308581378825343,4308581380352817,
input23_layer10,,,,20260729T050800Z-fx-89687ae2-R032,pra2026-bh408@3d036144-16-32K-row0-greedy1024,3d03614452cd0a925abc82a7686560ff80252dfa,0,rank0,HCU0:TCA23906041001,chatcmpl-bench-7f1746b7-0-9eeec82b-9c959c99,23,23,10,0,decode,1,1,20601,20602,linear_attention,,,"[1,5120]","[1,5120]","[3,1]","[1,5120]","[1,5120]",False,False,False,,,,0,0,4308581382000192,4308581383523656,
input23_layer11,,,,20260729T050800Z-fx-89687ae2-R032,pra2026-bh408@3d036144-16-32K-row0-greedy1024,3d03614452cd0a925abc82a7686560ff80252dfa,0,rank0,HCU0:TCA23906041001,chatcmpl-bench-7f1746b7-0-9eeec82b-9c959c99,23,23,11,0,decode,1,1,20601,20602,full_attention,,,"[1,5120]","[1,5120]","[3,1]","[1,5120]","[1,5120]",False,False,False,,,,0,0,4308581385109331,4308581387032209,
input23_layer12,,,,20260729T050800Z-fx-89687ae2-R032,pra2026-bh408@3d036144-16-32K-row0-greedy1024,3d03614452cd0a925abc82a7686560ff80252dfa,0,rank0,HCU0:TCA23906041001,chatcmpl-bench-7f1746b7-0-9eeec82b-9c959c99,23,23,12,0,decode,1,1,20601,20602,linear_attention,,,"[1,5120]","[1,5120]","[3,1]","[1,5120]","[1,5120]",False,False,False,,,,0,0,4308581388977977,4308581390510941,
input23_layer13,,,,20260729T050800Z-fx-89687ae2-R032,pra2026-bh408@3d036144-16-32K-row0-greedy1024,3d03614452cd0a925abc82a7686560ff80252dfa,0,rank0,HCU0:TCA23906041001,chatcmpl-bench-7f1746b7-0-9eeec82b-9c959c99,23,23,13,0,decode,1,1,20601,20602,linear_attention,,,"[1,5120]","[1,5120]","[3,1]","[1,5120]","[1,5120]",False,False,False,,,,0,0,4308581391978495,4308581393499009,
input23_layer14,,,,20260729T050800Z-fx-89687ae2-R032,pra2026-bh408@3d036144-16-32K-row0-greedy1024,3d03614452cd0a925abc82a7686560ff80252dfa,0,rank0,HCU0:TCA23906041001,chatcmpl-bench-7f1746b7-0-9eeec82b-9c959c99,23,23,14,0,decode,1,1,20601,20602,linear_attention,,,"[1,5120]","[1,5120]","[3,1]","[1,5120]","[1,5120]",False,False,False,,,,0,0,4308581395809690,4308581397349495,
input23_layer15,,,,20260729T050800Z-fx-89687ae2-R032,pra2026-bh408@3d036144-16-32K-row0-greedy1024,3d03614452cd0a925abc82a7686560ff80252dfa,0,rank0,HCU0:TCA23906041001,chatcmpl-bench-7f1746b7-0-9eeec82b-9c959c99,23,23,15,0,decode,1,1,20601,20602,full_attention,,,"[1,5120]","[1,5120]","[3,1]","[1,5120]","[1,5120]",False,False,False,,,,0,0,4308581400638255,4308581402556103,
input23_layer16,,,,20260729T050800Z-fx-89687ae2-R032,pra2026-bh408@3d036144-16-32K-row0-greedy1024,3d03614452cd0a925abc82a7686560ff80252dfa,0,rank0,HCU0:TCA23906041001,chatcmpl-bench-7f1746b7-0-9eeec82b-9c959c99,23,23,16,0,decode,1,1,20601,20602,linear_attention,,,"[1,5120]","[1,5120]","[3,1]","[1,5120]","[1,5120]",False,False,False,,,,0,0,4308581404883325,4308581406417039,
input23_layer17,,,,20260729T050800Z-fx-89687ae2-R032,pra2026-bh408@3d036144-16-32K-row0-greedy1024,3d03614452cd0a925abc82a7686560ff80252dfa,0,rank0,HCU0:TCA23906041001,chatcmpl-bench-7f1746b7-0-9eeec82b-9c959c99,23,23,17,0,decode,1,1,20601,20602,linear_attention,,,"[1,5120]","[1,5120]","[3,1]","[1,5120]","[1,5120]",False,False,False,,,,0,0,4308581408146945,4308581409675379,
input23_layer18,,,,20260729T050800Z-fx-89687ae2-R032,pra2026-bh408@3d036144-16-32K-row0-greedy1024,3d03614452cd0a925abc82a7686560ff80252dfa,0,rank0,HCU0:TCA23906041001,chatcmpl-bench-7f1746b7-0-9eeec82b-9c959c99,23,23,18,0,decode,1,1,20601,20602,linear_attention,,,"[1,5120]","[1,5120]","[3,1]","[1,5120]","[1,5120]",False,False,False,,,,0,0,4308581411464906,4308581412972600,
input23_layer19,,,,20260729T050800Z-fx-89687ae2-R032,pra2026-bh408@3d036144-16-32K-row0-greedy1024,3d03614452cd0a925abc82a7686560ff80252dfa,0,rank0,HCU0:TCA23906041001,chatcmpl-bench-7f1746b7-0-9eeec82b-9c959c99,23,23,19,0,decode,1,1,20601,20602,full_attention,,,"[1,5120]","[1,5120]","[3,1]","[1,5120]","[1,5120]",False,False,False,,,,0,0,4308581414613565,4308581416532223,
input23_layer20,,,,20260729T050800Z-fx-89687ae2-R032,pra2026-bh408@3d036144-16-32K-row0-greedy1024,3d03614452cd0a925abc82a7686560ff80252dfa,0,rank0,HCU0:TCA23906041001,chatcmpl-bench-7f1746b7-0-9eeec82b-9c959c99,23,23,20,0,decode,1,1,20601,20602,linear_attention,,,"[1,5120]","[1,5120]","[3,1]","[1,5120]","[1,5120]",False,False,False,,,,0,0,4308581418254259,4308581419766523,
input23_layer21,,,,20260729T050800Z-fx-89687ae2-R032,pra2026-bh408@3d036144-16-32K-row0-greedy1024,3d03614452cd0a925abc82a7686560ff80252dfa,0,rank0,HCU0:TCA23906041001,chatcmpl-bench-7f1746b7-0-9eeec82b-9c959c99,23,23,21,0,decode,1,1,20601,20602,linear_attention,,,"[1,5120]","[1,5120]","[3,1]","[1,5120]","[1,5120]",False,False,False,,,,0,0,4308581421630670,4308581423139974,
input23_layer22,,,,20260729T050800Z-fx-89687ae2-R032,pra2026-bh408@3d036144-16-32K-row0-greedy1024,3d03614452cd0a925abc82a7686560ff80252dfa,0,rank0,HCU0:TCA23906041001,chatcmpl-bench-7f1746b7-0-9eeec82b-9c959c99,23,23,22,0,decode,1,1,20601,20602,linear_attention,,,"[1,5120]","[1,5120]","[3,1]","[1,5120]","[1,5120]",False,False,False,,,,0,0,4308581425287694,4308581426791968,
input23_layer23,,,,20260729T050800Z-fx-89687ae2-R032,pra2026-bh408@3d036144-16-32K-row0-greedy1024,3d03614452cd0a925abc82a7686560ff80252dfa,0,rank0,HCU0:TCA23906041001,chatcmpl-bench-7f1746b7-0-9eeec82b-9c959c99,23,23,23,0,decode,1,1,20601,20602,full_attention,,,"[1,5120]","[1,5120]","[3,1]","[1,5120]","[1,5120]",False,False,False,,,,0,0,4308581428452014,4308581430370022,
input23_layer24,,,,20260729T050800Z-fx-89687ae2-R032,pra2026-bh408@3d036144-16-32K-row0-greedy1024,3d03614452cd0a925abc82a7686560ff80252dfa,0,rank0,HCU0:TCA23906041001,chatcmpl-bench-7f1746b7-0-9eeec82b-9c959c99,23,23,24,0,decode,1,1,20601,20602,linear_attention,,,"[1,5120]","[1,5120]","[3,1]","[1,5120]","[1,5120]",False,False,False,,,,0,0,4308581432069948,4308581433602962,
input23_layer25,,,,20260729T050800Z-fx-89687ae2-R032,pra2026-bh408@3d036144-16-32K-row0-greedy1024,3d03614452cd0a925abc82a7686560ff80252dfa,0,rank0,HCU0:TCA23906041001,chatcmpl-bench-7f1746b7-0-9eeec82b-9c959c99,23,23,25,0,decode,1,1,20601,20602,linear_attention,,,"[1,5120]","[1,5120]","[3,1]","[1,5120]","[1,5120]",False,False,False,,,,0,0,4308581435066985,4308581436575989,
input23_layer26,,,,20260729T050800Z-fx-89687ae2-R032,pra2026-bh408@3d036144-16-32K-row0-greedy1024,3d03614452cd0a925abc82a7686560ff80252dfa,0,rank0,HCU0:TCA23906041001,chatcmpl-bench-7f1746b7-0-9eeec82b-9c959c99,23,23,26,0,decode,1,1,20601,20602,linear_attention,,,"[1,5120]","[1,5120]","[3,1]","[1,5120]","[1,5120]",False,False,False,,,,0,0,4308581438471117,4308581439978181,
input23_layer27,,,,20260729T050800Z-fx-89687ae2-R032,pra2026-bh408@3d036144-16-32K-row0-greedy1024,3d03614452cd0a925abc82a7686560ff80252dfa,0,rank0,HCU0:TCA23906041001,chatcmpl-bench-7f1746b7-0-9eeec82b-9c959c99,23,23,27,0,decode,1,1,20601,20602,full_attention,,,"[1,5120]","[1,5120]","[3,1]","[1,5120]","[1,5120]",False,False,False,,,,0,0,4308581441924899,4308581443843337,
input23_layer28,,,,20260729T050800Z-fx-89687ae2-R032,pra2026-bh408@3d036144-16-32K-row0-greedy1024,3d03614452cd0a925abc82a7686560ff80252dfa,0,rank0,HCU0:TCA23906041001,chatcmpl-bench-7f1746b7-0-9eeec82b-9c959c99,23,23,28,0,decode,1,1,20601,20602,linear_attention,,,"[1,5120]","[1,5120]","[3,1]","[1,5120]","[1,5120]",False,False,False,,,,0,0,4308581445590273,4308581447104717,
input23_layer29,,,,20260729T050800Z-fx-89687ae2-R032,pra2026-bh408@3d036144-16-32K-row0-greedy1024,3d03614452cd0a925abc82a7686560ff80252dfa,0,rank0,HCU0:TCA23906041001,chatcmpl-bench-7f1746b7-0-9eeec82b-9c959c99,23,23,29,0,decode,1,1,20601,20602,linear_attention,,,"[1,5120]","[1,5120]","[3,1]","[1,5120]","[1,5120]",False,False,False,,,,0,0,4308581448855114,4308581450386738,
input23_layer30,,,,20260729T050800Z-fx-89687ae2-R032,pra2026-bh408@3d036144-16-32K-row0-greedy1024,3d03614452cd0a925abc82a7686560ff80252dfa,0,rank0,HCU0:TCA23906041001,chatcmpl-bench-7f1746b7-0-9eeec82b-9c959c99,23,23,30,0,decode,1,1,20601,20602,linear_attention,,,"[1,5120]","[1,5120]","[3,1]","[1,5120]","[1,5120]",False,False,False,,,,0,0,4308581452072243,4308581453613268,
input23_layer31,,,,20260729T050800Z-fx-89687ae2-R032,pra2026-bh408@3d036144-16-32K-row0-greedy1024,3d03614452cd0a925abc82a7686560ff80252dfa,0,rank0,HCU0:TCA23906041001,chatcmpl-bench-7f1746b7-0-9eeec82b-9c959c99,23,23,31,0,decode,1,1,20601,20602,full_attention,,,"[1,5120]","[1,5120]","[3,1]","[1,5120]","[1,5120]",False,False,False,,,,0,0,4308581455291883,4308581457209311,
input23_layer32,,,,20260729T050800Z-fx-89687ae2-R032,pra2026-bh408@3d036144-16-32K-row0-greedy1024,3d03614452cd0a925abc82a7686560ff80252dfa,0,rank0,HCU0:TCA23906041001,chatcmpl-bench-7f1746b7-0-9eeec82b-9c959c99,23,23,32,0,decode,1,1,20601,20602,linear_attention,,,"[1,5120]","[1,5120]","[3,1]","[1,5120]","[1,5120]",False,False,False,,,,0,0,4308581459047348,4308581460579283,
input23_layer33,,,,20260729T050800Z-fx-89687ae2-R032,pra2026-bh408@3d036144-16-32K-row0-greedy1024,3d03614452cd0a925abc82a7686560ff80252dfa,0,rank0,HCU0:TCA23906041001,chatcmpl-bench-7f1746b7-0-9eeec82b-9c959c99,23,23,33,0,decode,1,1,20601,20602,linear_attention,,,"[1,5120]","[1,5120]","[3,1]","[1,5120]","[1,5120]",False,False,False,,,,0,0,4308581462252088,4308581463760692,
input23_layer34,,,,20260729T050800Z-fx-89687ae2-R032,pra2026-bh408@3d036144-16-32K-row0-greedy1024,3d03614452cd0a925abc82a7686560ff80252dfa,0,rank0,HCU0:TCA23906041001,chatcmpl-bench-7f1746b7-0-9eeec82b-9c959c99,23,23,34,0,decode,1,1,20601,20602,linear_attention,,,"[1,5120]","[1,5120]","[3,1]","[1,5120]","[1,5120]",False,False,False,,,,0,0,4308581465421688,4308581466944562,
input23_layer35,,,,20260729T050800Z-fx-89687ae2-R032,pra2026-bh408@3d036144-16-32K-row0-greedy1024,3d03614452cd0a925abc82a7686560ff80252dfa,0,rank0,HCU0:TCA23906041001,chatcmpl-bench-7f1746b7-0-9eeec82b-9c959c99,23,23,35,0,decode,1,1,20601,20602,full_attention,,,"[1,5120]","[1,5120]","[3,1]","[1,5120]","[1,5120]",False,False,False,,,,0,0,4308581468355845,4308581470269993,
input23_layer36,,,,20260729T050800Z-fx-89687ae2-R032,pra2026-bh408@3d036144-16-32K-row0-greedy1024,3d03614452cd0a925abc82a7686560ff80252dfa,0,rank0,HCU0:TCA23906041001,chatcmpl-bench-7f1746b7-0-9eeec82b-9c959c99,23,23,36,0,decode,1,1,20601,20602,linear_attention,,,"[1,5120]","[1,5120]","[3,1]","[1,5120]","[1,5120]",False,False,False,,,,0,0,4308581472069169,4308581473848996,
input23_layer37,,,,20260729T050800Z-fx-89687ae2-R032,pra2026-bh408@3d036144-16-32K-row0-greedy1024,3d03614452cd0a925abc82a7686560ff80252dfa,0,rank0,HCU0:TCA23906041001,chatcmpl-bench-7f1746b7-0-9eeec82b-9c959c99,23,23,37,0,decode,1,1,20601,20602,linear_attention,,,"[1,5120]","[1,5120]","[3,1]","[1,5120]","[1,5120]",False,False,False,,,,0,0,4308581475711143,4308581477240358,
input23_layer38,,,,20260729T050800Z-fx-89687ae2-R032,pra2026-bh408@3d036144-16-32K-row0-greedy1024,3d03614452cd0a925abc82a7686560ff80252dfa,0,rank0,HCU0:TCA23906041001,chatcmpl-bench-7f1746b7-0-9eeec82b-9c959c99,23,23,38,0,decode,1,1,20601,20602,linear_attention,,,"[1,5120]","[1,5120]","[3,1]","[1,5120]","[1,5120]",False,False,False,,,,0,0,4308581478873753,4308581480393797,
input23_layer39,,,,20260729T050800Z-fx-89687ae2-R032,pra2026-bh408@3d036144-16-32K-row0-greedy1024,3d03614452cd0a925abc82a7686560ff80252dfa,0,rank0,HCU0:TCA23906041001,chatcmpl-bench-7f1746b7-0-9eeec82b-9c959c99,23,23,39,0,decode,1,1,20601,20602,full_attention,,,"[1,5120]","[1,5120]","[3,1]","[1,5120]","[1,5120]",False,False,False,,,,0,0,4308581481892861,4308581483802698,
input23_layer40,,,,20260729T050800Z-fx-89687ae2-R032,pra2026-bh408@3d036144-16-32K-row0-greedy1024,3d03614452cd0a925abc82a7686560ff80252dfa,0,rank0,HCU0:TCA23906041001,chatcmpl-bench-7f1746b7-0-9eeec82b-9c959c99,23,23,40,0,decode,1,1,20601,20602,linear_attention,,,"[1,5120]","[1,5120]","[3,1]","[1,5120]","[1,5120]",False,False,False,,,,0,0,4308581485532045,4308581487039649,
input23_layer41,,,,20260729T050800Z-fx-89687ae2-R032,pra2026-bh408@3d036144-16-32K-row0-greedy1024,3d03614452cd0a925abc82a7686560ff80252dfa,0,rank0,HCU0:TCA23906041001,chatcmpl-bench-7f1746b7-0-9eeec82b-9c959c99,23,23,41,0,decode,1,1,20601,20602,linear_attention,,,"[1,5120]","[1,5120]","[3,1]","[1,5120]","[1,5120]",False,False,False,,,,0,0,4308581488942686,4308581490483051,
input23_layer42,,,,20260729T050800Z-fx-89687ae2-R032,pra2026-bh408@3d036144-16-32K-row0-greedy1024,3d03614452cd0a925abc82a7686560ff80252dfa,0,rank0,HCU0:TCA23906041001,chatcmpl-bench-7f1746b7-0-9eeec82b-9c959c99,23,23,42,0,decode,1,1,20601,20602,linear_attention,,,"[1,5120]","[1,5120]","[3,1]","[1,5120]","[1,5120]",False,False,False,,,,0,0,4308581492256627,4308581493768491,
input23_layer43,,,,20260729T050800Z-fx-89687ae2-R032,pra2026-bh408@3d036144-16-32K-row0-greedy1024,3d03614452cd0a925abc82a7686560ff80252dfa,0,rank0,HCU0:TCA23906041001,chatcmpl-bench-7f1746b7-0-9eeec82b-9c959c99,23,23,43,0,decode,1,1,20601,20602,full_attention,,,"[1,5120]","[1,5120]","[3,1]","[1,5120]","[1,5120]",False,False,False,,,,0,0,4308581495557288,4308581497469146,
input23_layer44,,,,20260729T050800Z-fx-89687ae2-R032,pra2026-bh408@3d036144-16-32K-row0-greedy1024,3d03614452cd0a925abc82a7686560ff80252dfa,0,rank0,HCU0:TCA23906041001,chatcmpl-bench-7f1746b7-0-9eeec82b-9c959c99,23,23,44,0,decode,1,1,20601,20602,linear_attention,,,"[1,5120]","[1,5120]","[3,1]","[1,5120]","[1,5120]",False,False,False,,,,0,0,4308581499203982,4308581500716026,
input23_layer45,,,,20260729T050800Z-fx-89687ae2-R032,pra2026-bh408@3d036144-16-32K-row0-greedy1024,3d03614452cd0a925abc82a7686560ff80252dfa,0,rank0,HCU0:TCA23906041001,chatcmpl-bench-7f1746b7-0-9eeec82b-9c959c99,23,23,45,0,decode,1,1,20601,20602,linear_attention,,,"[1,5120]","[1,5120]","[3,1]","[1,5120]","[1,5120]",False,False,False,,,,0,0,4308581502694994,4308581504220568,
input23_layer46,,,,20260729T050800Z-fx-89687ae2-R032,pra2026-bh408@3d036144-16-32K-row0-greedy1024,3d03614452cd0a925abc82a7686560ff80252dfa,0,rank0,HCU0:TCA23906041001,chatcmpl-bench-7f1746b7-0-9eeec82b-9c959c99,23,23,46,0,decode,1,1,20601,20602,linear_attention,,,"[1,5120]","[1,5120]","[3,1]","[1,5120]","[1,5120]",False,False,False,,,,0,0,4308581506237667,4308581507735211,
input23_layer47,,,,20260729T050800Z-fx-89687ae2-R032,pra2026-bh408@3d036144-16-32K-row0-greedy1024,3d03614452cd0a925abc82a7686560ff80252dfa,0,rank0,HCU0:TCA23906041001,chatcmpl-bench-7f1746b7-0-9eeec82b-9c959c99,23,23,47,0,decode,1,1,20601,20602,full_attention,,,"[1,5120]","[1,5120]","[3,1]","[1,5120]","[1,5120]",False,False,False,,,,0,0,4308581509814890,4308581511712668,
input23_layer48,,,,20260729T050800Z-fx-89687ae2-R032,pra2026-bh408@3d036144-16-32K-row0-greedy1024,3d03614452cd0a925abc82a7686560ff80252dfa,0,rank0,HCU0:TCA23906041001,chatcmpl-bench-7f1746b7-0-9eeec82b-9c959c99,23,23,48,0,decode,1,1,20601,20602,linear_attention,,,"[1,5120]","[1,5120]","[3,1]","[1,5120]","[1,5120]",False,False,False,,,,0,0,4308581513750117,4308581515279661,
input23_layer49,,,,20260729T050800Z-fx-89687ae2-R032,pra2026-bh408@3d036144-16-32K-row0-greedy1024,3d03614452cd0a925abc82a7686560ff80252dfa,0,rank0,HCU0:TCA23906041001,chatcmpl-bench-7f1746b7-0-9eeec82b-9c959c99,23,23,49,0,decode,1,1,20601,20602,linear_attention,,,"[1,5120]","[1,5120]","[3,1]","[1,5120]","[1,5120]",False,False,False,,,,0,0,4308581517096618,4308581518607612,
input23_layer50,,,,20260729T050800Z-fx-89687ae2-R032,pra2026-bh408@3d036144-16-32K-row0-greedy1024,3d03614452cd0a925abc82a7686560ff80252dfa,0,rank0,HCU0:TCA23906041001,chatcmpl-bench-7f1746b7-0-9eeec82b-9c959c99,23,23,50,0,decode,1,1,20601,20602,linear_attention,,,"[1,5120]","[1,5120]","[3,1]","[1,5120]","[1,5120]",False,False,False,,,,0,0,4308581520385069,4308581521882772,
input23_layer51,,,,20260729T050800Z-fx-89687ae2-R032,pra2026-bh408@3d036144-16-32K-row0-greedy1024,3d03614452cd0a925abc82a7686560ff80252dfa,0,rank0,HCU0:TCA23906041001,chatcmpl-bench-7f1746b7-0-9eeec82b-9c959c99,23,23,51,0,decode,1,1,20601,20602,full_attention,,,"[1,5120]","[1,5120]","[3,1]","[1,5120]","[1,5120]",False,False,False,,,,0,0,4308581523621649,4308581525534256,
input23_layer52,,,,20260729T050800Z-fx-89687ae2-R032,pra2026-bh408@3d036144-16-32K-row0-greedy1024,3d03614452cd0a925abc82a7686560ff80252dfa,0,rank0,HCU0:TCA23906041001,chatcmpl-bench-7f1746b7-0-9eeec82b-9c959c99,23,23,52,0,decode,1,1,20601,20602,linear_attention,,,"[1,5120]","[1,5120]","[3,1]","[1,5120]","[1,5120]",False,False,False,,,,0,0,4308581527340933,4308581528862457,
input23_layer53,,,,20260729T050800Z-fx-89687ae2-R032,pra2026-bh408@3d036144-16-32K-row0-greedy1024,3d03614452cd0a925abc82a7686560ff80252dfa,0,rank0,HCU0:TCA23906041001,chatcmpl-bench-7f1746b7-0-9eeec82b-9c959c99,23,23,53,0,decode,1,1,20601,20602,linear_attention,,,"[1,5120]","[1,5120]","[3,1]","[1,5120]","[1,5120]",False,False,False,,,,0,0,4308581530711545,4308581532223429,
input23_layer54,,,,20260729T050800Z-fx-89687ae2-R032,pra2026-bh408@3d036144-16-32K-row0-greedy1024,3d03614452cd0a925abc82a7686560ff80252dfa,0,rank0,HCU0:TCA23906041001,chatcmpl-bench-7f1746b7-0-9eeec82b-9c959c99,23,23,54,0,decode,1,1,20601,20602,linear_attention,,,"[1,5120]","[1,5120]","[3,1]","[1,5120]","[1,5120]",False,False,False,,,,0,0,4308581533980375,4308581535494869,
input23_layer55,,,,20260729T050800Z-fx-89687ae2-R032,pra2026-bh408@3d036144-16-32K-row0-greedy1024,3d03614452cd0a925abc82a7686560ff80252dfa,0,rank0,HCU0:TCA23906041001,chatcmpl-bench-7f1746b7-0-9eeec82b-9c959c99,23,23,55,0,decode,1,1,20601,20602,full_attention,,,"[1,5120]","[1,5120]","[3,1]","[1,5120]","[1,5120]",False,False,False,,,,0,0,4308581537474677,4308581539378835,
input23_layer56,,,,20260729T050800Z-fx-89687ae2-R032,pra2026-bh408@3d036144-16-32K-row0-greedy1024,3d03614452cd0a925abc82a7686560ff80252dfa,0,rank0,HCU0:TCA23906041001,chatcmpl-bench-7f1746b7-0-9eeec82b-9c959c99,23,23,56,0,decode,1,1,20601,20602,linear_attention,,,"[1,5120]","[1,5120]","[3,1]","[1,5120]","[1,5120]",False,False,False,,,,0,0,4308581541226892,4308581542735676,
input23_layer57,,,,20260729T050800Z-fx-89687ae2-R032,pra2026-bh408@3d036144-16-32K-row0-greedy1024,3d03614452cd0a925abc82a7686560ff80252dfa,0,rank0,HCU0:TCA23906041001,chatcmpl-bench-7f1746b7-0-9eeec82b-9c959c99,23,23,57,0,decode,1,1,20601,20602,linear_attention,,,"[1,5120]","[1,5120]","[3,1]","[1,5120]","[1,5120]",False,False,False,,,,0,0,4308581544671564,4308581546187278,
input23_layer58,,,,20260729T050800Z-fx-89687ae2-R032,pra2026-bh408@3d036144-16-32K-row0-greedy1024,3d03614452cd0a925abc82a7686560ff80252dfa,0,rank0,HCU0:TCA23906041001,chatcmpl-bench-7f1746b7-0-9eeec82b-9c959c99,23,23,58,0,decode,1,1,20601,20602,linear_attention,,,"[1,5120]","[1,5120]","[3,1]","[1,5120]","[1,5120]",False,False,False,,,,0,0,4308581547822894,4308581549361088,
input23_layer59,,,,20260729T050800Z-fx-89687ae2-R032,pra2026-bh408@3d036144-16-32K-row0-greedy1024,3d03614452cd0a925abc82a7686560ff80252dfa,0,rank0,HCU0:TCA23906041001,chatcmpl-bench-7f1746b7-0-9eeec82b-9c959c99,23,23,59,0,decode,1,1,20601,20602,full_attention,,,"[1,5120]","[1,5120]","[3,1]","[1,5120]","[1,5120]",False,False,False,,,,0,0,4308581550889852,4308581552788170,
input23_layer60,,,,20260729T050800Z-fx-89687ae2-R032,pra2026-bh408@3d036144-16-32K-row0-greedy1024,3d03614452cd0a925abc82a7686560ff80252dfa,0,rank0,HCU0:TCA23906041001,chatcmpl-bench-7f1746b7-0-9eeec82b-9c959c99,23,23,60,0,decode,1,1,20601,20602,linear_attention,,,"[1,5120]","[1,5120]","[3,1]","[1,5120]","[1,5120]",False,False,False,,,,0,0,4308581554551356,4308581556061400,
input23_layer61,,,,20260729T050800Z-fx-89687ae2-R032,pra2026-bh408@3d036144-16-32K-row0-greedy1024,3d03614452cd0a925abc82a7686560ff80252dfa,0,rank0,HCU0:TCA23906041001,chatcmpl-bench-7f1746b7-0-9eeec82b-9c959c99,23,23,61,0,decode,1,1,20601,20602,linear_attention,,,"[1,5120]","[1,5120]","[3,1]","[1,5120]","[1,5120]",False,False,False,,,,0,0,4308581557674515,4308581559205100,
input23_layer62,,,,20260729T050800Z-fx-89687ae2-R032,pra2026-bh408@3d036144-16-32K-row0-greedy1024,3d03614452cd0a925abc82a7686560ff80252dfa,0,rank0,HCU0:TCA23906041001,chatcmpl-bench-7f1746b7-0-9eeec82b-9c959c99,23,23,62,0,decode,1,1,20601,20602,linear_attention,,,"[1,5120]","[1,5120]","[3,1]","[1,5120]","[1,5120]",False,False,False,,,,0,0,4308581560752644,4308581562271818,
input23_layer63,,,,20260729T050800Z-fx-89687ae2-R032,pra2026-bh408@3d036144-16-32K-row0-greedy1024,3d03614452cd0a925abc82a7686560ff80252dfa,0,rank0,HCU0:TCA23906041001,chatcmpl-bench-7f1746b7-0-9eeec82b-9c959c99,23,23,63,0,decode,1,1,20601,20602,full_attention,,,"[1,5120]","[1,5120]","[3,1]","[1,5120]","[1,5120]",False,False,False,,,,0,0,4308581564006114,4308581565910602,
input24_layer0,,,,20260729T050800Z-fx-89687ae2-R032,pra2026-bh408@3d036144-16-32K-row0-greedy1024,3d03614452cd0a925abc82a7686560ff80252dfa,0,rank0,HCU0:TCA23906041001,chatcmpl-bench-7f1746b7-0-9eeec82b-9c959c99,24,24,0,0,decode,1,1,20602,20603,linear_attention,,,"[1,5120]",null,"[3,1]","[1,5120]","[1,5120]",False,False,False,,,,0,0,4308581570877618,4308581572576314,
input24_layer1,,,,20260729T050800Z-fx-89687ae2-R032,pra2026-bh408@3d036144-16-32K-row0-greedy1024,3d03614452cd0a925abc82a7686560ff80252dfa,0,rank0,HCU0:TCA23906041001,chatcmpl-bench-7f1746b7-0-9eeec82b-9c959c99,24,24,1,0,decode,1,1,20602,20603,linear_attention,,,"[1,5120]","[1,5120]","[3,1]","[1,5120]","[1,5120]",False,False,False,,,,0,0,4308581574606493,4308581576133897,
input24_layer2,,,,20260729T050800Z-fx-89687ae2-R032,pra2026-bh408@3d036144-16-32K-row0-greedy1024,3d03614452cd0a925abc82a7686560ff80252dfa,0,rank0,HCU0:TCA23906041001,chatcmpl-bench-7f1746b7-0-9eeec82b-9c959c99,24,24,2,0,decode,1,1,20602,20603,linear_attention,,,"[1,5120]","[1,5120]","[3,1]","[1,5120]","[1,5120]",False,False,False,,,,0,0,4308581577937054,4308581579445598,
input24_layer3,,,,20260729T050800Z-fx-89687ae2-R032,pra2026-bh408@3d036144-16-32K-row0-greedy1024,3d03614452cd0a925abc82a7686560ff80252dfa,0,rank0,HCU0:TCA23906041001,chatcmpl-bench-7f1746b7-0-9eeec82b-9c959c99,24,24,3,0,decode,1,1,20602,20603,full_attention,,,"[1,5120]","[1,5120]","[3,1]","[1,5120]","[1,5120]",False,False,False,,,,0,0,4308581581148903,4308581583130732,
input24_layer4,,,,20260729T050800Z-fx-89687ae2-R032,pra2026-bh408@3d036144-16-32K-row0-greedy1024,3d03614452cd0a925abc82a7686560ff80252dfa,0,rank0,HCU0:TCA23906041001,chatcmpl-bench-7f1746b7-0-9eeec82b-9c959c99,24,24,4,0,decode,1,1,20602,20603,linear_attention,,,"[1,5120]","[1,5120]","[3,1]","[1,5120]","[1,5120]",False,False,False,,,,0,0,4308581584830428,4308581586370512,
input24_layer5,,,,20260729T050800Z-fx-89687ae2-R032,pra2026-bh408@3d036144-16-32K-row0-greedy1024,3d03614452cd0a925abc82a7686560ff80252dfa,0,rank0,HCU0:TCA23906041001,chatcmpl-bench-7f1746b7-0-9eeec82b-9c959c99,24,24,5,0,decode,1,1,20602,20603,linear_attention,,,"[1,5120]","[1,5120]","[3,1]","[1,5120]","[1,5120]",False,False,False,,,,0,0,4308581588042368,4308581589557382,
input24_layer6,,,,20260729T050800Z-fx-89687ae2-R032,pra2026-bh408@3d036144-16-32K-row0-greedy1024,3d03614452cd0a925abc82a7686560ff80252dfa,0,rank0,HCU0:TCA23906041001,chatcmpl-bench-7f1746b7-0-9eeec82b-9c959c99,24,24,6,0,decode,1,1,20602,20603,linear_attention,,,"[1,5120]","[1,5120]","[3,1]","[1,5120]","[1,5120]",False,False,False,,,,0,0,4308581591328228,4308581592828802,
input24_layer7,,,,20260729T050800Z-fx-89687ae2-R032,pra2026-bh408@3d036144-16-32K-row0-greedy1024,3d03614452cd0a925abc82a7686560ff80252dfa,0,rank0,HCU0:TCA23906041001,chatcmpl-bench-7f1746b7-0-9eeec82b-9c959c99,24,24,7,0,decode,1,1,20602,20603,full_attention,,,"[1,5120]","[1,5120]","[3,1]","[1,5120]","[1,5120]",False,False,False,,,,0,0,4308581594637399,4308581596563127,
input24_layer8,,,,20260729T050800Z-fx-89687ae2-R032,pra2026-bh408@3d036144-16-32K-row0-greedy1024,3d03614452cd0a925abc82a7686560ff80252dfa,0,rank0,HCU0:TCA23906041001,chatcmpl-bench-7f1746b7-0-9eeec82b-9c959c99,24,24,8,0,decode,1,1,20602,20603,linear_attention,,,"[1,5120]","[1,5120]","[3,1]","[1,5120]","[1,5120]",False,False,False,,,,0,0,4308581598220582,4308581599734336,
input24_layer9,,,,20260729T050800Z-fx-89687ae2-R032,pra2026-bh408@3d036144-16-32K-row0-greedy1024,3d03614452cd0a925abc82a7686560ff80252dfa,0,rank0,HCU0:TCA23906041001,chatcmpl-bench-7f1746b7-0-9eeec82b-9c959c99,24,24,9,0,decode,1,1,20602,20603,linear_attention,,,"[1,5120]","[1,5120]","[3,1]","[1,5120]","[1,5120]",False,False,False,,,,0,0,4308581601398482,4308581602923556,
input24_layer10,,,,20260729T050800Z-fx-89687ae2-R032,pra2026-bh408@3d036144-16-32K-row0-greedy1024,3d03614452cd0a925abc82a7686560ff80252dfa,0,rank0,HCU0:TCA23906041001,chatcmpl-bench-7f1746b7-0-9eeec82b-9c959c99,24,24,10,0,decode,1,1,20602,20603,linear_attention,,,"[1,5120]","[1,5120]","[3,1]","[1,5120]","[1,5120]",False,False,False,,,,0,0,4308581604514221,4308581606030475,
input24_layer11,,,,20260729T050800Z-fx-89687ae2-R032,pra2026-bh408@3d036144-16-32K-row0-greedy1024,3d03614452cd0a925abc82a7686560ff80252dfa,0,rank0,HCU0:TCA23906041001,chatcmpl-bench-7f1746b7-0-9eeec82b-9c959c99,24,24,11,0,decode,1,1,20602,20603,full_attention,,,"[1,5120]","[1,5120]","[3,1]","[1,5120]","[1,5120]",False,False,False,,,,0,0,4308581607616190,4308581609515187,
input24_layer12,,,,20260729T050800Z-fx-89687ae2-R032,pra2026-bh408@3d036144-16-32K-row0-greedy1024,3d03614452cd0a925abc82a7686560ff80252dfa,0,rank0,HCU0:TCA23906041001,chatcmpl-bench-7f1746b7-0-9eeec82b-9c959c99,24,24,12,0,decode,1,1,20602,20603,linear_attention,,,"[1,5120]","[1,5120]","[3,1]","[1,5120]","[1,5120]",False,False,False,,,,0,0,4308581611183963,4308581612700547,
input24_layer13,,,,20260729T050800Z-fx-89687ae2-R032,pra2026-bh408@3d036144-16-32K-row0-greedy1024,3d03614452cd0a925abc82a7686560ff80252dfa,0,rank0,HCU0:TCA23906041001,chatcmpl-bench-7f1746b7-0-9eeec82b-9c959c99,24,24,13,0,decode,1,1,20602,20603,linear_attention,,,"[1,5120]","[1,5120]","[3,1]","[1,5120]","[1,5120]",False,False,False,,,,0,0,4308581614443053,4308581615955257,
input24_layer14,,,,20260729T050800Z-fx-89687ae2-R032,pra2026-bh408@3d036144-16-32K-row0-greedy1024,3d03614452cd0a925abc82a7686560ff80252dfa,0,rank0,HCU0:TCA23906041001,chatcmpl-bench-7f1746b7-0-9eeec82b-9c959c99,24,24,14,0,decode,1,1,20602,20603,linear_attention,,,"[1,5120]","[1,5120]","[3,1]","[1,5120]","[1,5120]",False,False,False,,,,0,0,4308581618493941,4308581620004765,
input24_layer15,,,,20260729T050800Z-fx-89687ae2-R032,pra2026-bh408@3d036144-16-32K-row0-greedy1024,3d03614452cd0a925abc82a7686560ff80252dfa,0,rank0,HCU0:TCA23906041001,chatcmpl-bench-7f1746b7-0-9eeec82b-9c959c99,24,24,15,0,decode,1,1,20602,20603,full_attention,,,"[1,5120]","[1,5120]","[3,1]","[1,5120]","[1,5120]",False,False,False,,,,0,0,4308581621642700,4308581623562618,
input24_layer16,,,,20260729T050800Z-fx-89687ae2-R032,pra2026-bh408@3d036144-16-32K-row0-greedy1024,3d03614452cd0a925abc82a7686560ff80252dfa,0,rank0,HCU0:TCA23906041001,chatcmpl-bench-7f1746b7-0-9eeec82b-9c959c99,24,24,16,0,decode,1,1,20602,20603,linear_attention,,,"[1,5120]","[1,5120]","[3,1]","[1,5120]","[1,5120]",False,False,False,,,,0,0,4308581625222813,4308581626746527,
input24_layer17,,,,20260729T050800Z-fx-89687ae2-R032,pra2026-bh408@3d036144-16-32K-row0-greedy1024,3d03614452cd0a925abc82a7686560ff80252dfa,0,rank0,HCU0:TCA23906041001,chatcmpl-bench-7f1746b7-0-9eeec82b-9c959c99,24,24,17,0,decode,1,1,20602,20603,linear_attention,,,"[1,5120]","[1,5120]","[3,1]","[1,5120]","[1,5120]",False,False,False,,,,0,0,4308581628423863,4308581629931077,
input24_layer18,,,,20260729T050800Z-fx-89687ae2-R032,pra2026-bh408@3d036144-16-32K-row0-greedy1024,3d03614452cd0a925abc82a7686560ff80252dfa,0,rank0,HCU0:TCA23906041001,chatcmpl-bench-7f1746b7-0-9eeec82b-9c959c99,24,24,18,0,decode,1,1,20602,20603,linear_attention,,,"[1,5120]","[1,5120]","[3,1]","[1,5120]","[1,5120]",False,False,False,,,,0,0,4308581631628303,4308581633134177,
input24_layer19,,,,20260729T050800Z-fx-89687ae2-R032,pra2026-bh408@3d036144-16-32K-row0-greedy1024,3d03614452cd0a925abc82a7686560ff80252dfa,0,rank0,HCU0:TCA23906041001,chatcmpl-bench-7f1746b7-0-9eeec82b-9c959c99,24,24,19,0,decode,1,1,20602,20603,full_attention,,,"[1,5120]","[1,5120]","[3,1]","[1,5120]","[1,5120]",False,False,False,,,,0,0,4308581634966694,4308581636871792,
input24_layer20,,,,20260729T050800Z-fx-89687ae2-R032,pra2026-bh408@3d036144-16-32K-row0-greedy1024,3d03614452cd0a925abc82a7686560ff80252dfa,0,rank0,HCU0:TCA23906041001,chatcmpl-bench-7f1746b7-0-9eeec82b-9c959c99,24,24,20,0,decode,1,1,20602,20603,linear_attention,,,"[1,5120]","[1,5120]","[3,1]","[1,5120]","[1,5120]",False,False,False,,,,0,0,4308581638601418,4308581640116102,
input24_layer21,,,,20260729T050800Z-fx-89687ae2-R032,pra2026-bh408@3d036144-16-32K-row0-greedy1024,3d03614452cd0a925abc82a7686560ff80252dfa,0,rank0,HCU0:TCA23906041001,chatcmpl-bench-7f1746b7-0-9eeec82b-9c959c99,24,24,21,0,decode,1,1,20602,20603,linear_attention,,,"[1,5120]","[1,5120]","[3,1]","[1,5120]","[1,5120]",False,False,False,,,,0,0,4308581641900668,4308581643440343,
input24_layer22,,,,20260729T050800Z-fx-89687ae2-R032,pra2026-bh408@3d036144-16-32K-row0-greedy1024,3d03614452cd0a925abc82a7686560ff80252dfa,0,rank0,HCU0:TCA23906041001,chatcmpl-bench-7f1746b7-0-9eeec82b-9c959c99,24,24,22,0,decode,1,1,20602,20603,linear_attention,,,"[1,5120]","[1,5120]","[3,1]","[1,5120]","[1,5120]",False,False,False,,,,0,0,4308581645208669,4308581646713263,
input24_layer23,,,,20260729T050800Z-fx-89687ae2-R032,pra2026-bh408@3d036144-16-32K-row0-greedy1024,3d03614452cd0a925abc82a7686560ff80252dfa,0,rank0,HCU0:TCA23906041001,chatcmpl-bench-7f1746b7-0-9eeec82b-9c959c99,24,24,23,0,decode,1,1,20602,20603,full_attention,,,"[1,5120]","[1,5120]","[3,1]","[1,5120]","[1,5120]",False,False,False,,,,0,0,4308581648451819,4308581650366887,
input24_layer24,,,,20260729T050800Z-fx-89687ae2-R032,pra2026-bh408@3d036144-16-32K-row0-greedy1024,3d03614452cd0a925abc82a7686560ff80252dfa,0,rank0,HCU0:TCA23906041001,chatcmpl-bench-7f1746b7-0-9eeec82b-9c959c99,24,24,24,0,decode,1,1,20602,20603,linear_attention,,,"[1,5120]","[1,5120]","[3,1]","[1,5120]","[1,5120]",False,False,False,,,,0,0,4308581652311635,4308581653823169,
input24_layer25,,,,20260729T050800Z-fx-89687ae2-R032,pra2026-bh408@3d036144-16-32K-row0-greedy1024,3d03614452cd0a925abc82a7686560ff80252dfa,0,rank0,HCU0:TCA23906041001,chatcmpl-bench-7f1746b7-0-9eeec82b-9c959c99,24,24,25,0,decode,1,1,20602,20603,linear_attention,,,"[1,5120]","[1,5120]","[3,1]","[1,5120]","[1,5120]",False,False,False,,,,0,0,4308581655275743,4308581656782997,
input24_layer26,,,,20260729T050800Z-fx-89687ae2-R032,pra2026-bh408@3d036144-16-32K-row0-greedy1024,3d03614452cd0a925abc82a7686560ff80252dfa,0,rank0,HCU0:TCA23906041001,chatcmpl-bench-7f1746b7-0-9eeec82b-9c959c99,24,24,26,0,decode,1,1,20602,20603,linear_attention,,,"[1,5120]","[1,5120]","[3,1]","[1,5120]","[1,5120]",False,False,False,,,,0,0,4308581658389552,4308581659895886,
input24_layer27,,,,20260729T050800Z-fx-89687ae2-R032,pra2026-bh408@3d036144-16-32K-row0-greedy1024,3d03614452cd0a925abc82a7686560ff80252dfa,0,rank0,HCU0:TCA23906041001,chatcmpl-bench-7f1746b7-0-9eeec82b-9c959c99,24,24,27,0,decode,1,1,20602,20603,full_attention,,,"[1,5120]","[1,5120]","[3,1]","[1,5120]","[1,5120]",False,False,False,,,,0,0,4308581661661402,4308581663573980,
input24_layer28,,,,20260729T050800Z-fx-89687ae2-R032,pra2026-bh408@3d036144-16-32K-row0-greedy1024,3d03614452cd0a925abc82a7686560ff80252dfa,0,rank0,HCU0:TCA23906041001,chatcmpl-bench-7f1746b7-0-9eeec82b-9c959c99,24,24,28,0,decode,1,1,20602,20603,linear_attention,,,"[1,5120]","[1,5120]","[3,1]","[1,5120]","[1,5120]",False,False,False,,,,0,0,4308581665629279,4308581667140953,
input24_layer29,,,,20260729T050800Z-fx-89687ae2-R032,pra2026-bh408@3d036144-16-32K-row0-greedy1024,3d03614452cd0a925abc82a7686560ff80252dfa,0,rank0,HCU0:TCA23906041001,chatcmpl-bench-7f1746b7-0-9eeec82b-9c959c99,24,24,29,0,decode,1,1,20602,20603,linear_attention,,,"[1,5120]","[1,5120]","[3,1]","[1,5120]","[1,5120]",False,False,False,,,,0,0,4308581668731508,4308581670265272,
input24_layer30,,,,20260729T050800Z-fx-89687ae2-R032,pra2026-bh408@3d036144-16-32K-row0-greedy1024,3d03614452cd0a925abc82a7686560ff80252dfa,0,rank0,HCU0:TCA23906041001,chatcmpl-bench-7f1746b7-0-9eeec82b-9c959c99,24,24,30,0,decode,1,1,20602,20603,linear_attention,,,"[1,5120]","[1,5120]","[3,1]","[1,5120]","[1,5120]",False,False,False,,,,0,0,4308581671828897,4308581673582633,
input24_layer31,,,,20260729T050800Z-fx-89687ae2-R032,pra2026-bh408@3d036144-16-32K-row0-greedy1024,3d03614452cd0a925abc82a7686560ff80252dfa,0,rank0,HCU0:TCA23906041001,chatcmpl-bench-7f1746b7-0-9eeec82b-9c959c99,24,24,31,0,decode,1,1,20602,20603,full_attention,,,"[1,5120]","[1,5120]","[3,1]","[1,5120]","[1,5120]",False,False,False,,,,0,0,4308581675132417,4308581677045965,
input24_layer32,,,,20260729T050800Z-fx-89687ae2-R032,pra2026-bh408@3d036144-16-32K-row0-greedy1024,3d03614452cd0a925abc82a7686560ff80252dfa,0,rank0,HCU0:TCA23906041001,chatcmpl-bench-7f1746b7-0-9eeec82b-9c959c99,24,24,32,0,decode,1,1,20602,20603,linear_attention,,,"[1,5120]","[1,5120]","[3,1]","[1,5120]","[1,5120]",False,False,False,,,,0,0,4308581678920582,4308581680454127,
input24_layer33,,,,20260729T050800Z-fx-89687ae2-R032,pra2026-bh408@3d036144-16-32K-row0-greedy1024,3d03614452cd0a925abc82a7686560ff80252dfa,0,rank0,HCU0:TCA23906041001,chatcmpl-bench-7f1746b7-0-9eeec82b-9c959c99,24,24,33,0,decode,1,1,20602,20603,linear_attention,,,"[1,5120]","[1,5120]","[3,1]","[1,5120]","[1,5120]",False,False,False,,,,0,0,4308581682347314,4308581683860908,
input24_layer34,,,,20260729T050800Z-fx-89687ae2-R032,pra2026-bh408@3d036144-16-32K-row0-greedy1024,3d03614452cd0a925abc82a7686560ff80252dfa,0,rank0,HCU0:TCA23906041001,chatcmpl-bench-7f1746b7-0-9eeec82b-9c959c99,24,24,34,0,decode,1,1,20602,20603,linear_attention,,,"[1,5120]","[1,5120]","[3,1]","[1,5120]","[1,5120]",False,False,False,,,,0,0,4308581685646315,4308581687157399,
input24_layer35,,,,20260729T050800Z-fx-89687ae2-R032,pra2026-bh408@3d036144-16-32K-row0-greedy1024,3d03614452cd0a925abc82a7686560ff80252dfa,0,rank0,HCU0:TCA23906041001,chatcmpl-bench-7f1746b7-0-9eeec82b-9c959c99,24,24,35,0,decode,1,1,20602,20603,full_attention,,,"[1,5120]","[1,5120]","[3,1]","[1,5120]","[1,5120]",False,False,False,,,,0,0,4308581688886185,4308581690794733,
input24_layer36,,,,20260729T050800Z-fx-89687ae2-R032,pra2026-bh408@3d036144-16-32K-row0-greedy1024,3d03614452cd0a925abc82a7686560ff80252dfa,0,rank0,HCU0:TCA23906041001,chatcmpl-bench-7f1746b7-0-9eeec82b-9c959c99,24,24,36,0,decode,1,1,20602,20603,linear_attention,,,"[1,5120]","[1,5120]","[3,1]","[1,5120]","[1,5120]",False,False,False,,,,0,0,4308581692574759,4308581694089643,
input24_layer37,,,,20260729T050800Z-fx-89687ae2-R032,pra2026-bh408@3d036144-16-32K-row0-greedy1024,3d03614452cd0a925abc82a7686560ff80252dfa,0,rank0,HCU0:TCA23906041001,chatcmpl-bench-7f1746b7-0-9eeec82b-9c959c99,24,24,37,0,decode,1,1,20602,20603,linear_attention,,,"[1,5120]","[1,5120]","[3,1]","[1,5120]","[1,5120]",False,False,False,,,,0,0,4308581695941881,4308581697470235,
input24_layer38,,,,20260729T050800Z-fx-89687ae2-R032,pra2026-bh408@3d036144-16-32K-row0-greedy1024,3d03614452cd0a925abc82a7686560ff80252dfa,0,rank0,HCU0:TCA23906041001,chatcmpl-bench-7f1746b7-0-9eeec82b-9c959c99,24,24,38,0,decode,1,1,20602,20603,linear_attention,,,"[1,5120]","[1,5120]","[3,1]","[1,5120]","[1,5120]",False,False,False,,,,0,0,4308581699318932,4308581700832876,
input24_layer39,,,,20260729T050800Z-fx-89687ae2-R032,pra2026-bh408@3d036144-16-32K-row0-greedy1024,3d03614452cd0a925abc82a7686560ff80252dfa,0,rank0,HCU0:TCA23906041001,chatcmpl-bench-7f1746b7-0-9eeec82b-9c959c99,24,24,39,0,decode,1,1,20602,20603,full_attention,,,"[1,5120]","[1,5120]","[3,1]","[1,5120]","[1,5120]",False,False,False,,,,0,0,4308581702564512,4308581704469350,
input24_layer40,,,,20260729T050800Z-fx-89687ae2-R032,pra2026-bh408@3d036144-16-32K-row0-greedy1024,3d03614452cd0a925abc82a7686560ff80252dfa,0,rank0,HCU0:TCA23906041001,chatcmpl-bench-7f1746b7-0-9eeec82b-9c959c99,24,24,40,0,decode,1,1,20602,20603,linear_attention,,,"[1,5120]","[1,5120]","[3,1]","[1,5120]","[1,5120]",False,False,False,,,,0,0,4308581706192056,4308581707701300,
input24_layer41,,,,20260729T050800Z-fx-89687ae2-R032,pra2026-bh408@3d036144-16-32K-row0-greedy1024,3d03614452cd0a925abc82a7686560ff80252dfa,0,rank0,HCU0:TCA23906041001,chatcmpl-bench-7f1746b7-0-9eeec82b-9c959c99,24,24,41,0,decode,1,1,20602,20603,linear_attention,,,"[1,5120]","[1,5120]","[3,1]","[1,5120]","[1,5120]",False,False,False,,,,0,0,4308581709567407,4308581711079091,
input24_layer42,,,,20260729T050800Z-fx-89687ae2-R032,pra2026-bh408@3d036144-16-32K-row0-greedy1024,3d03614452cd0a925abc82a7686560ff80252dfa,0,rank0,HCU0:TCA23906041001,chatcmpl-bench-7f1746b7-0-9eeec82b-9c959c99,24,24,42,0,decode,1,1,20602,20603,linear_attention,,,"[1,5120]","[1,5120]","[3,1]","[1,5120]","[1,5120]",False,False,False,,,,0,0,4308581712826158,4308581714347412,
input24_layer43,,,,20260729T050800Z-fx-89687ae2-R032,pra2026-bh408@3d036144-16-32K-row0-greedy1024,3d03614452cd0a925abc82a7686560ff80252dfa,0,rank0,HCU0:TCA23906041001,chatcmpl-bench-7f1746b7-0-9eeec82b-9c959c99,24,24,43,0,decode,1,1,20602,20603,full_attention,,,"[1,5120]","[1,5120]","[3,1]","[1,5120]","[1,5120]",False,False,False,,,,0,0,4308581716023447,4308581717935745,
input24_layer44,,,,20260729T050800Z-fx-89687ae2-R032,pra2026-bh408@3d036144-16-32K-row0-greedy1024,3d03614452cd0a925abc82a7686560ff80252dfa,0,rank0,HCU0:TCA23906041001,chatcmpl-bench-7f1746b7-0-9eeec82b-9c959c99,24,24,44,0,decode,1,1,20602,20603,linear_attention,,,"[1,5120]","[1,5120]","[3,1]","[1,5120]","[1,5120]",False,False,False,,,,0,0,4308581719568060,4308581721077364,
input24_layer45,,,,20260729T050800Z-fx-89687ae2-R032,pra2026-bh408@3d036144-16-32K-row0-greedy1024,3d03614452cd0a925abc82a7686560ff80252dfa,0,rank0,HCU0:TCA23906041001,chatcmpl-bench-7f1746b7-0-9eeec82b-9c959c99,24,24,45,0,decode,1,1,20602,20603,linear_attention,,,"[1,5120]","[1,5120]","[3,1]","[1,5120]","[1,5120]",False,False,False,,,,0,0,4308581722828631,4308581724356605,
input24_layer46,,,,20260729T050800Z-fx-89687ae2-R032,pra2026-bh408@3d036144-16-32K-row0-greedy1024,3d03614452cd0a925abc82a7686560ff80252dfa,0,rank0,HCU0:TCA23906041001,chatcmpl-bench-7f1746b7-0-9eeec82b-9c959c99,24,24,46,0,decode,1,1,20602,20603,linear_attention,,,"[1,5120]","[1,5120]","[3,1]","[1,5120]","[1,5120]",False,False,False,,,,0,0,4308581726198102,4308581727698976,
input24_layer47,,,,20260729T050800Z-fx-89687ae2-R032,pra2026-bh408@3d036144-16-32K-row0-greedy1024,3d03614452cd0a925abc82a7686560ff80252dfa,0,rank0,HCU0:TCA23906041001,chatcmpl-bench-7f1746b7-0-9eeec82b-9c959c99,24,24,47,0,decode,1,1,20602,20603,full_attention,,,"[1,5120]","[1,5120]","[3,1]","[1,5120]","[1,5120]",False,False,False,,,,0,0,4308581729411792,4308581731329610,
input24_layer48,,,,20260729T050800Z-fx-89687ae2-R032,pra2026-bh408@3d036144-16-32K-row0-greedy1024,3d03614452cd0a925abc82a7686560ff80252dfa,0,rank0,HCU0:TCA23906041001,chatcmpl-bench-7f1746b7-0-9eeec82b-9c959c99,24,24,48,0,decode,1,1,20602,20603,linear_attention,,,"[1,5120]","[1,5120]","[3,1]","[1,5120]","[1,5120]",False,False,False,,,,0,0,4308581733003685,4308581734524579,
input24_layer49,,,,20260729T050800Z-fx-89687ae2-R032,pra2026-bh408@3d036144-16-32K-row0-greedy1024,3d03614452cd0a925abc82a7686560ff80252dfa,0,rank0,HCU0:TCA23906041001,chatcmpl-bench-7f1746b7-0-9eeec82b-9c959c99,24,24,49,0,decode,1,1,20602,20603,linear_attention,,,"[1,5120]","[1,5120]","[3,1]","[1,5120]","[1,5120]",False,False,False,,,,0,0,4308581736023673,4308581737532807,
input24_layer50,,,,20260729T050800Z-fx-89687ae2-R032,pra2026-bh408@3d036144-16-32K-row0-greedy1024,3d03614452cd0a925abc82a7686560ff80252dfa,0,rank0,HCU0:TCA23906041001,chatcmpl-bench-7f1746b7-0-9eeec82b-9c959c99,24,24,50,0,decode,1,1,20602,20603,linear_attention,,,"[1,5120]","[1,5120]","[3,1]","[1,5120]","[1,5120]",False,False,False,,,,0,0,4308581739282994,4308581740798778,
input24_layer51,,,,20260729T050800Z-fx-89687ae2-R032,pra2026-bh408@3d036144-16-32K-row0-greedy1024,3d03614452cd0a925abc82a7686560ff80252dfa,0,rank0,HCU0:TCA23906041001,chatcmpl-bench-7f1746b7-0-9eeec82b-9c959c99,24,24,51,0,decode,1,1,20602,20603,full_attention,,,"[1,5120]","[1,5120]","[3,1]","[1,5120]","[1,5120]",False,False,False,,,,0,0,4308581742587324,4308581744490512,
input24_layer52,,,,20260729T050800Z-fx-89687ae2-R032,pra2026-bh408@3d036144-16-32K-row0-greedy1024,3d03614452cd0a925abc82a7686560ff80252dfa,0,rank0,HCU0:TCA23906041001,chatcmpl-bench-7f1746b7-0-9eeec82b-9c959c99,24,24,52,0,decode,1,1,20602,20603,linear_attention,,,"[1,5120]","[1,5120]","[3,1]","[1,5120]","[1,5120]",False,False,False,,,,0,0,4308581746140587,4308581747659292,
input24_layer53,,,,20260729T050800Z-fx-89687ae2-R032,pra2026-bh408@3d036144-16-32K-row0-greedy1024,3d03614452cd0a925abc82a7686560ff80252dfa,0,rank0,HCU0:TCA23906041001,chatcmpl-bench-7f1746b7-0-9eeec82b-9c959c99,24,24,53,0,decode,1,1,20602,20603,linear_attention,,,"[1,5120]","[1,5120]","[3,1]","[1,5120]","[1,5120]",False,False,False,,,,0,0,4308581749618220,4308581751132304,
input24_layer54,,,,20260729T050800Z-fx-89687ae2-R032,pra2026-bh408@3d036144-16-32K-row0-greedy1024,3d03614452cd0a925abc82a7686560ff80252dfa,0,rank0,HCU0:TCA23906041001,chatcmpl-bench-7f1746b7-0-9eeec82b-9c959c99,24,24,54,0,decode,1,1,20602,20603,linear_attention,,,"[1,5120]","[1,5120]","[3,1]","[1,5120]","[1,5120]",False,False,False,,,,0,0,4308581752904780,4308581754422404,
input24_layer55,,,,20260729T050800Z-fx-89687ae2-R032,pra2026-bh408@3d036144-16-32K-row0-greedy1024,3d03614452cd0a925abc82a7686560ff80252dfa,0,rank0,HCU0:TCA23906041001,chatcmpl-bench-7f1746b7-0-9eeec82b-9c959c99,24,24,55,0,decode,1,1,20602,20603,full_attention,,,"[1,5120]","[1,5120]","[3,1]","[1,5120]","[1,5120]",False,False,False,,,,0,0,4308581756185711,4308581758075718,
input24_layer56,,,,20260729T050800Z-fx-89687ae2-R032,pra2026-bh408@3d036144-16-32K-row0-greedy1024,3d03614452cd0a925abc82a7686560ff80252dfa,0,rank0,HCU0:TCA23906041001,chatcmpl-bench-7f1746b7-0-9eeec82b-9c959c99,24,24,56,0,decode,1,1,20602,20603,linear_attention,,,"[1,5120]","[1,5120]","[3,1]","[1,5120]","[1,5120]",False,False,False,,,,0,0,4308581759692603,4308581761213477,
input24_layer57,,,,20260729T050800Z-fx-89687ae2-R032,pra2026-bh408@3d036144-16-32K-row0-greedy1024,3d03614452cd0a925abc82a7686560ff80252dfa,0,rank0,HCU0:TCA23906041001,chatcmpl-bench-7f1746b7-0-9eeec82b-9c959c99,24,24,57,0,decode,1,1,20602,20603,linear_attention,,,"[1,5120]","[1,5120]","[3,1]","[1,5120]","[1,5120]",False,False,False,,,,0,0,4308581762900533,4308581764426227,
input24_layer58,,,,20260729T050800Z-fx-89687ae2-R032,pra2026-bh408@3d036144-16-32K-row0-greedy1024,3d03614452cd0a925abc82a7686560ff80252dfa,0,rank0,HCU0:TCA23906041001,chatcmpl-bench-7f1746b7-0-9eeec82b-9c959c99,24,24,58,0,decode,1,1,20602,20603,linear_attention,,,"[1,5120]","[1,5120]","[3,1]","[1,5120]","[1,5120]",False,False,False,,,,0,0,4308581766259984,4308581767770178,
input24_layer59,,,,20260729T050800Z-fx-89687ae2-R032,pra2026-bh408@3d036144-16-32K-row0-greedy1024,3d03614452cd0a925abc82a7686560ff80252dfa,0,rank0,HCU0:TCA23906041001,chatcmpl-bench-7f1746b7-0-9eeec82b-9c959c99,24,24,59,0,decode,1,1,20602,20603,full_attention,,,"[1,5120]","[1,5120]","[3,1]","[1,5120]","[1,5120]",False,False,False,,,,0,0,4308581769596885,4308581771494853,
input24_layer60,,,,20260729T050800Z-fx-89687ae2-R032,pra2026-bh408@3d036144-16-32K-row0-greedy1024,3d03614452cd0a925abc82a7686560ff80252dfa,0,rank0,HCU0:TCA23906041001,chatcmpl-bench-7f1746b7-0-9eeec82b-9c959c99,24,24,60,0,decode,1,1,20602,20603,linear_attention,,,"[1,5120]","[1,5120]","[3,1]","[1,5120]","[1,5120]",False,False,False,,,,0,0,4308581773003707,4308581774520691,
input24_layer61,,,,20260729T050800Z-fx-89687ae2-R032,pra2026-bh408@3d036144-16-32K-row0-greedy1024,3d03614452cd0a925abc82a7686560ff80252dfa,0,rank0,HCU0:TCA23906041001,chatcmpl-bench-7f1746b7-0-9eeec82b-9c959c99,24,24,61,0,decode,1,1,20602,20603,linear_attention,,,"[1,5120]","[1,5120]","[3,1]","[1,5120]","[1,5120]",False,False,False,,,,0,0,4308581776300048,4308581777802222,
input24_layer62,,,,20260729T050800Z-fx-89687ae2-R032,pra2026-bh408@3d036144-16-32K-row0-greedy1024,3d03614452cd0a925abc82a7686560ff80252dfa,0,rank0,HCU0:TCA23906041001,chatcmpl-bench-7f1746b7-0-9eeec82b-9c959c99,24,24,62,0,decode,1,1,20602,20603,linear_attention,,,"[1,5120]","[1,5120]","[3,1]","[1,5120]","[1,5120]",False,False,False,,,,0,0,4308581779561588,4308581781065592,
input24_layer63,,,,20260729T050800Z-fx-89687ae2-R032,pra2026-bh408@3d036144-16-32K-row0-greedy1024,3d03614452cd0a925abc82a7686560ff80252dfa,0,rank0,HCU0:TCA23906041001,chatcmpl-bench-7f1746b7-0-9eeec82b-9c959c99,24,24,63,0,decode,1,1,20602,20603,full_attention,,,"[1,5120]","[1,5120]","[3,1]","[1,5120]","[1,5120]",False,False,False,,,,0,0,4308581782834229,4308581784741576,
input25_layer0,,,,20260729T050800Z-fx-89687ae2-R032,pra2026-bh408@3d036144-16-32K-row0-greedy1024,3d03614452cd0a925abc82a7686560ff80252dfa,0,rank0,HCU0:TCA23906041001,chatcmpl-bench-7f1746b7-0-9eeec82b-9c959c99,25,25,0,0,decode,1,1,20603,20604,linear_attention,,,"[1,5120]",null,"[3,1]","[1,5120]","[1,5120]",False,False,False,,,,0,0,4308581789766513,4308581791458709,
input25_layer1,,,,20260729T050800Z-fx-89687ae2-R032,pra2026-bh408@3d036144-16-32K-row0-greedy1024,3d03614452cd0a925abc82a7686560ff80252dfa,0,rank0,HCU0:TCA23906041001,chatcmpl-bench-7f1746b7-0-9eeec82b-9c959c99,25,25,1,0,decode,1,1,20603,20604,linear_attention,,,"[1,5120]","[1,5120]","[3,1]","[1,5120]","[1,5120]",False,False,False,,,,0,0,4308581793493428,4308581795027242,
input25_layer2,,,,20260729T050800Z-fx-89687ae2-R032,pra2026-bh408@3d036144-16-32K-row0-greedy1024,3d03614452cd0a925abc82a7686560ff80252dfa,0,rank0,HCU0:TCA23906041001,chatcmpl-bench-7f1746b7-0-9eeec82b-9c959c99,25,25,2,0,decode,1,1,20603,20604,linear_attention,,,"[1,5120]","[1,5120]","[3,1]","[1,5120]","[1,5120]",False,False,False,,,,0,0,4308581796801128,4308581798317023,
input25_layer3,,,,20260729T050800Z-fx-89687ae2-R032,pra2026-bh408@3d036144-16-32K-row0-greedy1024,3d03614452cd0a925abc82a7686560ff80252dfa,0,rank0,HCU0:TCA23906041001,chatcmpl-bench-7f1746b7-0-9eeec82b-9c959c99,25,25,3,0,decode,1,1,20603,20604,full_attention,,,"[1,5120]","[1,5120]","[3,1]","[1,5120]","[1,5120]",False,False,False,,,,0,0,4308581799930387,4308581801911726,
input25_layer4,,,,20260729T050800Z-fx-89687ae2-R032,pra2026-bh408@3d036144-16-32K-row0-greedy1024,3d03614452cd0a925abc82a7686560ff80252dfa,0,rank0,HCU0:TCA23906041001,chatcmpl-bench-7f1746b7-0-9eeec82b-9c959c99,25,25,4,0,decode,1,1,20603,20604,linear_attention,,,"[1,5120]","[1,5120]","[3,1]","[1,5120]","[1,5120]",False,False,False,,,,0,0,4308581803534371,4308581805049735,
input25_layer5,,,,20260729T050800Z-fx-89687ae2-R032,pra2026-bh408@3d036144-16-32K-row0-greedy1024,3d03614452cd0a925abc82a7686560ff80252dfa,0,rank0,HCU0:TCA23906041001,chatcmpl-bench-7f1746b7-0-9eeec82b-9c959c99,25,25,5,0,decode,1,1,20603,20604,linear_attention,,,"[1,5120]","[1,5120]","[3,1]","[1,5120]","[1,5120]",False,False,False,,,,0,0,4308581807274916,4308581808791290,
input25_layer6,,,,20260729T050800Z-fx-89687ae2-R032,pra2026-bh408@3d036144-16-32K-row0-greedy1024,3d03614452cd0a925abc82a7686560ff80252dfa,0,rank0,HCU0:TCA23906041001,chatcmpl-bench-7f1746b7-0-9eeec82b-9c959c99,25,25,6,0,decode,1,1,20603,20604,linear_attention,,,"[1,5120]","[1,5120]","[3,1]","[1,5120]","[1,5120]",False,False,False,,,,0,0,4308581811802018,4308581813319902,
input25_layer7,,,,20260729T050800Z-fx-89687ae2-R032,pra2026-bh408@3d036144-16-32K-row0-greedy1024,3d03614452cd0a925abc82a7686560ff80252dfa,0,rank0,HCU0:TCA23906041001,chatcmpl-bench-7f1746b7-0-9eeec82b-9c959c99,25,25,7,0,decode,1,1,20603,20604,full_attention,,,"[1,5120]","[1,5120]","[3,1]","[1,5120]","[1,5120]",False,False,False,,,,0,0,4308581815110679,4308581817015486,
input25_layer8,,,,20260729T050800Z-fx-89687ae2-R032,pra2026-bh408@3d036144-16-32K-row0-greedy1024,3d03614452cd0a925abc82a7686560ff80252dfa,0,rank0,HCU0:TCA23906041001,chatcmpl-bench-7f1746b7-0-9eeec82b-9c959c99,25,25,8,0,decode,1,1,20603,20604,linear_attention,,,"[1,5120]","[1,5120]","[3,1]","[1,5120]","[1,5120]",False,False,False,,,,0,0,4308581818706482,4308581820221236,
input25_layer9,,,,20260729T050800Z-fx-89687ae2-R032,pra2026-bh408@3d036144-16-32K-row0-greedy1024,3d03614452cd0a925abc82a7686560ff80252dfa,0,rank0,HCU0:TCA23906041001,chatcmpl-bench-7f1746b7-0-9eeec82b-9c959c99,25,25,9,0,decode,1,1,20603,20604,linear_attention,,,"[1,5120]","[1,5120]","[3,1]","[1,5120]","[1,5120]",False,False,False,,,,0,0,4308581821949922,4308581823466706,
input25_layer10,,,,20260729T050800Z-fx-89687ae2-R032,pra2026-bh408@3d036144-16-32K-row0-greedy1024,3d03614452cd0a925abc82a7686560ff80252dfa,0,rank0,HCU0:TCA23906041001,chatcmpl-bench-7f1746b7-0-9eeec82b-9c959c99,25,25,10,0,decode,1,1,20603,20604,linear_attention,,,"[1,5120]","[1,5120]","[3,1]","[1,5120]","[1,5120]",False,False,False,,,,0,0,4308581825131772,4308581826642486,
input25_layer11,,,,20260729T050800Z-fx-89687ae2-R032,pra2026-bh408@3d036144-16-32K-row0-greedy1024,3d03614452cd0a925abc82a7686560ff80252dfa,0,rank0,HCU0:TCA23906041001,chatcmpl-bench-7f1746b7-0-9eeec82b-9c959c99,25,25,11,0,decode,1,1,20603,20604,full_attention,,,"[1,5120]","[1,5120]","[3,1]","[1,5120]","[1,5120]",False,False,False,,,,0,0,4308581828741365,4308581830646983,
input25_layer12,,,,20260729T050800Z-fx-89687ae2-R032,pra2026-bh408@3d036144-16-32K-row0-greedy1024,3d03614452cd0a925abc82a7686560ff80252dfa,0,rank0,HCU0:TCA23906041001,chatcmpl-bench-7f1746b7-0-9eeec82b-9c959c99,25,25,12,0,decode,1,1,20603,20604,linear_attention,,,"[1,5120]","[1,5120]","[3,1]","[1,5120]","[1,5120]",False,False,False,,,,0,0,4308581832439090,4308581833951434,
input25_layer13,,,,20260729T050800Z-fx-89687ae2-R032,pra2026-bh408@3d036144-16-32K-row0-greedy1024,3d03614452cd0a925abc82a7686560ff80252dfa,0,rank0,HCU0:TCA23906041001,chatcmpl-bench-7f1746b7-0-9eeec82b-9c959c99,25,25,13,0,decode,1,1,20603,20604,linear_attention,,,"[1,5120]","[1,5120]","[3,1]","[1,5120]","[1,5120]",False,False,False,,,,0,0,4308581835694840,4308581837229414,
input25_layer14,,,,20260729T050800Z-fx-89687ae2-R032,pra2026-bh408@3d036144-16-32K-row0-greedy1024,3d03614452cd0a925abc82a7686560ff80252dfa,0,rank0,HCU0:TCA23906041001,chatcmpl-bench-7f1746b7-0-9eeec82b-9c959c99,25,25,14,0,decode,1,1,20603,20604,linear_attention,,,"[1,5120]","[1,5120]","[3,1]","[1,5120]","[1,5120]",False,False,False,,,,0,0,4308581838973911,4308581840486174,
input25_layer15,,,,20260729T050800Z-fx-89687ae2-R032,pra2026-bh408@3d036144-16-32K-row0-greedy1024,3d03614452cd0a925abc82a7686560ff80252dfa,0,rank0,HCU0:TCA23906041001,chatcmpl-bench-7f1746b7-0-9eeec82b-9c959c99,25,25,15,0,decode,1,1,20603,20604,full_attention,,,"[1,5120]","[1,5120]","[3,1]","[1,5120]","[1,5120]",False,False,False,,,,0,0,4308581842264951,4308581844154809,
input25_layer16,,,,20260729T050800Z-fx-89687ae2-R032,pra2026-bh408@3d036144-16-32K-row0-greedy1024,3d03614452cd0a925abc82a7686560ff80252dfa,0,rank0,HCU0:TCA23906041001,chatcmpl-bench-7f1746b7-0-9eeec82b-9c959c99,25,25,16,0,decode,1,1,20603,20604,linear_attention,,,"[1,5120]","[1,5120]","[3,1]","[1,5120]","[1,5120]",False,False,False,,,,0,0,4308581846064246,4308581847587321,
input25_layer17,,,,20260729T050800Z-fx-89687ae2-R032,pra2026-bh408@3d036144-16-32K-row0-greedy1024,3d03614452cd0a925abc82a7686560ff80252dfa,0,rank0,HCU0:TCA23906041001,chatcmpl-bench-7f1746b7-0-9eeec82b-9c959c99,25,25,17,0,decode,1,1,20603,20604,linear_attention,,,"[1,5120]","[1,5120]","[3,1]","[1,5120]","[1,5120]",False,False,False,,,,0,0,4308581849505288,4308581851011952,
input25_layer18,,,,20260729T050800Z-fx-89687ae2-R032,pra2026-bh408@3d036144-16-32K-row0-greedy1024,3d03614452cd0a925abc82a7686560ff80252dfa,0,rank0,HCU0:TCA23906041001,chatcmpl-bench-7f1746b7-0-9eeec82b-9c959c99,25,25,18,0,decode,1,1,20603,20604,linear_attention,,,"[1,5120]","[1,5120]","[3,1]","[1,5120]","[1,5120]",False,False,False,,,,0,0,4308581852883260,4308581854397704,
input25_layer19,,,,20260729T050800Z-fx-89687ae2-R032,pra2026-bh408@3d036144-16-32K-row0-greedy1024,3d03614452cd0a925abc82a7686560ff80252dfa,0,rank0,HCU0:TCA23906041001,chatcmpl-bench-7f1746b7-0-9eeec82b-9c959c99,25,25,19,0,decode,1,1,20603,20604,full_attention,,,"[1,5120]","[1,5120]","[3,1]","[1,5120]","[1,5120]",False,False,False,,,,0,0,4308581855955078,4308581857888766,
input25_layer20,,,,20260729T050800Z-fx-89687ae2-R032,pra2026-bh408@3d036144-16-32K-row0-greedy1024,3d03614452cd0a925abc82a7686560ff80252dfa,0,rank0,HCU0:TCA23906041001,chatcmpl-bench-7f1746b7-0-9eeec82b-9c959c99,25,25,20,0,decode,1,1,20603,20604,linear_attention,,,"[1,5120]","[1,5120]","[3,1]","[1,5120]","[1,5120]",False,False,False,,,,0,0,4308581859476811,4308581860984425,
input25_layer21,,,,20260729T050800Z-fx-89687ae2-R032,pra2026-bh408@3d036144-16-32K-row0-greedy1024,3d03614452cd0a925abc82a7686560ff80252dfa,0,rank0,HCU0:TCA23906041001,chatcmpl-bench-7f1746b7-0-9eeec82b-9c959c99,25,25,21,0,decode,1,1,20603,20604,linear_attention,,,"[1,5120]","[1,5120]","[3,1]","[1,5120]","[1,5120]",False,False,False,,,,0,0,4308581862514779,4308581864019413,
input25_layer22,,,,20260729T050800Z-fx-89687ae2-R032,pra2026-bh408@3d036144-16-32K-row0-greedy1024,3d03614452cd0a925abc82a7686560ff80252dfa,0,rank0,HCU0:TCA23906041001,chatcmpl-bench-7f1746b7-0-9eeec82b-9c959c99,25,25,22,0,decode,1,1,20603,20604,linear_attention,,,"[1,5120]","[1,5120]","[3,1]","[1,5120]","[1,5120]",False,False,False,,,,0,0,4308581865624768,4308581867139622,
input25_layer23,,,,20260729T050800Z-fx-89687ae2-R032,pra2026-bh408@3d036144-16-32K-row0-greedy1024,3d03614452cd0a925abc82a7686560ff80252dfa,0,rank0,HCU0:TCA23906041001,chatcmpl-bench-7f1746b7-0-9eeec82b-9c959c99,25,25,23,0,decode,1,1,20603,20604,full_attention,,,"[1,5120]","[1,5120]","[3,1]","[1,5120]","[1,5120]",False,False,False,,,,0,0,4308581868818418,4308581870733736,
input25_layer24,,,,20260729T050800Z-fx-89687ae2-R032,pra2026-bh408@3d036144-16-32K-row0-greedy1024,3d03614452cd0a925abc82a7686560ff80252dfa,0,rank0,HCU0:TCA23906041001,chatcmpl-bench-7f1746b7-0-9eeec82b-9c959c99,25,25,24,0,decode,1,1,20603,20604,linear_attention,,,"[1,5120]","[1,5120]","[3,1]","[1,5120]","[1,5120]",False,False,False,,,,0,0,4308581872222410,4308581873967876,
input25_layer25,,,,20260729T050800Z-fx-89687ae2-R032,pra2026-bh408@3d036144-16-32K-row0-greedy1024,3d03614452cd0a925abc82a7686560ff80252dfa,0,rank0,HCU0:TCA23906041001,chatcmpl-bench-7f1746b7-0-9eeec82b-9c959c99,25,25,25,0,decode,1,1,20603,20604,linear_attention,,,"[1,5120]","[1,5120]","[3,1]","[1,5120]","[1,5120]",False,False,False,,,,0,0,4308581875442819,4308581876957914,
input25_layer26,,,,20260729T050800Z-fx-89687ae2-R032,pra2026-bh408@3d036144-16-32K-row0-greedy1024,3d03614452cd0a925abc82a7686560ff80252dfa,0,rank0,HCU0:TCA23906041001,chatcmpl-bench-7f1746b7-0-9eeec82b-9c959c99,25,25,26,0,decode,1,1,20603,20604,linear_attention,,,"[1,5120]","[1,5120]","[3,1]","[1,5120]","[1,5120]",False,False,False,,,,0,0,4308581878704220,4308581880226914,
input25_layer27,,,,20260729T050800Z-fx-89687ae2-R032,pra2026-bh408@3d036144-16-32K-row0-greedy1024,3d03614452cd0a925abc82a7686560ff80252dfa,0,rank0,HCU0:TCA23906041001,chatcmpl-bench-7f1746b7-0-9eeec82b-9c959c99,25,25,27,0,decode,1,1,20603,20604,full_attention,,,"[1,5120]","[1,5120]","[3,1]","[1,5120]","[1,5120]",False,False,False,,,,0,0,4308581882309253,4308581884239261,
input25_layer28,,,,20260729T050800Z-fx-89687ae2-R032,pra2026-bh408@3d036144-16-32K-row0-greedy1024,3d03614452cd0a925abc82a7686560ff80252dfa,0,rank0,HCU0:TCA23906041001,chatcmpl-bench-7f1746b7-0-9eeec82b-9c959c99,25,25,28,0,decode,1,1,20603,20604,linear_attention,,,"[1,5120]","[1,5120]","[3,1]","[1,5120]","[1,5120]",False,False,False,,,,0,0,4308581885925437,4308581887457971,
input25_layer29,,,,20260729T050800Z-fx-89687ae2-R032,pra2026-bh408@3d036144-16-32K-row0-greedy1024,3d03614452cd0a925abc82a7686560ff80252dfa,0,rank0,HCU0:TCA23906041001,chatcmpl-bench-7f1746b7-0-9eeec82b-9c959c99,25,25,29,0,decode,1,1,20603,20604,linear_attention,,,"[1,5120]","[1,5120]","[3,1]","[1,5120]","[1,5120]",False,False,False,,,,0,0,4308581889079176,4308581890595340,
input25_layer30,,,,20260729T050800Z-fx-89687ae2-R032,pra2026-bh408@3d036144-16-32K-row0-greedy1024,3d03614452cd0a925abc82a7686560ff80252dfa,0,rank0,HCU0:TCA23906041001,chatcmpl-bench-7f1746b7-0-9eeec82b-9c959c99,25,25,30,0,decode,1,1,20603,20604,linear_attention,,,"[1,5120]","[1,5120]","[3,1]","[1,5120]","[1,5120]",False,False,False,,,,0,0,4308581892050784,4308581893574458,
input25_layer31,,,,20260729T050800Z-fx-89687ae2-R032,pra2026-bh408@3d036144-16-32K-row0-greedy1024,3d03614452cd0a925abc82a7686560ff80252dfa,0,rank0,HCU0:TCA23906041001,chatcmpl-bench-7f1746b7-0-9eeec82b-9c959c99,25,25,31,0,decode,1,1,20603,20604,full_attention,,,"[1,5120]","[1,5120]","[3,1]","[1,5120]","[1,5120]",False,False,False,,,,0,0,4308581895120602,4308581897053330,
input25_layer32,,,,20260729T050800Z-fx-89687ae2-R032,pra2026-bh408@3d036144-16-32K-row0-greedy1024,3d03614452cd0a925abc82a7686560ff80252dfa,0,rank0,HCU0:TCA23906041001,chatcmpl-bench-7f1746b7-0-9eeec82b-9c959c99,25,25,32,0,decode,1,1,20603,20604,linear_attention,,,"[1,5120]","[1,5120]","[3,1]","[1,5120]","[1,5120]",False,False,False,,,,0,0,4308581898648475,4308581900185120,
input25_layer33,,,,20260729T050800Z-fx-89687ae2-R032,pra2026-bh408@3d036144-16-32K-row0-greedy1024,3d03614452cd0a925abc82a7686560ff80252dfa,0,rank0,HCU0:TCA23906041001,chatcmpl-bench-7f1746b7-0-9eeec82b-9c959c99,25,25,33,0,decode,1,1,20603,20604,linear_attention,,,"[1,5120]","[1,5120]","[3,1]","[1,5120]","[1,5120]",False,False,False,,,,0,0,4308581901789874,4308581903314129,
input25_layer34,,,,20260729T050800Z-fx-89687ae2-R032,pra2026-bh408@3d036144-16-32K-row0-greedy1024,3d03614452cd0a925abc82a7686560ff80252dfa,0,rank0,HCU0:TCA23906041001,chatcmpl-bench-7f1746b7-0-9eeec82b-9c959c99,25,25,34,0,decode,1,1,20603,20604,linear_attention,,,"[1,5120]","[1,5120]","[3,1]","[1,5120]","[1,5120]",False,False,False,,,,0,0,4308581904957464,4308581906479888,
input25_layer35,,,,20260729T050800Z-fx-89687ae2-R032,pra2026-bh408@3d036144-16-32K-row0-greedy1024,3d03614452cd0a925abc82a7686560ff80252dfa,0,rank0,HCU0:TCA23906041001,chatcmpl-bench-7f1746b7-0-9eeec82b-9c959c99,25,25,35,0,decode,1,1,20603,20604,full_attention,,,"[1,5120]","[1,5120]","[3,1]","[1,5120]","[1,5120]",False,False,False,,,,0,0,4308581908087363,4308581909997731,
input25_layer36,,,,20260729T050800Z-fx-89687ae2-R032,pra2026-bh408@3d036144-16-32K-row0-greedy1024,3d03614452cd0a925abc82a7686560ff80252dfa,0,rank0,HCU0:TCA23906041001,chatcmpl-bench-7f1746b7-0-9eeec82b-9c959c99,25,25,36,0,decode,1,1,20603,20604,linear_attention,,,"[1,5120]","[1,5120]","[3,1]","[1,5120]","[1,5120]",False,False,False,,,,0,0,4308581911707337,4308581913240881,
input25_layer37,,,,20260729T050800Z-fx-89687ae2-R032,pra2026-bh408@3d036144-16-32K-row0-greedy1024,3d03614452cd0a925abc82a7686560ff80252dfa,0,rank0,HCU0:TCA23906041001,chatcmpl-bench-7f1746b7-0-9eeec82b-9c959c99,25,25,37,0,decode,1,1,20603,20604,linear_attention,,,"[1,5120]","[1,5120]","[3,1]","[1,5120]","[1,5120]",False,False,False,,,,0,0,4308581914748045,4308581916264099,
input25_layer38,,,,20260729T050800Z-fx-89687ae2-R032,pra2026-bh408@3d036144-16-32K-row0-greedy1024,3d03614452cd0a925abc82a7686560ff80252dfa,0,rank0,HCU0:TCA23906041001,chatcmpl-bench-7f1746b7-0-9eeec82b-9c959c99,25,25,38,0,decode,1,1,20603,20604,linear_attention,,,"[1,5120]","[1,5120]","[3,1]","[1,5120]","[1,5120]",False,False,False,,,,0,0,4308581918109656,4308581919630320,
input25_layer39,,,,20260729T050800Z-fx-89687ae2-R032,pra2026-bh408@3d036144-16-32K-row0-greedy1024,3d03614452cd0a925abc82a7686560ff80252dfa,0,rank0,HCU0:TCA23906041001,chatcmpl-bench-7f1746b7-0-9eeec82b-9c959c99,25,25,39,0,decode,1,1,20603,20604,full_attention,,,"[1,5120]","[1,5120]","[3,1]","[1,5120]","[1,5120]",False,False,False,,,,0,0,4308581921587228,4308581923495366,
input25_layer40,,,,20260729T050800Z-fx-89687ae2-R032,pra2026-bh408@3d036144-16-32K-row0-greedy1024,3d03614452cd0a925abc82a7686560ff80252dfa,0,rank0,HCU0:TCA23906041001,chatcmpl-bench-7f1746b7-0-9eeec82b-9c959c99,25,25,40,0,decode,1,1,20603,20604,linear_attention,,,"[1,5120]","[1,5120]","[3,1]","[1,5120]","[1,5120]",False,False,False,,,,0,0,4308581925180252,4308581926704706,
input25_layer41,,,,20260729T050800Z-fx-89687ae2-R032,pra2026-bh408@3d036144-16-32K-row0-greedy1024,3d03614452cd0a925abc82a7686560ff80252dfa,0,rank0,HCU0:TCA23906041001,chatcmpl-bench-7f1746b7-0-9eeec82b-9c959c99,25,25,41,0,decode,1,1,20603,20604,linear_attention,,,"[1,5120]","[1,5120]","[3,1]","[1,5120]","[1,5120]",False,False,False,,,,0,0,4308581928467472,4308581929978046,
input25_layer42,,,,20260729T050800Z-fx-89687ae2-R032,pra2026-bh408@3d036144-16-32K-row0-greedy1024,3d03614452cd0a925abc82a7686560ff80252dfa,0,rank0,HCU0:TCA23906041001,chatcmpl-bench-7f1746b7-0-9eeec82b-9c959c99,25,25,42,0,decode,1,1,20603,20604,linear_attention,,,"[1,5120]","[1,5120]","[3,1]","[1,5120]","[1,5120]",False,False,False,,,,0,0,4308581931601552,4308581933112466,
input25_layer43,,,,20260729T050800Z-fx-89687ae2-R032,pra2026-bh408@3d036144-16-32K-row0-greedy1024,3d03614452cd0a925abc82a7686560ff80252dfa,0,rank0,HCU0:TCA23906041001,chatcmpl-bench-7f1746b7-0-9eeec82b-9c959c99,25,25,43,0,decode,1,1,20603,20604,full_attention,,,"[1,5120]","[1,5120]","[3,1]","[1,5120]","[1,5120]",False,False,False,,,,0,0,4308581934666760,4308581936581978,
input25_layer44,,,,20260729T050800Z-fx-89687ae2-R032,pra2026-bh408@3d036144-16-32K-row0-greedy1024,3d03614452cd0a925abc82a7686560ff80252dfa,0,rank0,HCU0:TCA23906041001,chatcmpl-bench-7f1746b7-0-9eeec82b-9c959c99,25,25,44,0,decode,1,1,20603,20604,linear_attention,,,"[1,5120]","[1,5120]","[3,1]","[1,5120]","[1,5120]",False,False,False,,,,0,0,4308581938123202,4308581939651526,
input25_layer45,,,,20260729T050800Z-fx-89687ae2-R032,pra2026-bh408@3d036144-16-32K-row0-greedy1024,3d03614452cd0a925abc82a7686560ff80252dfa,0,rank0,HCU0:TCA23906041001,chatcmpl-bench-7f1746b7-0-9eeec82b-9c959c99,25,25,45,0,decode,1,1,20603,20604,linear_attention,,,"[1,5120]","[1,5120]","[3,1]","[1,5120]","[1,5120]",False,False,False,,,,0,0,4308581941305172,4308581942820616,
input25_layer46,,,,20260729T050800Z-fx-89687ae2-R032,pra2026-bh408@3d036144-16-32K-row0-greedy1024,3d03614452cd0a925abc82a7686560ff80252dfa,0,rank0,HCU0:TCA23906041001,chatcmpl-bench-7f1746b7-0-9eeec82b-9c959c99,25,25,46,0,decode,1,1,20603,20604,linear_attention,,,"[1,5120]","[1,5120]","[3,1]","[1,5120]","[1,5120]",False,False,False,,,,0,0,4308581944353280,4308581945854994,
input25_layer47,,,,20260729T050800Z-fx-89687ae2-R032,pra2026-bh408@3d036144-16-32K-row0-greedy1024,3d03614452cd0a925abc82a7686560ff80252dfa,0,rank0,HCU0:TCA23906041001,chatcmpl-bench-7f1746b7-0-9eeec82b-9c959c99,25,25,47,0,decode,1,1,20603,20604,full_attention,,,"[1,5120]","[1,5120]","[3,1]","[1,5120]","[1,5120]",False,False,False,,,,0,0,4308581947331668,4308581949239046,
input25_layer48,,,,20260729T050800Z-fx-89687ae2-R032,pra2026-bh408@3d036144-16-32K-row0-greedy1024,3d03614452cd0a925abc82a7686560ff80252dfa,0,rank0,HCU0:TCA23906041001,chatcmpl-bench-7f1746b7-0-9eeec82b-9c959c99,25,25,48,0,decode,1,1,20603,20604,linear_attention,,,"[1,5120]","[1,5120]","[3,1]","[1,5120]","[1,5120]",False,False,False,,,,0,0,4308581950914661,4308581952448335,
input25_layer49,,,,20260729T050800Z-fx-89687ae2-R032,pra2026-bh408@3d036144-16-32K-row0-greedy1024,3d03614452cd0a925abc82a7686560ff80252dfa,0,rank0,HCU0:TCA23906041001,chatcmpl-bench-7f1746b7-0-9eeec82b-9c959c99,25,25,49,0,decode,1,1,20603,20604,linear_attention,,,"[1,5120]","[1,5120]","[3,1]","[1,5120]","[1,5120]",False,False,False,,,,0,0,4308581954193712,4308581955702166,
input25_layer50,,,,20260729T050800Z-fx-89687ae2-R032,pra2026-bh408@3d036144-16-32K-row0-greedy1024,3d03614452cd0a925abc82a7686560ff80252dfa,0,rank0,HCU0:TCA23906041001,chatcmpl-bench-7f1746b7-0-9eeec82b-9c959c99,25,25,50,0,decode,1,1,20603,20604,linear_attention,,,"[1,5120]","[1,5120]","[3,1]","[1,5120]","[1,5120]",False,False,False,,,,0,0,4308581957296390,4308581958800134,
input25_layer51,,,,20260729T050800Z-fx-89687ae2-R032,pra2026-bh408@3d036144-16-32K-row0-greedy1024,3d03614452cd0a925abc82a7686560ff80252dfa,0,rank0,HCU0:TCA23906041001,chatcmpl-bench-7f1746b7-0-9eeec82b-9c959c99,25,25,51,0,decode,1,1,20603,20604,full_attention,,,"[1,5120]","[1,5120]","[3,1]","[1,5120]","[1,5120]",False,False,False,,,,0,0,4308581960528101,4308581962451208,
input25_layer52,,,,20260729T050800Z-fx-89687ae2-R032,pra2026-bh408@3d036144-16-32K-row0-greedy1024,3d03614452cd0a925abc82a7686560ff80252dfa,0,rank0,HCU0:TCA23906041001,chatcmpl-bench-7f1746b7-0-9eeec82b-9c959c99,25,25,52,0,decode,1,1,20603,20604,linear_attention,,,"[1,5120]","[1,5120]","[3,1]","[1,5120]","[1,5120]",False,False,False,,,,0,0,4308581964002623,4308581965547997,
input25_layer53,,,,20260729T050800Z-fx-89687ae2-R032,pra2026-bh408@3d036144-16-32K-row0-greedy1024,3d03614452cd0a925abc82a7686560ff80252dfa,0,rank0,HCU0:TCA23906041001,chatcmpl-bench-7f1746b7-0-9eeec82b-9c959c99,25,25,53,0,decode,1,1,20603,20604,linear_attention,,,"[1,5120]","[1,5120]","[3,1]","[1,5120]","[1,5120]",False,False,False,,,,0,0,4308581966993391,4308581968509785,
input25_layer54,,,,20260729T050800Z-fx-89687ae2-R032,pra2026-bh408@3d036144-16-32K-row0-greedy1024,3d03614452cd0a925abc82a7686560ff80252dfa,0,rank0,HCU0:TCA23906041001,chatcmpl-bench-7f1746b7-0-9eeec82b-9c959c99,25,25,54,0,decode,1,1,20603,20604,linear_attention,,,"[1,5120]","[1,5120]","[3,1]","[1,5120]","[1,5120]",False,False,False,,,,0,0,4308581970058119,4308581971584073,
input25_layer55,,,,20260729T050800Z-fx-89687ae2-R032,pra2026-bh408@3d036144-16-32K-row0-greedy1024,3d03614452cd0a925abc82a7686560ff80252dfa,0,rank0,HCU0:TCA23906041001,chatcmpl-bench-7f1746b7-0-9eeec82b-9c959c99,25,25,55,0,decode,1,1,20603,20604,full_attention,,,"[1,5120]","[1,5120]","[3,1]","[1,5120]","[1,5120]",False,False,False,,,,0,0,4308581973486031,4308581975388659,
input25_layer56,,,,20260729T050800Z-fx-89687ae2-R032,pra2026-bh408@3d036144-16-32K-row0-greedy1024,3d03614452cd0a925abc82a7686560ff80252dfa,0,rank0,HCU0:TCA23906041001,chatcmpl-bench-7f1746b7-0-9eeec82b-9c959c99,25,25,56,0,decode,1,1,20603,20604,linear_attention,,,"[1,5120]","[1,5120]","[3,1]","[1,5120]","[1,5120]",False,False,False,,,,0,0,4308581976970333,4308581978507658,
input25_layer57,,,,20260729T050800Z-fx-89687ae2-R032,pra2026-bh408@3d036144-16-32K-row0-greedy1024,3d03614452cd0a925abc82a7686560ff80252dfa,0,rank0,HCU0:TCA23906041001,chatcmpl-bench-7f1746b7-0-9eeec82b-9c959c99,25,25,57,0,decode,1,1,20603,20604,linear_attention,,,"[1,5120]","[1,5120]","[3,1]","[1,5120]","[1,5120]",False,False,False,,,,0,0,4308581980119983,4308581981634827,
input25_layer58,,,,20260729T050800Z-fx-89687ae2-R032,pra2026-bh408@3d036144-16-32K-row0-greedy1024,3d03614452cd0a925abc82a7686560ff80252dfa,0,rank0,HCU0:TCA23906041001,chatcmpl-bench-7f1746b7-0-9eeec82b-9c959c99,25,25,58,0,decode,1,1,20603,20604,linear_attention,,,"[1,5120]","[1,5120]","[3,1]","[1,5120]","[1,5120]",False,False,False,,,,0,0,4308581983413493,4308581984937838,
input25_layer59,,,,20260729T050800Z-fx-89687ae2-R032,pra2026-bh408@3d036144-16-32K-row0-greedy1024,3d03614452cd0a925abc82a7686560ff80252dfa,0,rank0,HCU0:TCA23906041001,chatcmpl-bench-7f1746b7-0-9eeec82b-9c959c99,25,25,59,0,decode,1,1,20603,20604,full_attention,,,"[1,5120]","[1,5120]","[3,1]","[1,5120]","[1,5120]",False,False,False,,,,0,0,4308581986502272,4308581988417070,
input25_layer60,,,,20260729T050800Z-fx-89687ae2-R032,pra2026-bh408@3d036144-16-32K-row0-greedy1024,3d03614452cd0a925abc82a7686560ff80252dfa,0,rank0,HCU0:TCA23906041001,chatcmpl-bench-7f1746b7-0-9eeec82b-9c959c99,25,25,60,0,decode,1,1,20603,20604,linear_attention,,,"[1,5120]","[1,5120]","[3,1]","[1,5120]","[1,5120]",False,False,False,,,,0,0,4308581990210277,4308581991717651,
input25_layer61,,,,20260729T050800Z-fx-89687ae2-R032,pra2026-bh408@3d036144-16-32K-row0-greedy1024,3d03614452cd0a925abc82a7686560ff80252dfa,0,rank0,HCU0:TCA23906041001,chatcmpl-bench-7f1746b7-0-9eeec82b-9c959c99,25,25,61,0,decode,1,1,20603,20604,linear_attention,,,"[1,5120]","[1,5120]","[3,1]","[1,5120]","[1,5120]",False,False,False,,,,0,0,4308581993231125,4308581994756379,
input25_layer62,,,,20260729T050800Z-fx-89687ae2-R032,pra2026-bh408@3d036144-16-32K-row0-greedy1024,3d03614452cd0a925abc82a7686560ff80252dfa,0,rank0,HCU0:TCA23906041001,chatcmpl-bench-7f1746b7-0-9eeec82b-9c959c99,25,25,62,0,decode,1,1,20603,20604,linear_attention,,,"[1,5120]","[1,5120]","[3,1]","[1,5120]","[1,5120]",False,False,False,,,,0,0,4308581996345624,4308581997846777,
input25_layer63,,,,20260729T050800Z-fx-89687ae2-R032,pra2026-bh408@3d036144-16-32K-row0-greedy1024,3d03614452cd0a925abc82a7686560ff80252dfa,0,rank0,HCU0:TCA23906041001,chatcmpl-bench-7f1746b7-0-9eeec82b-9c959c99,25,25,63,0,decode,1,1,20603,20604,full_attention,,,"[1,5120]","[1,5120]","[3,1]","[1,5120]","[1,5120]",False,False,False,,,,0,0,4308581999917007,4308582001935656,
input26_layer0,,,,20260729T050800Z-fx-89687ae2-R032,pra2026-bh408@3d036144-16-32K-row0-greedy1024,3d03614452cd0a925abc82a7686560ff80252dfa,0,rank0,HCU0:TCA23906041001,chatcmpl-bench-7f1746b7-0-9eeec82b-9c959c99,26,26,0,0,decode,1,1,20604,20605,linear_attention,,,"[1,5120]",null,"[3,1]","[1,5120]","[1,5120]",False,False,False,,,,0,0,4308582006808881,4308582008504327,
input26_layer1,,,,20260729T050800Z-fx-89687ae2-R032,pra2026-bh408@3d036144-16-32K-row0-greedy1024,3d03614452cd0a925abc82a7686560ff80252dfa,0,rank0,HCU0:TCA23906041001,chatcmpl-bench-7f1746b7-0-9eeec82b-9c959c99,26,26,1,0,decode,1,1,20604,20605,linear_attention,,,"[1,5120]","[1,5120]","[3,1]","[1,5120]","[1,5120]",False,False,False,,,,0,0,4308582010198532,4308582011734237,
input26_layer2,,,,20260729T050800Z-fx-89687ae2-R032,pra2026-bh408@3d036144-16-32K-row0-greedy1024,3d03614452cd0a925abc82a7686560ff80252dfa,0,rank0,HCU0:TCA23906041001,chatcmpl-bench-7f1746b7-0-9eeec82b-9c959c99,26,26,2,0,decode,1,1,20604,20605,linear_attention,,,"[1,5120]","[1,5120]","[3,1]","[1,5120]","[1,5120]",False,False,False,,,,0,0,4308582013335351,4308582014845246,
input26_layer3,,,,20260729T050800Z-fx-89687ae2-R032,pra2026-bh408@3d036144-16-32K-row0-greedy1024,3d03614452cd0a925abc82a7686560ff80252dfa,0,rank0,HCU0:TCA23906041001,chatcmpl-bench-7f1746b7-0-9eeec82b-9c959c99,26,26,3,0,decode,1,1,20604,20605,full_attention,,,"[1,5120]","[1,5120]","[3,1]","[1,5120]","[1,5120]",False,False,False,,,,0,0,4308582016415090,4308582018406919,
input26_layer4,,,,20260729T050800Z-fx-89687ae2-R032,pra2026-bh408@3d036144-16-32K-row0-greedy1024,3d03614452cd0a925abc82a7686560ff80252dfa,0,rank0,HCU0:TCA23906041001,chatcmpl-bench-7f1746b7-0-9eeec82b-9c959c99,26,26,4,0,decode,1,1,20604,20605,linear_attention,,,"[1,5120]","[1,5120]","[3,1]","[1,5120]","[1,5120]",False,False,False,,,,0,0,4308582020347307,4308582021868771,
input26_layer5,,,,20260729T050800Z-fx-89687ae2-R032,pra2026-bh408@3d036144-16-32K-row0-greedy1024,3d03614452cd0a925abc82a7686560ff80252dfa,0,rank0,HCU0:TCA23906041001,chatcmpl-bench-7f1746b7-0-9eeec82b-9c959c99,26,26,5,0,decode,1,1,20604,20605,linear_attention,,,"[1,5120]","[1,5120]","[3,1]","[1,5120]","[1,5120]",False,False,False,,,,0,0,4308582023486466,4308582024994950,
input26_layer6,,,,20260729T050800Z-fx-89687ae2-R032,pra2026-bh408@3d036144-16-32K-row0-greedy1024,3d03614452cd0a925abc82a7686560ff80252dfa,0,rank0,HCU0:TCA23906041001,chatcmpl-bench-7f1746b7-0-9eeec82b-9c959c99,26,26,6,0,decode,1,1,20604,20605,linear_attention,,,"[1,5120]","[1,5120]","[3,1]","[1,5120]","[1,5120]",False,False,False,,,,0,0,4308582026813007,4308582028324851,
input26_layer7,,,,20260729T050800Z-fx-89687ae2-R032,pra2026-bh408@3d036144-16-32K-row0-greedy1024,3d03614452cd0a925abc82a7686560ff80252dfa,0,rank0,HCU0:TCA23906041001,chatcmpl-bench-7f1746b7-0-9eeec82b-9c959c99,26,26,7,0,decode,1,1,20604,20605,full_attention,,,"[1,5120]","[1,5120]","[3,1]","[1,5120]","[1,5120]",False,False,False,,,,0,0,4308582029955706,4308582031874894,
input26_layer8,,,,20260729T050800Z-fx-89687ae2-R032,pra2026-bh408@3d036144-16-32K-row0-greedy1024,3d03614452cd0a925abc82a7686560ff80252dfa,0,rank0,HCU0:TCA23906041001,chatcmpl-bench-7f1746b7-0-9eeec82b-9c959c99,26,26,8,0,decode,1,1,20604,20605,linear_attention,,,"[1,5120]","[1,5120]","[3,1]","[1,5120]","[1,5120]",False,False,False,,,,0,0,4308582033561840,4308582035065343,
input26_layer9,,,,20260729T050800Z-fx-89687ae2-R032,pra2026-bh408@3d036144-16-32K-row0-greedy1024,3d03614452cd0a925abc82a7686560ff80252dfa,0,rank0,HCU0:TCA23906041001,chatcmpl-bench-7f1746b7-0-9eeec82b-9c959c99,26,26,9,0,decode,1,1,20604,20605,linear_attention,,,"[1,5120]","[1,5120]","[3,1]","[1,5120]","[1,5120]",False,False,False,,,,0,0,4308582036668898,4308582038187482,
input26_layer10,,,,20260729T050800Z-fx-89687ae2-R032,pra2026-bh408@3d036144-16-32K-row0-greedy1024,3d03614452cd0a925abc82a7686560ff80252dfa,0,rank0,HCU0:TCA23906041001,chatcmpl-bench-7f1746b7-0-9eeec82b-9c959c99,26,26,10,0,decode,1,1,20604,20605,linear_attention,,,"[1,5120]","[1,5120]","[3,1]","[1,5120]","[1,5120]",False,False,False,,,,0,0,4308582039899818,4308582041425553,
input26_layer11,,,,20260729T050800Z-fx-89687ae2-R032,pra2026-bh408@3d036144-16-32K-row0-greedy1024,3d03614452cd0a925abc82a7686560ff80252dfa,0,rank0,HCU0:TCA23906041001,chatcmpl-bench-7f1746b7-0-9eeec82b-9c959c99,26,26,11,0,decode,1,1,20604,20605,full_attention,,,"[1,5120]","[1,5120]","[3,1]","[1,5120]","[1,5120]",False,False,False,,,,0,0,4308582043472772,4308582045390210,
input26_layer12,,,,20260729T050800Z-fx-89687ae2-R032,pra2026-bh408@3d036144-16-32K-row0-greedy1024,3d03614452cd0a925abc82a7686560ff80252dfa,0,rank0,HCU0:TCA23906041001,chatcmpl-bench-7f1746b7-0-9eeec82b-9c959c99,26,26,12,0,decode,1,1,20604,20605,linear_attention,,,"[1,5120]","[1,5120]","[3,1]","[1,5120]","[1,5120]",False,False,False,,,,0,0,4308582047263767,4308582048767031,
input26_layer13,,,,20260729T050800Z-fx-89687ae2-R032,pra2026-bh408@3d036144-16-32K-row0-greedy1024,3d03614452cd0a925abc82a7686560ff80252dfa,0,rank0,HCU0:TCA23906041001,chatcmpl-bench-7f1746b7-0-9eeec82b-9c959c99,26,26,13,0,decode,1,1,20604,20605,linear_attention,,,"[1,5120]","[1,5120]","[3,1]","[1,5120]","[1,5120]",False,False,False,,,,0,0,4308582051696658,4308582053211252,
input26_layer14,,,,20260729T050800Z-fx-89687ae2-R032,pra2026-bh408@3d036144-16-32K-row0-greedy1024,3d03614452cd0a925abc82a7686560ff80252dfa,0,rank0,HCU0:TCA23906041001,chatcmpl-bench-7f1746b7-0-9eeec82b-9c959c99,26,26,14,0,decode,1,1,20604,20605,linear_attention,,,"[1,5120]","[1,5120]","[3,1]","[1,5120]","[1,5120]",False,False,False,,,,0,0,4308582055341062,4308582056842896,
input26_layer15,,,,20260729T050800Z-fx-89687ae2-R032,pra2026-bh408@3d036144-16-32K-row0-greedy1024,3d03614452cd0a925abc82a7686560ff80252dfa,0,rank0,HCU0:TCA23906041001,chatcmpl-bench-7f1746b7-0-9eeec82b-9c959c99,26,26,15,0,decode,1,1,20604,20605,full_attention,,,"[1,5120]","[1,5120]","[3,1]","[1,5120]","[1,5120]",False,False,False,,,,0,0,4308582058587792,4308582060493840,
input26_layer16,,,,20260729T050800Z-fx-89687ae2-R032,pra2026-bh408@3d036144-16-32K-row0-greedy1024,3d03614452cd0a925abc82a7686560ff80252dfa,0,rank0,HCU0:TCA23906041001,chatcmpl-bench-7f1746b7-0-9eeec82b-9c959c99,26,26,16,0,decode,1,1,20604,20605,linear_attention,,,"[1,5120]","[1,5120]","[3,1]","[1,5120]","[1,5120]",False,False,False,,,,0,0,4308582062670570,4308582064263405,
input26_layer17,,,,20260729T050800Z-fx-89687ae2-R032,pra2026-bh408@3d036144-16-32K-row0-greedy1024,3d03614452cd0a925abc82a7686560ff80252dfa,0,rank0,HCU0:TCA23906041001,chatcmpl-bench-7f1746b7-0-9eeec82b-9c959c99,26,26,17,0,decode,1,1,20604,20605,linear_attention,,,"[1,5120]","[1,5120]","[3,1]","[1,5120]","[1,5120]",False,False,False,,,,0,0,4308582066715618,4308582068259402,
input26_layer18,,,,20260729T050800Z-fx-89687ae2-R032,pra2026-bh408@3d036144-16-32K-row0-greedy1024,3d03614452cd0a925abc82a7686560ff80252dfa,0,rank0,HCU0:TCA23906041001,chatcmpl-bench-7f1746b7-0-9eeec82b-9c959c99,26,26,18,0,decode,1,1,20604,20605,linear_attention,,,"[1,5120]","[1,5120]","[3,1]","[1,5120]","[1,5120]",False,False,False,,,,0,0,4308582069827177,4308582071358601,
input26_layer19,,,,20260729T050800Z-fx-89687ae2-R032,pra2026-bh408@3d036144-16-32K-row0-greedy1024,3d03614452cd0a925abc82a7686560ff80252dfa,0,rank0,HCU0:TCA23906041001,chatcmpl-bench-7f1746b7-0-9eeec82b-9c959c99,26,26,19,0,decode,1,1,20604,20605,full_attention,,,"[1,5120]","[1,5120]","[3,1]","[1,5120]","[1,5120]",False,False,False,,,,0,0,4308582072863425,4308582075006495,
input26_layer20,,,,20260729T050800Z-fx-89687ae2-R032,pra2026-bh408@3d036144-16-32K-row0-greedy1024,3d03614452cd0a925abc82a7686560ff80252dfa,0,rank0,HCU0:TCA23906041001,chatcmpl-bench-7f1746b7-0-9eeec82b-9c959c99,26,26,20,0,decode,1,1,20604,20605,linear_attention,,,"[1,5120]","[1,5120]","[3,1]","[1,5120]","[1,5120]",False,False,False,,,,0,0,4308582076759841,4308582078306256,
input26_layer21,,,,20260729T050800Z-fx-89687ae2-R032,pra2026-bh408@3d036144-16-32K-row0-greedy1024,3d03614452cd0a925abc82a7686560ff80252dfa,0,rank0,HCU0:TCA23906041001,chatcmpl-bench-7f1746b7-0-9eeec82b-9c959c99,26,26,21,0,decode,1,1,20604,20605,linear_attention,,,"[1,5120]","[1,5120]","[3,1]","[1,5120]","[1,5120]",False,False,False,,,,0,0,4308582079678298,4308582081220653,
input26_layer22,,,,20260729T050800Z-fx-89687ae2-R032,pra2026-bh408@3d036144-16-32K-row0-greedy1024,3d03614452cd0a925abc82a7686560ff80252dfa,0,rank0,HCU0:TCA23906041001,chatcmpl-bench-7f1746b7-0-9eeec82b-9c959c99,26,26,22,0,decode,1,1,20604,20605,linear_attention,,,"[1,5120]","[1,5120]","[3,1]","[1,5120]","[1,5120]",False,False,False,,,,0,0,4308582082987559,4308582084521373,
input26_layer23,,,,20260729T050800Z-fx-89687ae2-R032,pra2026-bh408@3d036144-16-32K-row0-greedy1024,3d03614452cd0a925abc82a7686560ff80252dfa,0,rank0,HCU0:TCA23906041001,chatcmpl-bench-7f1746b7-0-9eeec82b-9c959c99,26,26,23,0,decode,1,1,20604,20605,full_attention,,,"[1,5120]","[1,5120]","[3,1]","[1,5120]","[1,5120]",False,False,False,,,,0,0,4308582086142968,4308582088065616,
input26_layer24,,,,20260729T050800Z-fx-89687ae2-R032,pra2026-bh408@3d036144-16-32K-row0-greedy1024,3d03614452cd0a925abc82a7686560ff80252dfa,0,rank0,HCU0:TCA23906041001,chatcmpl-bench-7f1746b7-0-9eeec82b-9c959c99,26,26,24,0,decode,1,1,20604,20605,linear_attention,,,"[1,5120]","[1,5120]","[3,1]","[1,5120]","[1,5120]",False,False,False,,,,0,0,4308582089622881,4308582091141105,
input26_layer25,,,,20260729T050800Z-fx-89687ae2-R032,pra2026-bh408@3d036144-16-32K-row0-greedy1024,3d03614452cd0a925abc82a7686560ff80252dfa,0,rank0,HCU0:TCA23906041001,chatcmpl-bench-7f1746b7-0-9eeec82b-9c959c99,26,26,25,0,decode,1,1,20604,20605,linear_attention,,,"[1,5120]","[1,5120]","[3,1]","[1,5120]","[1,5120]",False,False,False,,,,0,0,4308582092768030,4308582094310934,
input26_layer26,,,,20260729T050800Z-fx-89687ae2-R032,pra2026-bh408@3d036144-16-32K-row0-greedy1024,3d03614452cd0a925abc82a7686560ff80252dfa,0,rank0,HCU0:TCA23906041001,chatcmpl-bench-7f1746b7-0-9eeec82b-9c959c99,26,26,26,0,decode,1,1,20604,20605,linear_attention,,,"[1,5120]","[1,5120]","[3,1]","[1,5120]","[1,5120]",False,False,False,,,,0,0,4308582096033180,4308582097563375,
input26_layer27,,,,20260729T050800Z-fx-89687ae2-R032,pra2026-bh408@3d036144-16-32K-row0-greedy1024,3d03614452cd0a925abc82a7686560ff80252dfa,0,rank0,HCU0:TCA23906041001,chatcmpl-bench-7f1746b7-0-9eeec82b-9c959c99,26,26,27,0,decode,1,1,20604,20605,full_attention,,,"[1,5120]","[1,5120]","[3,1]","[1,5120]","[1,5120]",False,False,False,,,,0,0,4308582099659274,4308582101574792,
input26_layer28,,,,20260729T050800Z-fx-89687ae2-R032,pra2026-bh408@3d036144-16-32K-row0-greedy1024,3d03614452cd0a925abc82a7686560ff80252dfa,0,rank0,HCU0:TCA23906041001,chatcmpl-bench-7f1746b7-0-9eeec82b-9c959c99,26,26,28,0,decode,1,1,20604,20605,linear_attention,,,"[1,5120]","[1,5120]","[3,1]","[1,5120]","[1,5120]",False,False,False,,,,0,0,4308582103473189,4308582104986124,
input26_layer29,,,,20260729T050800Z-fx-89687ae2-R032,pra2026-bh408@3d036144-16-32K-row0-greedy1024,3d03614452cd0a925abc82a7686560ff80252dfa,0,rank0,HCU0:TCA23906041001,chatcmpl-bench-7f1746b7-0-9eeec82b-9c959c99,26,26,29,0,decode,1,1,20604,20605,linear_attention,,,"[1,5120]","[1,5120]","[3,1]","[1,5120]","[1,5120]",False,False,False,,,,0,0,4308582107217104,4308582108730028,
input26_layer30,,,,20260729T050800Z-fx-89687ae2-R032,pra2026-bh408@3d036144-16-32K-row0-greedy1024,3d03614452cd0a925abc82a7686560ff80252dfa,0,rank0,HCU0:TCA23906041001,chatcmpl-bench-7f1746b7-0-9eeec82b-9c959c99,26,26,30,0,decode,1,1,20604,20605,linear_attention,,,"[1,5120]","[1,5120]","[3,1]","[1,5120]","[1,5120]",False,False,False,,,,0,0,4308582110239372,4308582111753236,
input26_layer31,,,,20260729T050800Z-fx-89687ae2-R032,pra2026-bh408@3d036144-16-32K-row0-greedy1024,3d03614452cd0a925abc82a7686560ff80252dfa,0,rank0,HCU0:TCA23906041001,chatcmpl-bench-7f1746b7-0-9eeec82b-9c959c99,26,26,31,0,decode,1,1,20604,20605,full_attention,,,"[1,5120]","[1,5120]","[3,1]","[1,5120]","[1,5120]",False,False,False,,,,0,0,4308582114399101,4308582116316159,
input26_layer32,,,,20260729T050800Z-fx-89687ae2-R032,pra2026-bh408@3d036144-16-32K-row0-greedy1024,3d03614452cd0a925abc82a7686560ff80252dfa,0,rank0,HCU0:TCA23906041001,chatcmpl-bench-7f1746b7-0-9eeec82b-9c959c99,26,26,32,0,decode,1,1,20604,20605,linear_attention,,,"[1,5120]","[1,5120]","[3,1]","[1,5120]","[1,5120]",False,False,False,,,,0,0,4308582117859883,4308582119398378,
input26_layer33,,,,20260729T050800Z-fx-89687ae2-R032,pra2026-bh408@3d036144-16-32K-row0-greedy1024,3d03614452cd0a925abc82a7686560ff80252dfa,0,rank0,HCU0:TCA23906041001,chatcmpl-bench-7f1746b7-0-9eeec82b-9c959c99,26,26,33,0,decode,1,1,20604,20605,linear_attention,,,"[1,5120]","[1,5120]","[3,1]","[1,5120]","[1,5120]",False,False,False,,,,0,0,4308582120972502,4308582122505016,
input26_layer34,,,,20260729T050800Z-fx-89687ae2-R032,pra2026-bh408@3d036144-16-32K-row0-greedy1024,3d03614452cd0a925abc82a7686560ff80252dfa,0,rank0,HCU0:TCA23906041001,chatcmpl-bench-7f1746b7-0-9eeec82b-9c959c99,26,26,34,0,decode,1,1,20604,20605,linear_attention,,,"[1,5120]","[1,5120]","[3,1]","[1,5120]","[1,5120]",False,False,False,,,,0,0,4308582123969750,4308582125488024,
input26_layer35,,,,20260729T050800Z-fx-89687ae2-R032,pra2026-bh408@3d036144-16-32K-row0-greedy1024,3d03614452cd0a925abc82a7686560ff80252dfa,0,rank0,HCU0:TCA23906041001,chatcmpl-bench-7f1746b7-0-9eeec82b-9c959c99,26,26,35,0,decode,1,1,20604,20605,full_attention,,,"[1,5120]","[1,5120]","[3,1]","[1,5120]","[1,5120]",False,False,False,,,,0,0,4308582127219540,4308582129119948,
input26_layer36,,,,20260729T050800Z-fx-89687ae2-R032,pra2026-bh408@3d036144-16-32K-row0-greedy1024,3d03614452cd0a925abc82a7686560ff80252dfa,0,rank0,HCU0:TCA23906041001,chatcmpl-bench-7f1746b7-0-9eeec82b-9c959c99,26,26,36,0,decode,1,1,20604,20605,linear_attention,,,"[1,5120]","[1,5120]","[3,1]","[1,5120]","[1,5120]",False,False,False,,,,0,0,4308582130681572,4308582132204527,
input26_layer37,,,,20260729T050800Z-fx-89687ae2-R032,pra2026-bh408@3d036144-16-32K-row0-greedy1024,3d03614452cd0a925abc82a7686560ff80252dfa,0,rank0,HCU0:TCA23906041001,chatcmpl-bench-7f1746b7-0-9eeec82b-9c959c99,26,26,37,0,decode,1,1,20604,20605,linear_attention,,,"[1,5120]","[1,5120]","[3,1]","[1,5120]","[1,5120]",False,False,False,,,,0,0,4308582133748461,4308582135261205,
input26_layer38,,,,20260729T050800Z-fx-89687ae2-R032,pra2026-bh408@3d036144-16-32K-row0-greedy1024,3d03614452cd0a925abc82a7686560ff80252dfa,0,rank0,HCU0:TCA23906041001,chatcmpl-bench-7f1746b7-0-9eeec82b-9c959c99,26,26,38,0,decode,1,1,20604,20605,linear_attention,,,"[1,5120]","[1,5120]","[3,1]","[1,5120]","[1,5120]",False,False,False,,,,0,0,4308582136765229,4308582138286563,
input26_layer39,,,,20260729T050800Z-fx-89687ae2-R032,pra2026-bh408@3d036144-16-32K-row0-greedy1024,3d03614452cd0a925abc82a7686560ff80252dfa,0,rank0,HCU0:TCA23906041001,chatcmpl-bench-7f1746b7-0-9eeec82b-9c959c99,26,26,39,0,decode,1,1,20604,20605,full_attention,,,"[1,5120]","[1,5120]","[3,1]","[1,5120]","[1,5120]",False,False,False,,,,0,0,4308582140068950,4308582141988818,
input26_layer40,,,,20260729T050800Z-fx-89687ae2-R032,pra2026-bh408@3d036144-16-32K-row0-greedy1024,3d03614452cd0a925abc82a7686560ff80252dfa,0,rank0,HCU0:TCA23906041001,chatcmpl-bench-7f1746b7-0-9eeec82b-9c959c99,26,26,40,0,decode,1,1,20604,20605,linear_attention,,,"[1,5120]","[1,5120]","[3,1]","[1,5120]","[1,5120]",False,False,False,,,,0,0,4308582143544912,4308582145052076,
input26_layer41,,,,20260729T050800Z-fx-89687ae2-R032,pra2026-bh408@3d036144-16-32K-row0-greedy1024,3d03614452cd0a925abc82a7686560ff80252dfa,0,rank0,HCU0:TCA23906041001,chatcmpl-bench-7f1746b7-0-9eeec82b-9c959c99,26,26,41,0,decode,1,1,20604,20605,linear_attention,,,"[1,5120]","[1,5120]","[3,1]","[1,5120]","[1,5120]",False,False,False,,,,0,0,4308582146691031,4308582148203135,
input26_layer42,,,,20260729T050800Z-fx-89687ae2-R032,pra2026-bh408@3d036144-16-32K-row0-greedy1024,3d03614452cd0a925abc82a7686560ff80252dfa,0,rank0,HCU0:TCA23906041001,chatcmpl-bench-7f1746b7-0-9eeec82b-9c959c99,26,26,42,0,decode,1,1,20604,20605,linear_attention,,,"[1,5120]","[1,5120]","[3,1]","[1,5120]","[1,5120]",False,False,False,,,,0,0,4308582149840281,4308582151369185,
input26_layer43,,,,20260729T050800Z-fx-89687ae2-R032,pra2026-bh408@3d036144-16-32K-row0-greedy1024,3d03614452cd0a925abc82a7686560ff80252dfa,0,rank0,HCU0:TCA23906041001,chatcmpl-bench-7f1746b7-0-9eeec82b-9c959c99,26,26,43,0,decode,1,1,20604,20605,full_attention,,,"[1,5120]","[1,5120]","[3,1]","[1,5120]","[1,5120]",False,False,False,,,,0,0,4308582153466704,4308582155371042,
input26_layer44,,,,20260729T050800Z-fx-89687ae2-R032,pra2026-bh408@3d036144-16-32K-row0-greedy1024,3d03614452cd0a925abc82a7686560ff80252dfa,0,rank0,HCU0:TCA23906041001,chatcmpl-bench-7f1746b7-0-9eeec82b-9c959c99,26,26,44,0,decode,1,1,20604,20605,linear_attention,,,"[1,5120]","[1,5120]","[3,1]","[1,5120]","[1,5120]",False,False,False,,,,0,0,4308582156912236,4308582158445191,
input26_layer45,,,,20260729T050800Z-fx-89687ae2-R032,pra2026-bh408@3d036144-16-32K-row0-greedy1024,3d03614452cd0a925abc82a7686560ff80252dfa,0,rank0,HCU0:TCA23906041001,chatcmpl-bench-7f1746b7-0-9eeec82b-9c959c99,26,26,45,0,decode,1,1,20604,20605,linear_attention,,,"[1,5120]","[1,5120]","[3,1]","[1,5120]","[1,5120]",False,False,False,,,,0,0,4308582159875114,4308582161401418,
input26_layer46,,,,20260729T050800Z-fx-89687ae2-R032,pra2026-bh408@3d036144-16-32K-row0-greedy1024,3d03614452cd0a925abc82a7686560ff80252dfa,0,rank0,HCU0:TCA23906041001,chatcmpl-bench-7f1746b7-0-9eeec82b-9c959c99,26,26,46,0,decode,1,1,20604,20605,linear_attention,,,"[1,5120]","[1,5120]","[3,1]","[1,5120]","[1,5120]",False,False,False,,,,0,0,4308582162975863,4308582164489087,
input26_layer47,,,,20260729T050800Z-fx-89687ae2-R032,pra2026-bh408@3d036144-16-32K-row0-greedy1024,3d03614452cd0a925abc82a7686560ff80252dfa,0,rank0,HCU0:TCA23906041001,chatcmpl-bench-7f1746b7-0-9eeec82b-9c959c99,26,26,47,0,decode,1,1,20604,20605,full_attention,,,"[1,5120]","[1,5120]","[3,1]","[1,5120]","[1,5120]",False,False,False,,,,0,0,4308582166132432,4308582168038850,
input26_layer48,,,,20260729T050800Z-fx-89687ae2-R032,pra2026-bh408@3d036144-16-32K-row0-greedy1024,3d03614452cd0a925abc82a7686560ff80252dfa,0,rank0,HCU0:TCA23906041001,chatcmpl-bench-7f1746b7-0-9eeec82b-9c959c99,26,26,48,0,decode,1,1,20604,20605,linear_attention,,,"[1,5120]","[1,5120]","[3,1]","[1,5120]","[1,5120]",False,False,False,,,,0,0,4308582169600664,4308582171124608,
input26_layer49,,,,20260729T050800Z-fx-89687ae2-R032,pra2026-bh408@3d036144-16-32K-row0-greedy1024,3d03614452cd0a925abc82a7686560ff80252dfa,0,rank0,HCU0:TCA23906041001,chatcmpl-bench-7f1746b7-0-9eeec82b-9c959c99,26,26,49,0,decode,1,1,20604,20605,linear_attention,,,"[1,5120]","[1,5120]","[3,1]","[1,5120]","[1,5120]",False,False,False,,,,0,0,4308582172847614,4308582174387719,
input26_layer50,,,,20260729T050800Z-fx-89687ae2-R032,pra2026-bh408@3d036144-16-32K-row0-greedy1024,3d03614452cd0a925abc82a7686560ff80252dfa,0,rank0,HCU0:TCA23906041001,chatcmpl-bench-7f1746b7-0-9eeec82b-9c959c99,26,26,50,0,decode,1,1,20604,20605,linear_attention,,,"[1,5120]","[1,5120]","[3,1]","[1,5120]","[1,5120]",False,False,False,,,,0,0,4308582176148695,4308582177670459,
input26_layer51,,,,20260729T050800Z-fx-89687ae2-R032,pra2026-bh408@3d036144-16-32K-row0-greedy1024,3d03614452cd0a925abc82a7686560ff80252dfa,0,rank0,HCU0:TCA23906041001,chatcmpl-bench-7f1746b7-0-9eeec82b-9c959c99,26,26,51,0,decode,1,1,20604,20605,full_attention,,,"[1,5120]","[1,5120]","[3,1]","[1,5120]","[1,5120]",False,False,False,,,,0,0,4308582179549667,4308582181460134,
input26_layer52,,,,20260729T050800Z-fx-89687ae2-R032,pra2026-bh408@3d036144-16-32K-row0-greedy1024,3d03614452cd0a925abc82a7686560ff80252dfa,0,rank0,HCU0:TCA23906041001,chatcmpl-bench-7f1746b7-0-9eeec82b-9c959c99,26,26,52,0,decode,1,1,20604,20605,linear_attention,,,"[1,5120]","[1,5120]","[3,1]","[1,5120]","[1,5120]",False,False,False,,,,0,0,4308582183237411,4308582184758835,
input26_layer53,,,,20260729T050800Z-fx-89687ae2-R032,pra2026-bh408@3d036144-16-32K-row0-greedy1024,3d03614452cd0a925abc82a7686560ff80252dfa,0,rank0,HCU0:TCA23906041001,chatcmpl-bench-7f1746b7-0-9eeec82b-9c959c99,26,26,53,0,decode,1,1,20604,20605,linear_attention,,,"[1,5120]","[1,5120]","[3,1]","[1,5120]","[1,5120]",False,False,False,,,,0,0,4308582186642593,4308582188151517,
input26_layer54,,,,20260729T050800Z-fx-89687ae2-R032,pra2026-bh408@3d036144-16-32K-row0-greedy1024,3d03614452cd0a925abc82a7686560ff80252dfa,0,rank0,HCU0:TCA23906041001,chatcmpl-bench-7f1746b7-0-9eeec82b-9c959c99,26,26,54,0,decode,1,1,20604,20605,linear_attention,,,"[1,5120]","[1,5120]","[3,1]","[1,5120]","[1,5120]",False,False,False,,,,0,0,4308582189772742,4308582191293386,
input26_layer55,,,,20260729T050800Z-fx-89687ae2-R032,pra2026-bh408@3d036144-16-32K-row0-greedy1024,3d03614452cd0a925abc82a7686560ff80252dfa,0,rank0,HCU0:TCA23906041001,chatcmpl-bench-7f1746b7-0-9eeec82b-9c959c99,26,26,55,0,decode,1,1,20604,20605,full_attention,,,"[1,5120]","[1,5120]","[3,1]","[1,5120]","[1,5120]",False,False,False,,,,0,0,4308582192990082,4308582194911410,
input26_layer56,,,,20260729T050800Z-fx-89687ae2-R032,pra2026-bh408@3d036144-16-32K-row0-greedy1024,3d03614452cd0a925abc82a7686560ff80252dfa,0,rank0,HCU0:TCA23906041001,chatcmpl-bench-7f1746b7-0-9eeec82b-9c959c99,26,26,56,0,decode,1,1,20604,20605,linear_attention,,,"[1,5120]","[1,5120]","[3,1]","[1,5120]","[1,5120]",False,False,False,,,,0,0,4308582196595935,4308582198121289,
input26_layer57,,,,20260729T050800Z-fx-89687ae2-R032,pra2026-bh408@3d036144-16-32K-row0-greedy1024,3d03614452cd0a925abc82a7686560ff80252dfa,0,rank0,HCU0:TCA23906041001,chatcmpl-bench-7f1746b7-0-9eeec82b-9c959c99,26,26,57,0,decode,1,1,20604,20605,linear_attention,,,"[1,5120]","[1,5120]","[3,1]","[1,5120]","[1,5120]",False,False,False,,,,0,0,4308582199830245,4308582201351590,
input26_layer58,,,,20260729T050800Z-fx-89687ae2-R032,pra2026-bh408@3d036144-16-32K-row0-greedy1024,3d03614452cd0a925abc82a7686560ff80252dfa,0,rank0,HCU0:TCA23906041001,chatcmpl-bench-7f1746b7-0-9eeec82b-9c959c99,26,26,58,0,decode,1,1,20604,20605,linear_attention,,,"[1,5120]","[1,5120]","[3,1]","[1,5120]","[1,5120]",False,False,False,,,,0,0,4308582202947764,4308582204461788,
input26_layer59,,,,20260729T050800Z-fx-89687ae2-R032,pra2026-bh408@3d036144-16-32K-row0-greedy1024,3d03614452cd0a925abc82a7686560ff80252dfa,0,rank0,HCU0:TCA23906041001,chatcmpl-bench-7f1746b7-0-9eeec82b-9c959c99,26,26,59,0,decode,1,1,20604,20605,full_attention,,,"[1,5120]","[1,5120]","[3,1]","[1,5120]","[1,5120]",False,False,False,,,,0,0,4308582206034133,4308582207939591,
input26_layer60,,,,20260729T050800Z-fx-89687ae2-R032,pra2026-bh408@3d036144-16-32K-row0-greedy1024,3d03614452cd0a925abc82a7686560ff80252dfa,0,rank0,HCU0:TCA23906041001,chatcmpl-bench-7f1746b7-0-9eeec82b-9c959c99,26,26,60,0,decode,1,1,20604,20605,linear_attention,,,"[1,5120]","[1,5120]","[3,1]","[1,5120]","[1,5120]",False,False,False,,,,0,0,4308582209619306,4308582211132590,
input26_layer61,,,,20260729T050800Z-fx-89687ae2-R032,pra2026-bh408@3d036144-16-32K-row0-greedy1024,3d03614452cd0a925abc82a7686560ff80252dfa,0,rank0,HCU0:TCA23906041001,chatcmpl-bench-7f1746b7-0-9eeec82b-9c959c99,26,26,61,0,decode,1,1,20604,20605,linear_attention,,,"[1,5120]","[1,5120]","[3,1]","[1,5120]","[1,5120]",False,False,False,,,,0,0,4308582212809906,4308582214342570,
input26_layer62,,,,20260729T050800Z-fx-89687ae2-R032,pra2026-bh408@3d036144-16-32K-row0-greedy1024,3d03614452cd0a925abc82a7686560ff80252dfa,0,rank0,HCU0:TCA23906041001,chatcmpl-bench-7f1746b7-0-9eeec82b-9c959c99,26,26,62,0,decode,1,1,20604,20605,linear_attention,,,"[1,5120]","[1,5120]","[3,1]","[1,5120]","[1,5120]",False,False,False,,,,0,0,4308582215950815,4308582217476939,
input26_layer63,,,,20260729T050800Z-fx-89687ae2-R032,pra2026-bh408@3d036144-16-32K-row0-greedy1024,3d03614452cd0a925abc82a7686560ff80252dfa,0,rank0,HCU0:TCA23906041001,chatcmpl-bench-7f1746b7-0-9eeec82b-9c959c99,26,26,63,0,decode,1,1,20604,20605,full_attention,,,"[1,5120]","[1,5120]","[3,1]","[1,5120]","[1,5120]",False,False,False,,,,0,0,4308582219697580,4308582221606558,
input27_layer0,,,,20260729T050800Z-fx-89687ae2-R032,pra2026-bh408@3d036144-16-32K-row0-greedy1024,3d03614452cd0a925abc82a7686560ff80252dfa,0,rank0,HCU0:TCA23906041001,chatcmpl-bench-7f1746b7-0-9eeec82b-9c959c99,27,27,0,0,decode,1,1,20605,20606,linear_attention,,,"[1,5120]",null,"[3,1]","[1,5120]","[1,5120]",False,False,False,,,,0,0,4308582227114229,4308582228815605,
input27_layer1,,,,20260729T050800Z-fx-89687ae2-R032,pra2026-bh408@3d036144-16-32K-row0-greedy1024,3d03614452cd0a925abc82a7686560ff80252dfa,0,rank0,HCU0:TCA23906041001,chatcmpl-bench-7f1746b7-0-9eeec82b-9c959c99,27,27,1,0,decode,1,1,20605,20606,linear_attention,,,"[1,5120]","[1,5120]","[3,1]","[1,5120]","[1,5120]",False,False,False,,,,0,0,4308582230504971,4308582232031795,
input27_layer2,,,,20260729T050800Z-fx-89687ae2-R032,pra2026-bh408@3d036144-16-32K-row0-greedy1024,3d03614452cd0a925abc82a7686560ff80252dfa,0,rank0,HCU0:TCA23906041001,chatcmpl-bench-7f1746b7-0-9eeec82b-9c959c99,27,27,2,0,decode,1,1,20605,20606,linear_attention,,,"[1,5120]","[1,5120]","[3,1]","[1,5120]","[1,5120]",False,False,False,,,,0,0,4308582233589459,4308582235099823,
input27_layer3,,,,20260729T050800Z-fx-89687ae2-R032,pra2026-bh408@3d036144-16-32K-row0-greedy1024,3d03614452cd0a925abc82a7686560ff80252dfa,0,rank0,HCU0:TCA23906041001,chatcmpl-bench-7f1746b7-0-9eeec82b-9c959c99,27,27,3,0,decode,1,1,20605,20606,full_attention,,,"[1,5120]","[1,5120]","[3,1]","[1,5120]","[1,5120]",False,False,False,,,,0,0,4308582236696728,4308582238671606,
input27_layer4,,,,20260729T050800Z-fx-89687ae2-R032,pra2026-bh408@3d036144-16-32K-row0-greedy1024,3d03614452cd0a925abc82a7686560ff80252dfa,0,rank0,HCU0:TCA23906041001,chatcmpl-bench-7f1746b7-0-9eeec82b-9c959c99,27,27,4,0,decode,1,1,20605,20606,linear_attention,,,"[1,5120]","[1,5120]","[3,1]","[1,5120]","[1,5120]",False,False,False,,,,0,0,4308582240846207,4308582242372721,
input27_layer5,,,,20260729T050800Z-fx-89687ae2-R032,pra2026-bh408@3d036144-16-32K-row0-greedy1024,3d03614452cd0a925abc82a7686560ff80252dfa,0,rank0,HCU0:TCA23906041001,chatcmpl-bench-7f1746b7-0-9eeec82b-9c959c99,27,27,5,0,decode,1,1,20605,20606,linear_attention,,,"[1,5120]","[1,5120]","[3,1]","[1,5120]","[1,5120]",False,False,False,,,,0,0,4308582243897185,4308582245420899,
input27_layer6,,,,20260729T050800Z-fx-89687ae2-R032,pra2026-bh408@3d036144-16-32K-row0-greedy1024,3d03614452cd0a925abc82a7686560ff80252dfa,0,rank0,HCU0:TCA23906041001,chatcmpl-bench-7f1746b7-0-9eeec82b-9c959c99,27,27,6,0,decode,1,1,20605,20606,linear_attention,,,"[1,5120]","[1,5120]","[3,1]","[1,5120]","[1,5120]",False,False,False,,,,0,0,4308582246928393,4308582248441717,
input27_layer7,,,,20260729T050800Z-fx-89687ae2-R032,pra2026-bh408@3d036144-16-32K-row0-greedy1024,3d03614452cd0a925abc82a7686560ff80252dfa,0,rank0,HCU0:TCA23906041001,chatcmpl-bench-7f1746b7-0-9eeec82b-9c959c99,27,27,7,0,decode,1,1,20605,20606,full_attention,,,"[1,5120]","[1,5120]","[3,1]","[1,5120]","[1,5120]",False,False,False,,,,0,0,4308582250052212,4308582251960600,
input27_layer8,,,,20260729T050800Z-fx-89687ae2-R032,pra2026-bh408@3d036144-16-32K-row0-greedy1024,3d03614452cd0a925abc82a7686560ff80252dfa,0,rank0,HCU0:TCA23906041001,chatcmpl-bench-7f1746b7-0-9eeec82b-9c959c99,27,27,8,0,decode,1,1,20605,20606,linear_attention,,,"[1,5120]","[1,5120]","[3,1]","[1,5120]","[1,5120]",False,False,False,,,,0,0,4308582253737846,4308582255263221,
input27_layer9,,,,20260729T050800Z-fx-89687ae2-R032,pra2026-bh408@3d036144-16-32K-row0-greedy1024,3d03614452cd0a925abc82a7686560ff80252dfa,0,rank0,HCU0:TCA23906041001,chatcmpl-bench-7f1746b7-0-9eeec82b-9c959c99,27,27,9,0,decode,1,1,20605,20606,linear_attention,,,"[1,5120]","[1,5120]","[3,1]","[1,5120]","[1,5120]",False,False,False,,,,0,0,4308582257083908,4308582258596792,
input27_layer10,,,,20260729T050800Z-fx-89687ae2-R032,pra2026-bh408@3d036144-16-32K-row0-greedy1024,3d03614452cd0a925abc82a7686560ff80252dfa,0,rank0,HCU0:TCA23906041001,chatcmpl-bench-7f1746b7-0-9eeec82b-9c959c99,27,27,10,0,decode,1,1,20605,20606,linear_attention,,,"[1,5120]","[1,5120]","[3,1]","[1,5120]","[1,5120]",False,False,False,,,,0,0,4308582260597210,4308582262113884,
input27_layer11,,,,20260729T050800Z-fx-89687ae2-R032,pra2026-bh408@3d036144-16-32K-row0-greedy1024,3d03614452cd0a925abc82a7686560ff80252dfa,0,rank0,HCU0:TCA23906041001,chatcmpl-bench-7f1746b7-0-9eeec82b-9c959c99,27,27,11,0,decode,1,1,20605,20606,full_attention,,,"[1,5120]","[1,5120]","[3,1]","[1,5120]","[1,5120]",False,False,False,,,,0,0,4308582263624758,4308582265530786,
input27_layer12,,,,20260729T050800Z-fx-89687ae2-R032,pra2026-bh408@3d036144-16-32K-row0-greedy1024,3d03614452cd0a925abc82a7686560ff80252dfa,0,rank0,HCU0:TCA23906041001,chatcmpl-bench-7f1746b7-0-9eeec82b-9c959c99,27,27,12,0,decode,1,1,20605,20606,linear_attention,,,"[1,5120]","[1,5120]","[3,1]","[1,5120]","[1,5120]",False,False,False,,,,0,0,4308582267181361,4308582268700496,
input27_layer13,,,,20260729T050800Z-fx-89687ae2-R032,pra2026-bh408@3d036144-16-32K-row0-greedy1024,3d03614452cd0a925abc82a7686560ff80252dfa,0,rank0,HCU0:TCA23906041001,chatcmpl-bench-7f1746b7-0-9eeec82b-9c959c99,27,27,13,0,decode,1,1,20605,20606,linear_attention,,,"[1,5120]","[1,5120]","[3,1]","[1,5120]","[1,5120]",False,False,False,,,,0,0,4308582270630274,4308582272159748,
input27_layer14,,,,20260729T050800Z-fx-89687ae2-R032,pra2026-bh408@3d036144-16-32K-row0-greedy1024,3d03614452cd0a925abc82a7686560ff80252dfa,0,rank0,HCU0:TCA23906041001,chatcmpl-bench-7f1746b7-0-9eeec82b-9c959c99,27,27,14,0,decode,1,1,20605,20606,linear_attention,,,"[1,5120]","[1,5120]","[3,1]","[1,5120]","[1,5120]",False,False,False,,,,0,0,4308582273598081,4308582275269107,
input27_layer15,,,,20260729T050800Z-fx-89687ae2-R032,pra2026-bh408@3d036144-16-32K-row0-greedy1024,3d03614452cd0a925abc82a7686560ff80252dfa,0,rank0,HCU0:TCA23906041001,chatcmpl-bench-7f1746b7-0-9eeec82b-9c959c99,27,27,15,0,decode,1,1,20605,20606,full_attention,,,"[1,5120]","[1,5120]","[3,1]","[1,5120]","[1,5120]",False,False,False,,,,0,0,4308582276915052,4308582278840000,
input27_layer16,,,,20260729T050800Z-fx-89687ae2-R032,pra2026-bh408@3d036144-16-32K-row0-greedy1024,3d03614452cd0a925abc82a7686560ff80252dfa,0,rank0,HCU0:TCA23906041001,chatcmpl-bench-7f1746b7-0-9eeec82b-9c959c99,27,27,16,0,decode,1,1,20605,20606,linear_attention,,,"[1,5120]","[1,5120]","[3,1]","[1,5120]","[1,5120]",False,False,False,,,,0,0,4308582280573506,4308582282097120,
input27_layer17,,,,20260729T050800Z-fx-89687ae2-R032,pra2026-bh408@3d036144-16-32K-row0-greedy1024,3d03614452cd0a925abc82a7686560ff80252dfa,0,rank0,HCU0:TCA23906041001,chatcmpl-bench-7f1746b7-0-9eeec82b-9c959c99,27,27,17,0,decode,1,1,20605,20606,linear_attention,,,"[1,5120]","[1,5120]","[3,1]","[1,5120]","[1,5120]",False,False,False,,,,0,0,4308582283643594,4308582285179279,
input27_layer18,,,,20260729T050800Z-fx-89687ae2-R032,pra2026-bh408@3d036144-16-32K-row0-greedy1024,3d03614452cd0a925abc82a7686560ff80252dfa,0,rank0,HCU0:TCA23906041001,chatcmpl-bench-7f1746b7-0-9eeec82b-9c959c99,27,27,18,0,decode,1,1,20605,20606,linear_attention,,,"[1,5120]","[1,5120]","[3,1]","[1,5120]","[1,5120]",False,False,False,,,,0,0,4308582286674223,4308582288192637,
input27_layer19,,,,20260729T050800Z-fx-89687ae2-R032,pra2026-bh408@3d036144-16-32K-row0-greedy1024,3d03614452cd0a925abc82a7686560ff80252dfa,0,rank0,HCU0:TCA23906041001,chatcmpl-bench-7f1746b7-0-9eeec82b-9c959c99,27,27,19,0,decode,1,1,20605,20606,full_attention,,,"[1,5120]","[1,5120]","[3,1]","[1,5120]","[1,5120]",False,False,False,,,,0,0,4308582289691071,4308582291618069,
input27_layer20,,,,20260729T050800Z-fx-89687ae2-R032,pra2026-bh408@3d036144-16-32K-row0-greedy1024,3d03614452cd0a925abc82a7686560ff80252dfa,0,rank0,HCU0:TCA23906041001,chatcmpl-bench-7f1746b7-0-9eeec82b-9c959c99,27,27,20,0,decode,1,1,20605,20606,linear_attention,,,"[1,5120]","[1,5120]","[3,1]","[1,5120]","[1,5120]",False,False,False,,,,0,0,4308582293010132,4308582294548726,
input27_layer21,,,,20260729T050800Z-fx-89687ae2-R032,pra2026-bh408@3d036144-16-32K-row0-greedy1024,3d03614452cd0a925abc82a7686560ff80252dfa,0,rank0,HCU0:TCA23906041001,chatcmpl-bench-7f1746b7-0-9eeec82b-9c959c99,27,27,21,0,decode,1,1,20605,20606,linear_attention,,,"[1,5120]","[1,5120]","[3,1]","[1,5120]","[1,5120]",False,False,False,,,,0,0,4308582296046370,4308582297557324,
input27_layer22,,,,20260729T050800Z-fx-89687ae2-R032,pra2026-bh408@3d036144-16-32K-row0-greedy1024,3d03614452cd0a925abc82a7686560ff80252dfa,0,rank0,HCU0:TCA23906041001,chatcmpl-bench-7f1746b7-0-9eeec82b-9c959c99,27,27,22,0,decode,1,1,20605,20606,linear_attention,,,"[1,5120]","[1,5120]","[3,1]","[1,5120]","[1,5120]",False,False,False,,,,0,0,4308582299237639,4308582300749424,
input27_layer23,,,,20260729T050800Z-fx-89687ae2-R032,pra2026-bh408@3d036144-16-32K-row0-greedy1024,3d03614452cd0a925abc82a7686560ff80252dfa,0,rank0,HCU0:TCA23906041001,chatcmpl-bench-7f1746b7-0-9eeec82b-9c959c99,27,27,23,0,decode,1,1,20605,20606,full_attention,,,"[1,5120]","[1,5120]","[3,1]","[1,5120]","[1,5120]",False,False,False,,,,0,0,4308582302536610,4308582304469068,
input27_layer24,,,,20260729T050800Z-fx-89687ae2-R032,pra2026-bh408@3d036144-16-32K-row0-greedy1024,3d03614452cd0a925abc82a7686560ff80252dfa,0,rank0,HCU0:TCA23906041001,chatcmpl-bench-7f1746b7-0-9eeec82b-9c959c99,27,27,24,0,decode,1,1,20605,20606,linear_attention,,,"[1,5120]","[1,5120]","[3,1]","[1,5120]","[1,5120]",False,False,False,,,,0,0,4308582306024203,4308582307568407,
input27_layer25,,,,20260729T050800Z-fx-89687ae2-R032,pra2026-bh408@3d036144-16-32K-row0-greedy1024,3d03614452cd0a925abc82a7686560ff80252dfa,0,rank0,HCU0:TCA23906041001,chatcmpl-bench-7f1746b7-0-9eeec82b-9c959c99,27,27,25,0,decode,1,1,20605,20606,linear_attention,,,"[1,5120]","[1,5120]","[3,1]","[1,5120]","[1,5120]",False,False,False,,,,0,0,4308582309026231,4308582310553665,
input27_layer26,,,,20260729T050800Z-fx-89687ae2-R032,pra2026-bh408@3d036144-16-32K-row0-greedy1024,3d03614452cd0a925abc82a7686560ff80252dfa,0,rank0,HCU0:TCA23906041001,chatcmpl-bench-7f1746b7-0-9eeec82b-9c959c99,27,27,26,0,decode,1,1,20605,20606,linear_attention,,,"[1,5120]","[1,5120]","[3,1]","[1,5120]","[1,5120]",False,False,False,,,,0,0,4308582312042439,4308582313558653,
input27_layer27,,,,20260729T050800Z-fx-89687ae2-R032,pra2026-bh408@3d036144-16-32K-row0-greedy1024,3d03614452cd0a925abc82a7686560ff80252dfa,0,rank0,HCU0:TCA23906041001,chatcmpl-bench-7f1746b7-0-9eeec82b-9c959c99,27,27,27,0,decode,1,1,20605,20606,full_attention,,,"[1,5120]","[1,5120]","[3,1]","[1,5120]","[1,5120]",False,False,False,,,,0,0,4308582315133747,4308582317035805,
input27_layer28,,,,20260729T050800Z-fx-89687ae2-R032,pra2026-bh408@3d036144-16-32K-row0-greedy1024,3d03614452cd0a925abc82a7686560ff80252dfa,0,rank0,HCU0:TCA23906041001,chatcmpl-bench-7f1746b7-0-9eeec82b-9c959c99,27,27,28,0,decode,1,1,20605,20606,linear_attention,,,"[1,5120]","[1,5120]","[3,1]","[1,5120]","[1,5120]",False,False,False,,,,0,0,4308582318743111,4308582320270085,
input27_layer29,,,,20260729T050800Z-fx-89687ae2-R032,pra2026-bh408@3d036144-16-32K-row0-greedy1024,3d03614452cd0a925abc82a7686560ff80252dfa,0,rank0,HCU0:TCA23906041001,chatcmpl-bench-7f1746b7-0-9eeec82b-9c959c99,27,27,29,0,decode,1,1,20605,20606,linear_attention,,,"[1,5120]","[1,5120]","[3,1]","[1,5120]","[1,5120]",False,False,False,,,,0,0,4308582322040491,4308582323568046,
input27_layer30,,,,20260729T050800Z-fx-89687ae2-R032,pra2026-bh408@3d036144-16-32K-row0-greedy1024,3d03614452cd0a925abc82a7686560ff80252dfa,0,rank0,HCU0:TCA23906041001,chatcmpl-bench-7f1746b7-0-9eeec82b-9c959c99,27,27,30,0,decode,1,1,20605,20606,linear_attention,,,"[1,5120]","[1,5120]","[3,1]","[1,5120]","[1,5120]",False,False,False,,,,0,0,4308582325340812,4308582326856766,
input27_layer31,,,,20260729T050800Z-fx-89687ae2-R032,pra2026-bh408@3d036144-16-32K-row0-greedy1024,3d03614452cd0a925abc82a7686560ff80252dfa,0,rank0,HCU0:TCA23906041001,chatcmpl-bench-7f1746b7-0-9eeec82b-9c959c99,27,27,31,0,decode,1,1,20605,20606,full_attention,,,"[1,5120]","[1,5120]","[3,1]","[1,5120]","[1,5120]",False,False,False,,,,0,0,4308582328537582,4308582330463610,
input27_layer32,,,,20260729T050800Z-fx-89687ae2-R032,pra2026-bh408@3d036144-16-32K-row0-greedy1024,3d03614452cd0a925abc82a7686560ff80252dfa,0,rank0,HCU0:TCA23906041001,chatcmpl-bench-7f1746b7-0-9eeec82b-9c959c99,27,27,32,0,decode,1,1,20605,20606,linear_attention,,,"[1,5120]","[1,5120]","[3,1]","[1,5120]","[1,5120]",False,False,False,,,,0,0,4308582332168436,4308582333682380,
input27_layer33,,,,20260729T050800Z-fx-89687ae2-R032,pra2026-bh408@3d036144-16-32K-row0-greedy1024,3d03614452cd0a925abc82a7686560ff80252dfa,0,rank0,HCU0:TCA23906041001,chatcmpl-bench-7f1746b7-0-9eeec82b-9c959c99,27,27,33,0,decode,1,1,20605,20606,linear_attention,,,"[1,5120]","[1,5120]","[3,1]","[1,5120]","[1,5120]",False,False,False,,,,0,0,4308582335449846,4308582336957090,
input27_layer34,,,,20260729T050800Z-fx-89687ae2-R032,pra2026-bh408@3d036144-16-32K-row0-greedy1024,3d03614452cd0a925abc82a7686560ff80252dfa,0,rank0,HCU0:TCA23906041001,chatcmpl-bench-7f1746b7-0-9eeec82b-9c959c99,27,27,34,0,decode,1,1,20605,20606,linear_attention,,,"[1,5120]","[1,5120]","[3,1]","[1,5120]","[1,5120]",False,False,False,,,,0,0,4308582338888268,4308582340406842,
input27_layer35,,,,20260729T050800Z-fx-89687ae2-R032,pra2026-bh408@3d036144-16-32K-row0-greedy1024,3d03614452cd0a925abc82a7686560ff80252dfa,0,rank0,HCU0:TCA23906041001,chatcmpl-bench-7f1746b7-0-9eeec82b-9c959c99,27,27,35,0,decode,1,1,20605,20606,full_attention,,,"[1,5120]","[1,5120]","[3,1]","[1,5120]","[1,5120]",False,False,False,,,,0,0,4308582342072388,4308582343988076,
input27_layer36,,,,20260729T050800Z-fx-89687ae2-R032,pra2026-bh408@3d036144-16-32K-row0-greedy1024,3d03614452cd0a925abc82a7686560ff80252dfa,0,rank0,HCU0:TCA23906041001,chatcmpl-bench-7f1746b7-0-9eeec82b-9c959c99,27,27,36,0,decode,1,1,20605,20606,linear_attention,,,"[1,5120]","[1,5120]","[3,1]","[1,5120]","[1,5120]",False,False,False,,,,0,0,4308582345784692,4308582347323927,
input27_layer37,,,,20260729T050800Z-fx-89687ae2-R032,pra2026-bh408@3d036144-16-32K-row0-greedy1024,3d03614452cd0a925abc82a7686560ff80252dfa,0,rank0,HCU0:TCA23906041001,chatcmpl-bench-7f1746b7-0-9eeec82b-9c959c99,27,27,37,0,decode,1,1,20605,20606,linear_attention,,,"[1,5120]","[1,5120]","[3,1]","[1,5120]","[1,5120]",False,False,False,,,,0,0,4308582349222804,4308582350754458,
input27_layer38,,,,20260729T050800Z-fx-89687ae2-R032,pra2026-bh408@3d036144-16-32K-row0-greedy1024,3d03614452cd0a925abc82a7686560ff80252dfa,0,rank0,HCU0:TCA23906041001,chatcmpl-bench-7f1746b7-0-9eeec82b-9c959c99,27,27,38,0,decode,1,1,20605,20606,linear_attention,,,"[1,5120]","[1,5120]","[3,1]","[1,5120]","[1,5120]",False,False,False,,,,0,0,4308582352412664,4308582353927358,
input27_layer39,,,,20260729T050800Z-fx-89687ae2-R032,pra2026-bh408@3d036144-16-32K-row0-greedy1024,3d03614452cd0a925abc82a7686560ff80252dfa,0,rank0,HCU0:TCA23906041001,chatcmpl-bench-7f1746b7-0-9eeec82b-9c959c99,27,27,39,0,decode,1,1,20605,20606,full_attention,,,"[1,5120]","[1,5120]","[3,1]","[1,5120]","[1,5120]",False,False,False,,,,0,0,4308582355711144,4308582357623232,
input27_layer40,,,,20260729T050800Z-fx-89687ae2-R032,pra2026-bh408@3d036144-16-32K-row0-greedy1024,3d03614452cd0a925abc82a7686560ff80252dfa,0,rank0,HCU0:TCA23906041001,chatcmpl-bench-7f1746b7-0-9eeec82b-9c959c99,27,27,40,0,decode,1,1,20605,20606,linear_attention,,,"[1,5120]","[1,5120]","[3,1]","[1,5120]","[1,5120]",False,False,False,,,,0,0,4308582359559000,4308582361078354,
input27_layer41,,,,20260729T050800Z-fx-89687ae2-R032,pra2026-bh408@3d036144-16-32K-row0-greedy1024,3d03614452cd0a925abc82a7686560ff80252dfa,0,rank0,HCU0:TCA23906041001,chatcmpl-bench-7f1746b7-0-9eeec82b-9c959c99,27,27,41,0,decode,1,1,20605,20606,linear_attention,,,"[1,5120]","[1,5120]","[3,1]","[1,5120]","[1,5120]",False,False,False,,,,0,0,4308582362739300,4308582364264464,
input27_layer42,,,,20260729T050800Z-fx-89687ae2-R032,pra2026-bh408@3d036144-16-32K-row0-greedy1024,3d03614452cd0a925abc82a7686560ff80252dfa,0,rank0,HCU0:TCA23906041001,chatcmpl-bench-7f1746b7-0-9eeec82b-9c959c99,27,27,42,0,decode,1,1,20605,20606,linear_attention,,,"[1,5120]","[1,5120]","[3,1]","[1,5120]","[1,5120]",False,False,False,,,,0,0,4308582366319903,4308582367841777,
input27_layer43,,,,20260729T050800Z-fx-89687ae2-R032,pra2026-bh408@3d036144-16-32K-row0-greedy1024,3d03614452cd0a925abc82a7686560ff80252dfa,0,rank0,HCU0:TCA23906041001,chatcmpl-bench-7f1746b7-0-9eeec82b-9c959c99,27,27,43,0,decode,1,1,20605,20606,full_attention,,,"[1,5120]","[1,5120]","[3,1]","[1,5120]","[1,5120]",False,False,False,,,,0,0,4308582369607154,4308582371514371,
input27_layer44,,,,20260729T050800Z-fx-89687ae2-R032,pra2026-bh408@3d036144-16-32K-row0-greedy1024,3d03614452cd0a925abc82a7686560ff80252dfa,0,rank0,HCU0:TCA23906041001,chatcmpl-bench-7f1746b7-0-9eeec82b-9c959c99,27,27,44,0,decode,1,1,20605,20606,linear_attention,,,"[1,5120]","[1,5120]","[3,1]","[1,5120]","[1,5120]",False,False,False,,,,0,0,4308582373304678,4308582374820782,
input27_layer45,,,,20260729T050800Z-fx-89687ae2-R032,pra2026-bh408@3d036144-16-32K-row0-greedy1024,3d03614452cd0a925abc82a7686560ff80252dfa,0,rank0,HCU0:TCA23906041001,chatcmpl-bench-7f1746b7-0-9eeec82b-9c959c99,27,27,45,0,decode,1,1,20605,20606,linear_attention,,,"[1,5120]","[1,5120]","[3,1]","[1,5120]","[1,5120]",False,False,False,,,,0,0,4308582376745680,4308582378274064,
input27_layer46,,,,20260729T050800Z-fx-89687ae2-R032,pra2026-bh408@3d036144-16-32K-row0-greedy1024,3d03614452cd0a925abc82a7686560ff80252dfa,0,rank0,HCU0:TCA23906041001,chatcmpl-bench-7f1746b7-0-9eeec82b-9c959c99,27,27,46,0,decode,1,1,20605,20606,linear_attention,,,"[1,5120]","[1,5120]","[3,1]","[1,5120]","[1,5120]",False,False,False,,,,0,0,4308582380078711,4308582381585465,
input27_layer47,,,,20260729T050800Z-fx-89687ae2-R032,pra2026-bh408@3d036144-16-32K-row0-greedy1024,3d03614452cd0a925abc82a7686560ff80252dfa,0,rank0,HCU0:TCA23906041001,chatcmpl-bench-7f1746b7-0-9eeec82b-9c959c99,27,27,47,0,decode,1,1,20605,20606,full_attention,,,"[1,5120]","[1,5120]","[3,1]","[1,5120]","[1,5120]",False,False,False,,,,0,0,4308582383226480,4308582385128898,
input27_layer48,,,,20260729T050800Z-fx-89687ae2-R032,pra2026-bh408@3d036144-16-32K-row0-greedy1024,3d03614452cd0a925abc82a7686560ff80252dfa,0,rank0,HCU0:TCA23906041001,chatcmpl-bench-7f1746b7-0-9eeec82b-9c959c99,27,27,48,0,decode,1,1,20605,20606,linear_attention,,,"[1,5120]","[1,5120]","[3,1]","[1,5120]","[1,5120]",False,False,False,,,,0,0,4308582386879444,4308582388404378,
input27_layer49,,,,20260729T050800Z-fx-89687ae2-R032,pra2026-bh408@3d036144-16-32K-row0-greedy1024,3d03614452cd0a925abc82a7686560ff80252dfa,0,rank0,HCU0:TCA23906041001,chatcmpl-bench-7f1746b7-0-9eeec82b-9c959c99,27,27,49,0,decode,1,1,20605,20606,linear_attention,,,"[1,5120]","[1,5120]","[3,1]","[1,5120]","[1,5120]",False,False,False,,,,0,0,4308582389953883,4308582391471217,
input27_layer50,,,,20260729T050800Z-fx-89687ae2-R032,pra2026-bh408@3d036144-16-32K-row0-greedy1024,3d03614452cd0a925abc82a7686560ff80252dfa,0,rank0,HCU0:TCA23906041001,chatcmpl-bench-7f1746b7-0-9eeec82b-9c959c99,27,27,50,0,decode,1,1,20605,20606,linear_attention,,,"[1,5120]","[1,5120]","[3,1]","[1,5120]","[1,5120]",False,False,False,,,,0,0,4308582392961531,4308582394477435,
input27_layer51,,,,20260729T050800Z-fx-89687ae2-R032,pra2026-bh408@3d036144-16-32K-row0-greedy1024,3d03614452cd0a925abc82a7686560ff80252dfa,0,rank0,HCU0:TCA23906041001,chatcmpl-bench-7f1746b7-0-9eeec82b-9c959c99,27,27,51,0,decode,1,1,20605,20606,full_attention,,,"[1,5120]","[1,5120]","[3,1]","[1,5120]","[1,5120]",False,False,False,,,,0,0,4308582396074330,4308582397991728,
input27_layer52,,,,20260729T050800Z-fx-89687ae2-R032,pra2026-bh408@3d036144-16-32K-row0-greedy1024,3d03614452cd0a925abc82a7686560ff80252dfa,0,rank0,HCU0:TCA23906041001,chatcmpl-bench-7f1746b7-0-9eeec82b-9c959c99,27,27,52,0,decode,1,1,20605,20606,linear_attention,,,"[1,5120]","[1,5120]","[3,1]","[1,5120]","[1,5120]",False,False,False,,,,0,0,4308582399748244,4308582401271458,
input27_layer53,,,,20260729T050800Z-fx-89687ae2-R032,pra2026-bh408@3d036144-16-32K-row0-greedy1024,3d03614452cd0a925abc82a7686560ff80252dfa,0,rank0,HCU0:TCA23906041001,chatcmpl-bench-7f1746b7-0-9eeec82b-9c959c99,27,27,53,0,decode,1,1,20605,20606,linear_attention,,,"[1,5120]","[1,5120]","[3,1]","[1,5120]","[1,5120]",False,False,False,,,,0,0,4308582403019144,4308582404532868,
input27_layer54,,,,20260729T050800Z-fx-89687ae2-R032,pra2026-bh408@3d036144-16-32K-row0-greedy1024,3d03614452cd0a925abc82a7686560ff80252dfa,0,rank0,HCU0:TCA23906041001,chatcmpl-bench-7f1746b7-0-9eeec82b-9c959c99,27,27,54,0,decode,1,1,20605,20606,linear_attention,,,"[1,5120]","[1,5120]","[3,1]","[1,5120]","[1,5120]",False,False,False,,,,0,0,4308582406398306,4308582407890920,
input27_layer55,,,,20260729T050800Z-fx-89687ae2-R032,pra2026-bh408@3d036144-16-32K-row0-greedy1024,3d03614452cd0a925abc82a7686560ff80252dfa,0,rank0,HCU0:TCA23906041001,chatcmpl-bench-7f1746b7-0-9eeec82b-9c959c99,27,27,55,0,decode,1,1,20605,20606,full_attention,,,"[1,5120]","[1,5120]","[3,1]","[1,5120]","[1,5120]",False,False,False,,,,0,0,4308582410338102,4308582412221150,
input27_layer56,,,,20260729T050800Z-fx-89687ae2-R032,pra2026-bh408@3d036144-16-32K-row0-greedy1024,3d03614452cd0a925abc82a7686560ff80252dfa,0,rank0,HCU0:TCA23906041001,chatcmpl-bench-7f1746b7-0-9eeec82b-9c959c99,27,27,56,0,decode,1,1,20605,20606,linear_attention,,,"[1,5120]","[1,5120]","[3,1]","[1,5120]","[1,5120]",False,False,False,,,,0,0,4308582413816125,4308582415333509,
input27_layer57,,,,20260729T050800Z-fx-89687ae2-R032,pra2026-bh408@3d036144-16-32K-row0-greedy1024,3d03614452cd0a925abc82a7686560ff80252dfa,0,rank0,HCU0:TCA23906041001,chatcmpl-bench-7f1746b7-0-9eeec82b-9c959c99,27,27,57,0,decode,1,1,20605,20606,linear_attention,,,"[1,5120]","[1,5120]","[3,1]","[1,5120]","[1,5120]",False,False,False,,,,0,0,4308582416966384,4308582418480588,
input27_layer58,,,,20260729T050800Z-fx-89687ae2-R032,pra2026-bh408@3d036144-16-32K-row0-greedy1024,3d03614452cd0a925abc82a7686560ff80252dfa,0,rank0,HCU0:TCA23906041001,chatcmpl-bench-7f1746b7-0-9eeec82b-9c959c99,27,27,58,0,decode,1,1,20605,20606,linear_attention,,,"[1,5120]","[1,5120]","[3,1]","[1,5120]","[1,5120]",False,False,False,,,,0,0,4308582419940812,4308582421462386,
input27_layer59,,,,20260729T050800Z-fx-89687ae2-R032,pra2026-bh408@3d036144-16-32K-row0-greedy1024,3d03614452cd0a925abc82a7686560ff80252dfa,0,rank0,HCU0:TCA23906041001,chatcmpl-bench-7f1746b7-0-9eeec82b-9c959c99,27,27,59,0,decode,1,1,20605,20606,full_attention,,,"[1,5120]","[1,5120]","[3,1]","[1,5120]","[1,5120]",False,False,False,,,,0,0,4308582423001040,4308582424884308,
input27_layer60,,,,20260729T050800Z-fx-89687ae2-R032,pra2026-bh408@3d036144-16-32K-row0-greedy1024,3d03614452cd0a925abc82a7686560ff80252dfa,0,rank0,HCU0:TCA23906041001,chatcmpl-bench-7f1746b7-0-9eeec82b-9c959c99,27,27,60,0,decode,1,1,20605,20606,linear_attention,,,"[1,5120]","[1,5120]","[3,1]","[1,5120]","[1,5120]",False,False,False,,,,0,0,4308582426719715,4308582428293189,
input27_layer61,,,,20260729T050800Z-fx-89687ae2-R032,pra2026-bh408@3d036144-16-32K-row0-greedy1024,3d03614452cd0a925abc82a7686560ff80252dfa,0,rank0,HCU0:TCA23906041001,chatcmpl-bench-7f1746b7-0-9eeec82b-9c959c99,27,27,61,0,decode,1,1,20605,20606,linear_attention,,,"[1,5120]","[1,5120]","[3,1]","[1,5120]","[1,5120]",False,False,False,,,,0,0,4308582429891994,4308582431405078,
input27_layer62,,,,20260729T050800Z-fx-89687ae2-R032,pra2026-bh408@3d036144-16-32K-row0-greedy1024,3d03614452cd0a925abc82a7686560ff80252dfa,0,rank0,HCU0:TCA23906041001,chatcmpl-bench-7f1746b7-0-9eeec82b-9c959c99,27,27,62,0,decode,1,1,20605,20606,linear_attention,,,"[1,5120]","[1,5120]","[3,1]","[1,5120]","[1,5120]",False,False,False,,,,0,0,4308582433004433,4308582434512717,
input27_layer63,,,,20260729T050800Z-fx-89687ae2-R032,pra2026-bh408@3d036144-16-32K-row0-greedy1024,3d03614452cd0a925abc82a7686560ff80252dfa,0,rank0,HCU0:TCA23906041001,chatcmpl-bench-7f1746b7-0-9eeec82b-9c959c99,27,27,63,0,decode,1,1,20605,20606,full_attention,,,"[1,5120]","[1,5120]","[3,1]","[1,5120]","[1,5120]",False,False,False,,,,0,0,4308582436151302,4308582438051010,
input28_layer0,,,,20260729T050800Z-fx-89687ae2-R032,pra2026-bh408@3d036144-16-32K-row0-greedy1024,3d03614452cd0a925abc82a7686560ff80252dfa,0,rank0,HCU0:TCA23906041001,chatcmpl-bench-7f1746b7-0-9eeec82b-9c959c99,28,28,0,0,decode,1,1,20606,20607,linear_attention,,,"[1,5120]",null,"[3,1]","[1,5120]","[1,5120]",False,False,False,,,,0,0,4308582443027346,4308582444733162,
input28_layer1,,,,20260729T050800Z-fx-89687ae2-R032,pra2026-bh408@3d036144-16-32K-row0-greedy1024,3d03614452cd0a925abc82a7686560ff80252dfa,0,rank0,HCU0:TCA23906041001,chatcmpl-bench-7f1746b7-0-9eeec82b-9c959c99,28,28,1,0,decode,1,1,20606,20607,linear_attention,,,"[1,5120]","[1,5120]","[3,1]","[1,5120]","[1,5120]",False,False,False,,,,0,0,4308582446593969,4308582448114764,
input28_layer2,,,,20260729T050800Z-fx-89687ae2-R032,pra2026-bh408@3d036144-16-32K-row0-greedy1024,3d03614452cd0a925abc82a7686560ff80252dfa,0,rank0,HCU0:TCA23906041001,chatcmpl-bench-7f1746b7-0-9eeec82b-9c959c99,28,28,2,0,decode,1,1,20606,20607,linear_attention,,,"[1,5120]","[1,5120]","[3,1]","[1,5120]","[1,5120]",False,False,False,,,,0,0,4308582449774729,4308582451289553,
input28_layer3,,,,20260729T050800Z-fx-89687ae2-R032,pra2026-bh408@3d036144-16-32K-row0-greedy1024,3d03614452cd0a925abc82a7686560ff80252dfa,0,rank0,HCU0:TCA23906041001,chatcmpl-bench-7f1746b7-0-9eeec82b-9c959c99,28,28,3,0,decode,1,1,20606,20607,full_attention,,,"[1,5120]","[1,5120]","[3,1]","[1,5120]","[1,5120]",False,False,False,,,,0,0,4308582452938518,4308582454922447,
input28_layer4,,,,20260729T050800Z-fx-89687ae2-R032,pra2026-bh408@3d036144-16-32K-row0-greedy1024,3d03614452cd0a925abc82a7686560ff80252dfa,0,rank0,HCU0:TCA23906041001,chatcmpl-bench-7f1746b7-0-9eeec82b-9c959c99,28,28,4,0,decode,1,1,20606,20607,linear_attention,,,"[1,5120]","[1,5120]","[3,1]","[1,5120]","[1,5120]",False,False,False,,,,0,0,4308582456652463,4308582458180047,
input28_layer5,,,,20260729T050800Z-fx-89687ae2-R032,pra2026-bh408@3d036144-16-32K-row0-greedy1024,3d03614452cd0a925abc82a7686560ff80252dfa,0,rank0,HCU0:TCA23906041001,chatcmpl-bench-7f1746b7-0-9eeec82b-9c959c99,28,28,5,0,decode,1,1,20606,20607,linear_attention,,,"[1,5120]","[1,5120]","[3,1]","[1,5120]","[1,5120]",False,False,False,,,,0,0,4308582459985704,4308582461513748,
input28_layer6,,,,20260729T050800Z-fx-89687ae2-R032,pra2026-bh408@3d036144-16-32K-row0-greedy1024,3d03614452cd0a925abc82a7686560ff80252dfa,0,rank0,HCU0:TCA23906041001,chatcmpl-bench-7f1746b7-0-9eeec82b-9c959c99,28,28,6,0,decode,1,1,20606,20607,linear_attention,,,"[1,5120]","[1,5120]","[3,1]","[1,5120]","[1,5120]",False,False,False,,,,0,0,4308582463176974,4308582464680708,
input28_layer7,,,,20260729T050800Z-fx-89687ae2-R032,pra2026-bh408@3d036144-16-32K-row0-greedy1024,3d03614452cd0a925abc82a7686560ff80252dfa,0,rank0,HCU0:TCA23906041001,chatcmpl-bench-7f1746b7-0-9eeec82b-9c959c99,28,28,7,0,decode,1,1,20606,20607,full_attention,,,"[1,5120]","[1,5120]","[3,1]","[1,5120]","[1,5120]",False,False,False,,,,0,0,4308582466392544,4308582468307221,
input28_layer8,,,,20260729T050800Z-fx-89687ae2-R032,pra2026-bh408@3d036144-16-32K-row0-greedy1024,3d03614452cd0a925abc82a7686560ff80252dfa,0,rank0,HCU0:TCA23906041001,chatcmpl-bench-7f1746b7-0-9eeec82b-9c959c99,28,28,8,0,decode,1,1,20606,20607,linear_attention,,,"[1,5120]","[1,5120]","[3,1]","[1,5120]","[1,5120]",False,False,False,,,,0,0,4308582469883706,4308582471423240,
input28_layer9,,,,20260729T050800Z-fx-89687ae2-R032,pra2026-bh408@3d036144-16-32K-row0-greedy1024,3d03614452cd0a925abc82a7686560ff80252dfa,0,rank0,HCU0:TCA23906041001,chatcmpl-bench-7f1746b7-0-9eeec82b-9c959c99,28,28,9,0,decode,1,1,20606,20607,linear_attention,,,"[1,5120]","[1,5120]","[3,1]","[1,5120]","[1,5120]",False,False,False,,,,0,0,4308582473104596,4308582474633770,
input28_layer10,,,,20260729T050800Z-fx-89687ae2-R032,pra2026-bh408@3d036144-16-32K-row0-greedy1024,3d03614452cd0a925abc82a7686560ff80252dfa,0,rank0,HCU0:TCA23906041001,chatcmpl-bench-7f1746b7-0-9eeec82b-9c959c99,28,28,10,0,decode,1,1,20606,20607,linear_attention,,,"[1,5120]","[1,5120]","[3,1]","[1,5120]","[1,5120]",False,False,False,,,,0,0,4308582476415027,4308582477938791,
input28_layer11,,,,20260729T050800Z-fx-89687ae2-R032,pra2026-bh408@3d036144-16-32K-row0-greedy1024,3d03614452cd0a925abc82a7686560ff80252dfa,0,rank0,HCU0:TCA23906041001,chatcmpl-bench-7f1746b7-0-9eeec82b-9c959c99,28,28,11,0,decode,1,1,20606,20607,full_attention,,,"[1,5120]","[1,5120]","[3,1]","[1,5120]","[1,5120]",False,False,False,,,,0,0,4308582479884919,4308582481810437,
input28_layer12,,,,20260729T050800Z-fx-89687ae2-R032,pra2026-bh408@3d036144-16-32K-row0-greedy1024,3d03614452cd0a925abc82a7686560ff80252dfa,0,rank0,HCU0:TCA23906041001,chatcmpl-bench-7f1746b7-0-9eeec82b-9c959c99,28,28,12,0,decode,1,1,20606,20607,linear_attention,,,"[1,5120]","[1,5120]","[3,1]","[1,5120]","[1,5120]",False,False,False,,,,0,0,4308582483586373,4308582485104457,
input28_layer13,,,,20260729T050800Z-fx-89687ae2-R032,pra2026-bh408@3d036144-16-32K-row0-greedy1024,3d03614452cd0a925abc82a7686560ff80252dfa,0,rank0,HCU0:TCA23906041001,chatcmpl-bench-7f1746b7-0-9eeec82b-9c959c99,28,28,13,0,decode,1,1,20606,20607,linear_attention,,,"[1,5120]","[1,5120]","[3,1]","[1,5120]","[1,5120]",False,False,False,,,,0,0,4308582486835014,4308582488361398,
input28_layer14,,,,20260729T050800Z-fx-89687ae2-R032,pra2026-bh408@3d036144-16-32K-row0-greedy1024,3d03614452cd0a925abc82a7686560ff80252dfa,0,rank0,HCU0:TCA23906041001,chatcmpl-bench-7f1746b7-0-9eeec82b-9c959c99,28,28,14,0,decode,1,1,20606,20607,linear_attention,,,"[1,5120]","[1,5120]","[3,1]","[1,5120]","[1,5120]",False,False,False,,,,0,0,4308582490066584,4308582491598078,
input28_layer15,,,,20260729T050800Z-fx-89687ae2-R032,pra2026-bh408@3d036144-16-32K-row0-greedy1024,3d03614452cd0a925abc82a7686560ff80252dfa,0,rank0,HCU0:TCA23906041001,chatcmpl-bench-7f1746b7-0-9eeec82b-9c959c99,28,28,15,0,decode,1,1,20606,20607,full_attention,,,"[1,5120]","[1,5120]","[3,1]","[1,5120]","[1,5120]",False,False,False,,,,0,0,4308582493467875,4308582495392593,
input28_layer16,,,,20260729T050800Z-fx-89687ae2-R032,pra2026-bh408@3d036144-16-32K-row0-greedy1024,3d03614452cd0a925abc82a7686560ff80252dfa,0,rank0,HCU0:TCA23906041001,chatcmpl-bench-7f1746b7-0-9eeec82b-9c959c99,28,28,16,0,decode,1,1,20606,20607,linear_attention,,,"[1,5120]","[1,5120]","[3,1]","[1,5120]","[1,5120]",False,False,False,,,,0,0,4308582497079819,4308582498612383,
input28_layer17,,,,20260729T050800Z-fx-89687ae2-R032,pra2026-bh408@3d036144-16-32K-row0-greedy1024,3d03614452cd0a925abc82a7686560ff80252dfa,0,rank0,HCU0:TCA23906041001,chatcmpl-bench-7f1746b7-0-9eeec82b-9c959c99,28,28,17,0,decode,1,1,20606,20607,linear_attention,,,"[1,5120]","[1,5120]","[3,1]","[1,5120]","[1,5120]",False,False,False,,,,0,0,4308582500350969,4308582501878023,
input28_layer18,,,,20260729T050800Z-fx-89687ae2-R032,pra2026-bh408@3d036144-16-32K-row0-greedy1024,3d03614452cd0a925abc82a7686560ff80252dfa,0,rank0,HCU0:TCA23906041001,chatcmpl-bench-7f1746b7-0-9eeec82b-9c959c99,28,28,18,0,decode,1,1,20606,20607,linear_attention,,,"[1,5120]","[1,5120]","[3,1]","[1,5120]","[1,5120]",False,False,False,,,,0,0,4308582503645390,4308582505174434,
input28_layer19,,,,20260729T050800Z-fx-89687ae2-R032,pra2026-bh408@3d036144-16-32K-row0-greedy1024,3d03614452cd0a925abc82a7686560ff80252dfa,0,rank0,HCU0:TCA23906041001,chatcmpl-bench-7f1746b7-0-9eeec82b-9c959c99,28,28,19,0,decode,1,1,20606,20607,full_attention,,,"[1,5120]","[1,5120]","[3,1]","[1,5120]","[1,5120]",False,False,False,,,,0,0,4308582506897920,4308582508808548,
input28_layer20,,,,20260729T050800Z-fx-89687ae2-R032,pra2026-bh408@3d036144-16-32K-row0-greedy1024,3d03614452cd0a925abc82a7686560ff80252dfa,0,rank0,HCU0:TCA23906041001,chatcmpl-bench-7f1746b7-0-9eeec82b-9c959c99,28,28,20,0,decode,1,1,20606,20607,linear_attention,,,"[1,5120]","[1,5120]","[3,1]","[1,5120]","[1,5120]",False,False,False,,,,0,0,4308582510695405,4308582512237490,
input28_layer21,,,,20260729T050800Z-fx-89687ae2-R032,pra2026-bh408@3d036144-16-32K-row0-greedy1024,3d03614452cd0a925abc82a7686560ff80252dfa,0,rank0,HCU0:TCA23906041001,chatcmpl-bench-7f1746b7-0-9eeec82b-9c959c99,28,28,21,0,decode,1,1,20606,20607,linear_attention,,,"[1,5120]","[1,5120]","[3,1]","[1,5120]","[1,5120]",False,False,False,,,,0,0,4308582514037256,4308582515567461,
input28_layer22,,,,20260729T050800Z-fx-89687ae2-R032,pra2026-bh408@3d036144-16-32K-row0-greedy1024,3d03614452cd0a925abc82a7686560ff80252dfa,0,rank0,HCU0:TCA23906041001,chatcmpl-bench-7f1746b7-0-9eeec82b-9c959c99,28,28,22,0,decode,1,1,20606,20607,linear_attention,,,"[1,5120]","[1,5120]","[3,1]","[1,5120]","[1,5120]",False,False,False,,,,0,0,4308582517196846,4308582518710830,
input28_layer23,,,,20260729T050800Z-fx-89687ae2-R032,pra2026-bh408@3d036144-16-32K-row0-greedy1024,3d03614452cd0a925abc82a7686560ff80252dfa,0,rank0,HCU0:TCA23906041001,chatcmpl-bench-7f1746b7-0-9eeec82b-9c959c99,28,28,23,0,decode,1,1,20606,20607,full_attention,,,"[1,5120]","[1,5120]","[3,1]","[1,5120]","[1,5120]",False,False,False,,,,0,0,4308582520473196,4308582522400434,
input28_layer24,,,,20260729T050800Z-fx-89687ae2-R032,pra2026-bh408@3d036144-16-32K-row0-greedy1024,3d03614452cd0a925abc82a7686560ff80252dfa,0,rank0,HCU0:TCA23906041001,chatcmpl-bench-7f1746b7-0-9eeec82b-9c959c99,28,28,24,0,decode,1,1,20606,20607,linear_attention,,,"[1,5120]","[1,5120]","[3,1]","[1,5120]","[1,5120]",False,False,False,,,,0,0,4308582524196021,4308582525721125,
input28_layer25,,,,20260729T050800Z-fx-89687ae2-R032,pra2026-bh408@3d036144-16-32K-row0-greedy1024,3d03614452cd0a925abc82a7686560ff80252dfa,0,rank0,HCU0:TCA23906041001,chatcmpl-bench-7f1746b7-0-9eeec82b-9c959c99,28,28,25,0,decode,1,1,20606,20607,linear_attention,,,"[1,5120]","[1,5120]","[3,1]","[1,5120]","[1,5120]",False,False,False,,,,0,0,4308582527504512,4308582529028616,
input28_layer26,,,,20260729T050800Z-fx-89687ae2-R032,pra2026-bh408@3d036144-16-32K-row0-greedy1024,3d03614452cd0a925abc82a7686560ff80252dfa,0,rank0,HCU0:TCA23906041001,chatcmpl-bench-7f1746b7-0-9eeec82b-9c959c99,28,28,26,0,decode,1,1,20606,20607,linear_attention,,,"[1,5120]","[1,5120]","[3,1]","[1,5120]","[1,5120]",False,False,False,,,,0,0,4308582530901753,4308582532436078,
input28_layer27,,,,20260729T050800Z-fx-89687ae2-R032,pra2026-bh408@3d036144-16-32K-row0-greedy1024,3d03614452cd0a925abc82a7686560ff80252dfa,0,rank0,HCU0:TCA23906041001,chatcmpl-bench-7f1746b7-0-9eeec82b-9c959c99,28,28,27,0,decode,1,1,20606,20607,full_attention,,,"[1,5120]","[1,5120]","[3,1]","[1,5120]","[1,5120]",False,False,False,,,,0,0,4308582534435346,4308582536352504,
input28_layer28,,,,20260729T050800Z-fx-89687ae2-R032,pra2026-bh408@3d036144-16-32K-row0-greedy1024,3d03614452cd0a925abc82a7686560ff80252dfa,0,rank0,HCU0:TCA23906041001,chatcmpl-bench-7f1746b7-0-9eeec82b-9c959c99,28,28,28,0,decode,1,1,20606,20607,linear_attention,,,"[1,5120]","[1,5120]","[3,1]","[1,5120]","[1,5120]",False,False,False,,,,0,0,4308582538069320,4308582539612764,
input28_layer29,,,,20260729T050800Z-fx-89687ae2-R032,pra2026-bh408@3d036144-16-32K-row0-greedy1024,3d03614452cd0a925abc82a7686560ff80252dfa,0,rank0,HCU0:TCA23906041001,chatcmpl-bench-7f1746b7-0-9eeec82b-9c959c99,28,28,29,0,decode,1,1,20606,20607,linear_attention,,,"[1,5120]","[1,5120]","[3,1]","[1,5120]","[1,5120]",False,False,False,,,,0,0,4308582541214669,4308582542726423,
input28_layer30,,,,20260729T050800Z-fx-89687ae2-R032,pra2026-bh408@3d036144-16-32K-row0-greedy1024,3d03614452cd0a925abc82a7686560ff80252dfa,0,rank0,HCU0:TCA23906041001,chatcmpl-bench-7f1746b7-0-9eeec82b-9c959c99,28,28,30,0,decode,1,1,20606,20607,linear_attention,,,"[1,5120]","[1,5120]","[3,1]","[1,5120]","[1,5120]",False,False,False,,,,0,0,4308582544312738,4308582545821242,
input28_layer31,,,,20260729T050800Z-fx-89687ae2-R032,pra2026-bh408@3d036144-16-32K-row0-greedy1024,3d03614452cd0a925abc82a7686560ff80252dfa,0,rank0,HCU0:TCA23906041001,chatcmpl-bench-7f1746b7-0-9eeec82b-9c959c99,28,28,31,0,decode,1,1,20606,20607,full_attention,,,"[1,5120]","[1,5120]","[3,1]","[1,5120]","[1,5120]",False,False,False,,,,0,0,4308582547328886,4308582549255044,
input28_layer32,,,,20260729T050800Z-fx-89687ae2-R032,pra2026-bh408@3d036144-16-32K-row0-greedy1024,3d03614452cd0a925abc82a7686560ff80252dfa,0,rank0,HCU0:TCA23906041001,chatcmpl-bench-7f1746b7-0-9eeec82b-9c959c99,28,28,32,0,decode,1,1,20606,20607,linear_attention,,,"[1,5120]","[1,5120]","[3,1]","[1,5120]","[1,5120]",False,False,False,,,,0,0,4308582551105701,4308582552629155,
input28_layer33,,,,20260729T050800Z-fx-89687ae2-R032,pra2026-bh408@3d036144-16-32K-row0-greedy1024,3d03614452cd0a925abc82a7686560ff80252dfa,0,rank0,HCU0:TCA23906041001,chatcmpl-bench-7f1746b7-0-9eeec82b-9c959c99,28,28,33,0,decode,1,1,20606,20607,linear_attention,,,"[1,5120]","[1,5120]","[3,1]","[1,5120]","[1,5120]",False,False,False,,,,0,0,4308582554326901,4308582555830445,
input28_layer34,,,,20260729T050800Z-fx-89687ae2-R032,pra2026-bh408@3d036144-16-32K-row0-greedy1024,3d03614452cd0a925abc82a7686560ff80252dfa,0,rank0,HCU0:TCA23906041001,chatcmpl-bench-7f1746b7-0-9eeec82b-9c959c99,28,28,34,0,decode,1,1,20606,20607,linear_attention,,,"[1,5120]","[1,5120]","[3,1]","[1,5120]","[1,5120]",False,False,False,,,,0,0,4308582557573851,4308582559092725,
input28_layer35,,,,20260729T050800Z-fx-89687ae2-R032,pra2026-bh408@3d036144-16-32K-row0-greedy1024,3d03614452cd0a925abc82a7686560ff80252dfa,0,rank0,HCU0:TCA23906041001,chatcmpl-bench-7f1746b7-0-9eeec82b-9c959c99,28,28,35,0,decode,1,1,20606,20607,full_attention,,,"[1,5120]","[1,5120]","[3,1]","[1,5120]","[1,5120]",False,False,False,,,,0,0,4308582560801701,4308582562720899,
input28_layer36,,,,20260729T050800Z-fx-89687ae2-R032,pra2026-bh408@3d036144-16-32K-row0-greedy1024,3d03614452cd0a925abc82a7686560ff80252dfa,0,rank0,HCU0:TCA23906041001,chatcmpl-bench-7f1746b7-0-9eeec82b-9c959c99,28,28,36,0,decode,1,1,20606,20607,linear_attention,,,"[1,5120]","[1,5120]","[3,1]","[1,5120]","[1,5120]",False,False,False,,,,0,0,4308582564427525,4308582565951659,
input28_layer37,,,,20260729T050800Z-fx-89687ae2-R032,pra2026-bh408@3d036144-16-32K-row0-greedy1024,3d03614452cd0a925abc82a7686560ff80252dfa,0,rank0,HCU0:TCA23906041001,chatcmpl-bench-7f1746b7-0-9eeec82b-9c959c99,28,28,37,0,decode,1,1,20606,20607,linear_attention,,,"[1,5120]","[1,5120]","[3,1]","[1,5120]","[1,5120]",False,False,False,,,,0,0,4308582567631025,4308582569145479,
input28_layer38,,,,20260729T050800Z-fx-89687ae2-R032,pra2026-bh408@3d036144-16-32K-row0-greedy1024,3d03614452cd0a925abc82a7686560ff80252dfa,0,rank0,HCU0:TCA23906041001,chatcmpl-bench-7f1746b7-0-9eeec82b-9c959c99,28,28,38,0,decode,1,1,20606,20607,linear_attention,,,"[1,5120]","[1,5120]","[3,1]","[1,5120]","[1,5120]",False,False,False,,,,0,0,4308582570874695,4308582572402359,
input28_layer39,,,,20260729T050800Z-fx-89687ae2-R032,pra2026-bh408@3d036144-16-32K-row0-greedy1024,3d03614452cd0a925abc82a7686560ff80252dfa,0,rank0,HCU0:TCA23906041001,chatcmpl-bench-7f1746b7-0-9eeec82b-9c959c99,28,28,39,0,decode,1,1,20606,20607,full_attention,,,"[1,5120]","[1,5120]","[3,1]","[1,5120]","[1,5120]",False,False,False,,,,0,0,4308582574254126,4308582576149214,
input28_layer40,,,,20260729T050800Z-fx-89687ae2-R032,pra2026-bh408@3d036144-16-32K-row0-greedy1024,3d03614452cd0a925abc82a7686560ff80252dfa,0,rank0,HCU0:TCA23906041001,chatcmpl-bench-7f1746b7-0-9eeec82b-9c959c99,28,28,40,0,decode,1,1,20606,20607,linear_attention,,,"[1,5120]","[1,5120]","[3,1]","[1,5120]","[1,5120]",False,False,False,,,,0,0,4308582577767169,4308582579294353,
input28_layer41,,,,20260729T050800Z-fx-89687ae2-R032,pra2026-bh408@3d036144-16-32K-row0-greedy1024,3d03614452cd0a925abc82a7686560ff80252dfa,0,rank0,HCU0:TCA23906041001,chatcmpl-bench-7f1746b7-0-9eeec82b-9c959c99,28,28,41,0,decode,1,1,20606,20607,linear_attention,,,"[1,5120]","[1,5120]","[3,1]","[1,5120]","[1,5120]",False,False,False,,,,0,0,4308582580980459,4308582582515523,
input28_layer42,,,,20260729T050800Z-fx-89687ae2-R032,pra2026-bh408@3d036144-16-32K-row0-greedy1024,3d03614452cd0a925abc82a7686560ff80252dfa,0,rank0,HCU0:TCA23906041001,chatcmpl-bench-7f1746b7-0-9eeec82b-9c959c99,28,28,42,0,decode,1,1,20606,20607,linear_attention,,,"[1,5120]","[1,5120]","[3,1]","[1,5120]","[1,5120]",False,False,False,,,,0,0,4308582584143668,4308582585663462,
input28_layer43,,,,20260729T050800Z-fx-89687ae2-R032,pra2026-bh408@3d036144-16-32K-row0-greedy1024,3d03614452cd0a925abc82a7686560ff80252dfa,0,rank0,HCU0:TCA23906041001,chatcmpl-bench-7f1746b7-0-9eeec82b-9c959c99,28,28,43,0,decode,1,1,20606,20607,full_attention,,,"[1,5120]","[1,5120]","[3,1]","[1,5120]","[1,5120]",False,False,False,,,,0,0,4308582587532060,4308582589461598,
input28_layer44,,,,20260729T050800Z-fx-89687ae2-R032,pra2026-bh408@3d036144-16-32K-row0-greedy1024,3d03614452cd0a925abc82a7686560ff80252dfa,0,rank0,HCU0:TCA23906041001,chatcmpl-bench-7f1746b7-0-9eeec82b-9c959c99,28,28,44,0,decode,1,1,20606,20607,linear_attention,,,"[1,5120]","[1,5120]","[3,1]","[1,5120]","[1,5120]",False,False,False,,,,0,0,4308582591155983,4308582592673288,
input28_layer45,,,,20260729T050800Z-fx-89687ae2-R032,pra2026-bh408@3d036144-16-32K-row0-greedy1024,3d03614452cd0a925abc82a7686560ff80252dfa,0,rank0,HCU0:TCA23906041001,chatcmpl-bench-7f1746b7-0-9eeec82b-9c959c99,28,28,45,0,decode,1,1,20606,20607,linear_attention,,,"[1,5120]","[1,5120]","[3,1]","[1,5120]","[1,5120]",False,False,False,,,,0,0,4308582594206682,4308582595709526,
input28_layer46,,,,20260729T050800Z-fx-89687ae2-R032,pra2026-bh408@3d036144-16-32K-row0-greedy1024,3d03614452cd0a925abc82a7686560ff80252dfa,0,rank0,HCU0:TCA23906041001,chatcmpl-bench-7f1746b7-0-9eeec82b-9c959c99,28,28,46,0,decode,1,1,20606,20607,linear_attention,,,"[1,5120]","[1,5120]","[3,1]","[1,5120]","[1,5120]",False,False,False,,,,0,0,4308582597532233,4308582599033567,
input28_layer47,,,,20260729T050800Z-fx-89687ae2-R032,pra2026-bh408@3d036144-16-32K-row0-greedy1024,3d03614452cd0a925abc82a7686560ff80252dfa,0,rank0,HCU0:TCA23906041001,chatcmpl-bench-7f1746b7-0-9eeec82b-9c959c99,28,28,47,0,decode,1,1,20606,20607,full_attention,,,"[1,5120]","[1,5120]","[3,1]","[1,5120]","[1,5120]",False,False,False,,,,0,0,4308582600665072,4308582602569680,
input28_layer48,,,,20260729T050800Z-fx-89687ae2-R032,pra2026-bh408@3d036144-16-32K-row0-greedy1024,3d03614452cd0a925abc82a7686560ff80252dfa,0,rank0,HCU0:TCA23906041001,chatcmpl-bench-7f1746b7-0-9eeec82b-9c959c99,28,28,48,0,decode,1,1,20606,20607,linear_attention,,,"[1,5120]","[1,5120]","[3,1]","[1,5120]","[1,5120]",False,False,False,,,,0,0,4308582604189925,4308582605704099,
input28_layer49,,,,20260729T050800Z-fx-89687ae2-R032,pra2026-bh408@3d036144-16-32K-row0-greedy1024,3d03614452cd0a925abc82a7686560ff80252dfa,0,rank0,HCU0:TCA23906041001,chatcmpl-bench-7f1746b7-0-9eeec82b-9c959c99,28,28,49,0,decode,1,1,20606,20607,linear_attention,,,"[1,5120]","[1,5120]","[3,1]","[1,5120]","[1,5120]",False,False,False,,,,0,0,4308582607500075,4308582609010809,
input28_layer50,,,,20260729T050800Z-fx-89687ae2-R032,pra2026-bh408@3d036144-16-32K-row0-greedy1024,3d03614452cd0a925abc82a7686560ff80252dfa,0,rank0,HCU0:TCA23906041001,chatcmpl-bench-7f1746b7-0-9eeec82b-9c959c99,28,28,50,0,decode,1,1,20606,20607,linear_attention,,,"[1,5120]","[1,5120]","[3,1]","[1,5120]","[1,5120]",False,False,False,,,,0,0,4308582610604394,4308582612104628,
input28_layer51,,,,20260729T050800Z-fx-89687ae2-R032,pra2026-bh408@3d036144-16-32K-row0-greedy1024,3d03614452cd0a925abc82a7686560ff80252dfa,0,rank0,HCU0:TCA23906041001,chatcmpl-bench-7f1746b7-0-9eeec82b-9c959c99,28,28,51,0,decode,1,1,20606,20607,full_attention,,,"[1,5120]","[1,5120]","[3,1]","[1,5120]","[1,5120]",False,False,False,,,,0,0,4308582613632352,4308582615539980,
input28_layer52,,,,20260729T050800Z-fx-89687ae2-R032,pra2026-bh408@3d036144-16-32K-row0-greedy1024,3d03614452cd0a925abc82a7686560ff80252dfa,0,rank0,HCU0:TCA23906041001,chatcmpl-bench-7f1746b7-0-9eeec82b-9c959c99,28,28,52,0,decode,1,1,20606,20607,linear_attention,,,"[1,5120]","[1,5120]","[3,1]","[1,5120]","[1,5120]",False,False,False,,,,0,0,4308582617049424,4308582618583328,
input28_layer53,,,,20260729T050800Z-fx-89687ae2-R032,pra2026-bh408@3d036144-16-32K-row0-greedy1024,3d03614452cd0a925abc82a7686560ff80252dfa,0,rank0,HCU0:TCA23906041001,chatcmpl-bench-7f1746b7-0-9eeec82b-9c959c99,28,28,53,0,decode,1,1,20606,20607,linear_attention,,,"[1,5120]","[1,5120]","[3,1]","[1,5120]","[1,5120]",False,False,False,,,,0,0,4308582620285154,4308582621783628,
input28_layer54,,,,20260729T050800Z-fx-89687ae2-R032,pra2026-bh408@3d036144-16-32K-row0-greedy1024,3d03614452cd0a925abc82a7686560ff80252dfa,0,rank0,HCU0:TCA23906041001,chatcmpl-bench-7f1746b7-0-9eeec82b-9c959c99,28,28,54,0,decode,1,1,20606,20607,linear_attention,,,"[1,5120]","[1,5120]","[3,1]","[1,5120]","[1,5120]",False,False,False,,,,0,0,4308582623545745,4308582625041448,
input28_layer55,,,,20260729T050800Z-fx-89687ae2-R032,pra2026-bh408@3d036144-16-32K-row0-greedy1024,3d03614452cd0a925abc82a7686560ff80252dfa,0,rank0,HCU0:TCA23906041001,chatcmpl-bench-7f1746b7-0-9eeec82b-9c959c99,28,28,55,0,decode,1,1,20606,20607,full_attention,,,"[1,5120]","[1,5120]","[3,1]","[1,5120]","[1,5120]",False,False,False,,,,0,0,4308582626713384,4308582628640832,
input28_layer56,,,,20260729T050800Z-fx-89687ae2-R032,pra2026-bh408@3d036144-16-32K-row0-greedy1024,3d03614452cd0a925abc82a7686560ff80252dfa,0,rank0,HCU0:TCA23906041001,chatcmpl-bench-7f1746b7-0-9eeec82b-9c959c99,28,28,56,0,decode,1,1,20606,20607,linear_attention,,,"[1,5120]","[1,5120]","[3,1]","[1,5120]","[1,5120]",False,False,False,,,,0,0,4308582630335578,4308582631845392,
input28_layer57,,,,20260729T050800Z-fx-89687ae2-R032,pra2026-bh408@3d036144-16-32K-row0-greedy1024,3d03614452cd0a925abc82a7686560ff80252dfa,0,rank0,HCU0:TCA23906041001,chatcmpl-bench-7f1746b7-0-9eeec82b-9c959c99,28,28,57,0,decode,1,1,20606,20607,linear_attention,,,"[1,5120]","[1,5120]","[3,1]","[1,5120]","[1,5120]",False,False,False,,,,0,0,4308582633721919,4308582635237363,
input28_layer58,,,,20260729T050800Z-fx-89687ae2-R032,pra2026-bh408@3d036144-16-32K-row0-greedy1024,3d03614452cd0a925abc82a7686560ff80252dfa,0,rank0,HCU0:TCA23906041001,chatcmpl-bench-7f1746b7-0-9eeec82b-9c959c99,28,28,58,0,decode,1,1,20606,20607,linear_attention,,,"[1,5120]","[1,5120]","[3,1]","[1,5120]","[1,5120]",False,False,False,,,,0,0,4308582637247122,4308582638747336,
input28_layer59,,,,20260729T050800Z-fx-89687ae2-R032,pra2026-bh408@3d036144-16-32K-row0-greedy1024,3d03614452cd0a925abc82a7686560ff80252dfa,0,rank0,HCU0:TCA23906041001,chatcmpl-bench-7f1746b7-0-9eeec82b-9c959c99,28,28,59,0,decode,1,1,20606,20607,full_attention,,,"[1,5120]","[1,5120]","[3,1]","[1,5120]","[1,5120]",False,False,False,,,,0,0,4308582640362101,4308582642309729,
input28_layer60,,,,20260729T050800Z-fx-89687ae2-R032,pra2026-bh408@3d036144-16-32K-row0-greedy1024,3d03614452cd0a925abc82a7686560ff80252dfa,0,rank0,HCU0:TCA23906041001,chatcmpl-bench-7f1746b7-0-9eeec82b-9c959c99,28,28,60,0,decode,1,1,20606,20607,linear_attention,,,"[1,5120]","[1,5120]","[3,1]","[1,5120]","[1,5120]",False,False,False,,,,0,0,4308582643966364,4308582645499059,
input28_layer61,,,,20260729T050800Z-fx-89687ae2-R032,pra2026-bh408@3d036144-16-32K-row0-greedy1024,3d03614452cd0a925abc82a7686560ff80252dfa,0,rank0,HCU0:TCA23906041001,chatcmpl-bench-7f1746b7-0-9eeec82b-9c959c99,28,28,61,0,decode,1,1,20606,20607,linear_attention,,,"[1,5120]","[1,5120]","[3,1]","[1,5120]","[1,5120]",False,False,False,,,,0,0,4308582646854471,4308582648367935,
input28_layer62,,,,20260729T050800Z-fx-89687ae2-R032,pra2026-bh408@3d036144-16-32K-row0-greedy1024,3d03614452cd0a925abc82a7686560ff80252dfa,0,rank0,HCU0:TCA23906041001,chatcmpl-bench-7f1746b7-0-9eeec82b-9c959c99,28,28,62,0,decode,1,1,20606,20607,linear_attention,,,"[1,5120]","[1,5120]","[3,1]","[1,5120]","[1,5120]",False,False,False,,,,0,0,4308582649891750,4308582651423684,
input28_layer63,,,,20260729T050800Z-fx-89687ae2-R032,pra2026-bh408@3d036144-16-32K-row0-greedy1024,3d03614452cd0a925abc82a7686560ff80252dfa,0,rank0,HCU0:TCA23906041001,chatcmpl-bench-7f1746b7-0-9eeec82b-9c959c99,28,28,63,0,decode,1,1,20606,20607,full_attention,,,"[1,5120]","[1,5120]","[3,1]","[1,5120]","[1,5120]",False,False,False,,,,0,0,4308582653003968,4308582655009737,
input29_layer0,,,,20260729T050800Z-fx-89687ae2-R032,pra2026-bh408@3d036144-16-32K-row0-greedy1024,3d03614452cd0a925abc82a7686560ff80252dfa,0,rank0,HCU0:TCA23906041001,chatcmpl-bench-7f1746b7-0-9eeec82b-9c959c99,29,29,0,0,decode,1,1,20607,20608,linear_attention,,,"[1,5120]",null,"[3,1]","[1,5120]","[1,5120]",False,False,False,,,,0,0,4308582660262486,4308582661946252,
input29_layer1,,,,20260729T050800Z-fx-89687ae2-R032,pra2026-bh408@3d036144-16-32K-row0-greedy1024,3d03614452cd0a925abc82a7686560ff80252dfa,0,rank0,HCU0:TCA23906041001,chatcmpl-bench-7f1746b7-0-9eeec82b-9c959c99,29,29,1,0,decode,1,1,20607,20608,linear_attention,,,"[1,5120]","[1,5120]","[3,1]","[1,5120]","[1,5120]",False,False,False,,,,0,0,4308582663711608,4308582665246472,
input29_layer2,,,,20260729T050800Z-fx-89687ae2-R032,pra2026-bh408@3d036144-16-32K-row0-greedy1024,3d03614452cd0a925abc82a7686560ff80252dfa,0,rank0,HCU0:TCA23906041001,chatcmpl-bench-7f1746b7-0-9eeec82b-9c959c99,29,29,2,0,decode,1,1,20607,20608,linear_attention,,,"[1,5120]","[1,5120]","[3,1]","[1,5120]","[1,5120]",False,False,False,,,,0,0,4308582666945848,4308582668469862,
input29_layer3,,,,20260729T050800Z-fx-89687ae2-R032,pra2026-bh408@3d036144-16-32K-row0-greedy1024,3d03614452cd0a925abc82a7686560ff80252dfa,0,rank0,HCU0:TCA23906041001,chatcmpl-bench-7f1746b7-0-9eeec82b-9c959c99,29,29,3,0,decode,1,1,20607,20608,full_attention,,,"[1,5120]","[1,5120]","[3,1]","[1,5120]","[1,5120]",False,False,False,,,,0,0,4308582670674253,4308582672661401,
input29_layer4,,,,20260729T050800Z-fx-89687ae2-R032,pra2026-bh408@3d036144-16-32K-row0-greedy1024,3d03614452cd0a925abc82a7686560ff80252dfa,0,rank0,HCU0:TCA23906041001,chatcmpl-bench-7f1746b7-0-9eeec82b-9c959c99,29,29,4,0,decode,1,1,20607,20608,linear_attention,,,"[1,5120]","[1,5120]","[3,1]","[1,5120]","[1,5120]",False,False,False,,,,0,0,4308582674362217,4308582676056123,
input29_layer5,,,,20260729T050800Z-fx-89687ae2-R032,pra2026-bh408@3d036144-16-32K-row0-greedy1024,3d03614452cd0a925abc82a7686560ff80252dfa,0,rank0,HCU0:TCA23906041001,chatcmpl-bench-7f1746b7-0-9eeec82b-9c959c99,29,29,5,0,decode,1,1,20607,20608,linear_attention,,,"[1,5120]","[1,5120]","[3,1]","[1,5120]","[1,5120]",False,False,False,,,,0,0,4308582677974571,4308582679516905,
input29_layer6,,,,20260729T050800Z-fx-89687ae2-R032,pra2026-bh408@3d036144-16-32K-row0-greedy1024,3d03614452cd0a925abc82a7686560ff80252dfa,0,rank0,HCU0:TCA23906041001,chatcmpl-bench-7f1746b7-0-9eeec82b-9c959c99,29,29,6,0,decode,1,1,20607,20608,linear_attention,,,"[1,5120]","[1,5120]","[3,1]","[1,5120]","[1,5120]",False,False,False,,,,0,0,4308582681159460,4308582682688974,
input29_layer7,,,,20260729T050800Z-fx-89687ae2-R032,pra2026-bh408@3d036144-16-32K-row0-greedy1024,3d03614452cd0a925abc82a7686560ff80252dfa,0,rank0,HCU0:TCA23906041001,chatcmpl-bench-7f1746b7-0-9eeec82b-9c959c99,29,29,7,0,decode,1,1,20607,20608,full_attention,,,"[1,5120]","[1,5120]","[3,1]","[1,5120]","[1,5120]",False,False,False,,,,0,0,4308582684567692,4308582686512680,
input29_layer8,,,,20260729T050800Z-fx-89687ae2-R032,pra2026-bh408@3d036144-16-32K-row0-greedy1024,3d03614452cd0a925abc82a7686560ff80252dfa,0,rank0,HCU0:TCA23906041001,chatcmpl-bench-7f1746b7-0-9eeec82b-9c959c99,29,29,8,0,decode,1,1,20607,20608,linear_attention,,,"[1,5120]","[1,5120]","[3,1]","[1,5120]","[1,5120]",False,False,False,,,,0,0,4308582688246426,4308582689766870,
input29_layer9,,,,20260729T050800Z-fx-89687ae2-R032,pra2026-bh408@3d036144-16-32K-row0-greedy1024,3d03614452cd0a925abc82a7686560ff80252dfa,0,rank0,HCU0:TCA23906041001,chatcmpl-bench-7f1746b7-0-9eeec82b-9c959c99,29,29,9,0,decode,1,1,20607,20608,linear_attention,,,"[1,5120]","[1,5120]","[3,1]","[1,5120]","[1,5120]",False,False,False,,,,0,0,4308582691531507,4308582693045151,
input29_layer10,,,,20260729T050800Z-fx-89687ae2-R032,pra2026-bh408@3d036144-16-32K-row0-greedy1024,3d03614452cd0a925abc82a7686560ff80252dfa,0,rank0,HCU0:TCA23906041001,chatcmpl-bench-7f1746b7-0-9eeec82b-9c959c99,29,29,10,0,decode,1,1,20607,20608,linear_attention,,,"[1,5120]","[1,5120]","[3,1]","[1,5120]","[1,5120]",False,False,False,,,,0,0,4308582694653656,4308582696185910,
input29_layer11,,,,20260729T050800Z-fx-89687ae2-R032,pra2026-bh408@3d036144-16-32K-row0-greedy1024,3d03614452cd0a925abc82a7686560ff80252dfa,0,rank0,HCU0:TCA23906041001,chatcmpl-bench-7f1746b7-0-9eeec82b-9c959c99,29,29,11,0,decode,1,1,20607,20608,full_attention,,,"[1,5120]","[1,5120]","[3,1]","[1,5120]","[1,5120]",False,False,False,,,,0,0,4308582697921366,4308582699857754,
input29_layer12,,,,20260729T050800Z-fx-89687ae2-R032,pra2026-bh408@3d036144-16-32K-row0-greedy1024,3d03614452cd0a925abc82a7686560ff80252dfa,0,rank0,HCU0:TCA23906041001,chatcmpl-bench-7f1746b7-0-9eeec82b-9c959c99,29,29,12,0,decode,1,1,20607,20608,linear_attention,,,"[1,5120]","[1,5120]","[3,1]","[1,5120]","[1,5120]",False,False,False,,,,0,0,4308582701614840,4308582703140635,
input29_layer13,,,,20260729T050800Z-fx-89687ae2-R032,pra2026-bh408@3d036144-16-32K-row0-greedy1024,3d03614452cd0a925abc82a7686560ff80252dfa,0,rank0,HCU0:TCA23906041001,chatcmpl-bench-7f1746b7-0-9eeec82b-9c959c99,29,29,13,0,decode,1,1,20607,20608,linear_attention,,,"[1,5120]","[1,5120]","[3,1]","[1,5120]","[1,5120]",False,False,False,,,,0,0,4308582704891091,4308582706415205,
input29_layer14,,,,20260729T050800Z-fx-89687ae2-R032,pra2026-bh408@3d036144-16-32K-row0-greedy1024,3d03614452cd0a925abc82a7686560ff80252dfa,0,rank0,HCU0:TCA23906041001,chatcmpl-bench-7f1746b7-0-9eeec82b-9c959c99,29,29,14,0,decode,1,1,20607,20608,linear_attention,,,"[1,5120]","[1,5120]","[3,1]","[1,5120]","[1,5120]",False,False,False,,,,0,0,4308582707879999,4308582709397593,
input29_layer15,,,,20260729T050800Z-fx-89687ae2-R032,pra2026-bh408@3d036144-16-32K-row0-greedy1024,3d03614452cd0a925abc82a7686560ff80252dfa,0,rank0,HCU0:TCA23906041001,chatcmpl-bench-7f1746b7-0-9eeec82b-9c959c99,29,29,15,0,decode,1,1,20607,20608,full_attention,,,"[1,5120]","[1,5120]","[3,1]","[1,5120]","[1,5120]",False,False,False,,,,0,0,4308582711040048,4308582712965116,
input29_layer16,,,,20260729T050800Z-fx-89687ae2-R032,pra2026-bh408@3d036144-16-32K-row0-greedy1024,3d03614452cd0a925abc82a7686560ff80252dfa,0,rank0,HCU0:TCA23906041001,chatcmpl-bench-7f1746b7-0-9eeec82b-9c959c99,29,29,16,0,decode,1,1,20607,20608,linear_attention,,,"[1,5120]","[1,5120]","[3,1]","[1,5120]","[1,5120]",False,False,False,,,,0,0,4308582714951854,4308582716475749,
input29_layer17,,,,20260729T050800Z-fx-89687ae2-R032,pra2026-bh408@3d036144-16-32K-row0-greedy1024,3d03614452cd0a925abc82a7686560ff80252dfa,0,rank0,HCU0:TCA23906041001,chatcmpl-bench-7f1746b7-0-9eeec82b-9c959c99,29,29,17,0,decode,1,1,20607,20608,linear_attention,,,"[1,5120]","[1,5120]","[3,1]","[1,5120]","[1,5120]",False,False,False,,,,0,0,4308582718224535,4308582719736039,
input29_layer18,,,,20260729T050800Z-fx-89687ae2-R032,pra2026-bh408@3d036144-16-32K-row0-greedy1024,3d03614452cd0a925abc82a7686560ff80252dfa,0,rank0,HCU0:TCA23906041001,chatcmpl-bench-7f1746b7-0-9eeec82b-9c959c99,29,29,18,0,decode,1,1,20607,20608,linear_attention,,,"[1,5120]","[1,5120]","[3,1]","[1,5120]","[1,5120]",False,False,False,,,,0,0,4308582721527645,4308582723035100,
input29_layer19,,,,20260729T050800Z-fx-89687ae2-R032,pra2026-bh408@3d036144-16-32K-row0-greedy1024,3d03614452cd0a925abc82a7686560ff80252dfa,0,rank0,HCU0:TCA23906041001,chatcmpl-bench-7f1746b7-0-9eeec82b-9c959c99,29,29,19,0,decode,1,1,20607,20608,full_attention,,,"[1,5120]","[1,5120]","[3,1]","[1,5120]","[1,5120]",False,False,False,,,,0,0,4308582724944627,4308582726856555,
input29_layer20,,,,20260729T050800Z-fx-89687ae2-R032,pra2026-bh408@3d036144-16-32K-row0-greedy1024,3d03614452cd0a925abc82a7686560ff80252dfa,0,rank0,HCU0:TCA23906041001,chatcmpl-bench-7f1746b7-0-9eeec82b-9c959c99,29,29,20,0,decode,1,1,20607,20608,linear_attention,,,"[1,5120]","[1,5120]","[3,1]","[1,5120]","[1,5120]",False,False,False,,,,0,0,4308582728503930,4308582730018584,
input29_layer21,,,,20260729T050800Z-fx-89687ae2-R032,pra2026-bh408@3d036144-16-32K-row0-greedy1024,3d03614452cd0a925abc82a7686560ff80252dfa,0,rank0,HCU0:TCA23906041001,chatcmpl-bench-7f1746b7-0-9eeec82b-9c959c99,29,29,21,0,decode,1,1,20607,20608,linear_attention,,,"[1,5120]","[1,5120]","[3,1]","[1,5120]","[1,5120]",False,False,False,,,,0,0,4308582731815241,4308582733345705,
input29_layer22,,,,20260729T050800Z-fx-89687ae2-R032,pra2026-bh408@3d036144-16-32K-row0-greedy1024,3d03614452cd0a925abc82a7686560ff80252dfa,0,rank0,HCU0:TCA23906041001,chatcmpl-bench-7f1746b7-0-9eeec82b-9c959c99,29,29,22,0,decode,1,1,20607,20608,linear_attention,,,"[1,5120]","[1,5120]","[3,1]","[1,5120]","[1,5120]",False,False,False,,,,0,0,4308582735334274,4308582736851788,
input29_layer23,,,,20260729T050800Z-fx-89687ae2-R032,pra2026-bh408@3d036144-16-32K-row0-greedy1024,3d03614452cd0a925abc82a7686560ff80252dfa,0,rank0,HCU0:TCA23906041001,chatcmpl-bench-7f1746b7-0-9eeec82b-9c959c99,29,29,23,0,decode,1,1,20607,20608,full_attention,,,"[1,5120]","[1,5120]","[3,1]","[1,5120]","[1,5120]",False,False,False,,,,0,0,4308582738538764,4308582740464442,
input29_layer24,,,,20260729T050800Z-fx-89687ae2-R032,pra2026-bh408@3d036144-16-32K-row0-greedy1024,3d03614452cd0a925abc82a7686560ff80252dfa,0,rank0,HCU0:TCA23906041001,chatcmpl-bench-7f1746b7-0-9eeec82b-9c959c99,29,29,24,0,decode,1,1,20607,20608,linear_attention,,,"[1,5120]","[1,5120]","[3,1]","[1,5120]","[1,5120]",False,False,False,,,,0,0,4308582742095387,4308582743632011,
input29_layer25,,,,20260729T050800Z-fx-89687ae2-R032,pra2026-bh408@3d036144-16-32K-row0-greedy1024,3d03614452cd0a925abc82a7686560ff80252dfa,0,rank0,HCU0:TCA23906041001,chatcmpl-bench-7f1746b7-0-9eeec82b-9c959c99,29,29,25,0,decode,1,1,20607,20608,linear_attention,,,"[1,5120]","[1,5120]","[3,1]","[1,5120]","[1,5120]",False,False,False,,,,0,0,4308582745361687,4308582746869541,
input29_layer26,,,,20260729T050800Z-fx-89687ae2-R032,pra2026-bh408@3d036144-16-32K-row0-greedy1024,3d03614452cd0a925abc82a7686560ff80252dfa,0,rank0,HCU0:TCA23906041001,chatcmpl-bench-7f1746b7-0-9eeec82b-9c959c99,29,29,26,0,decode,1,1,20607,20608,linear_attention,,,"[1,5120]","[1,5120]","[3,1]","[1,5120]","[1,5120]",False,False,False,,,,0,0,4308582748560047,4308582750074251,
input29_layer27,,,,20260729T050800Z-fx-89687ae2-R032,pra2026-bh408@3d036144-16-32K-row0-greedy1024,3d03614452cd0a925abc82a7686560ff80252dfa,0,rank0,HCU0:TCA23906041001,chatcmpl-bench-7f1746b7-0-9eeec82b-9c959c99,29,29,27,0,decode,1,1,20607,20608,full_attention,,,"[1,5120]","[1,5120]","[3,1]","[1,5120]","[1,5120]",False,False,False,,,,0,0,4308582751805417,4308582753727265,
input29_layer28,,,,20260729T050800Z-fx-89687ae2-R032,pra2026-bh408@3d036144-16-32K-row0-greedy1024,3d03614452cd0a925abc82a7686560ff80252dfa,0,rank0,HCU0:TCA23906041001,chatcmpl-bench-7f1746b7-0-9eeec82b-9c959c99,29,29,28,0,decode,1,1,20607,20608,linear_attention,,,"[1,5120]","[1,5120]","[3,1]","[1,5120]","[1,5120]",False,False,False,,,,0,0,4308582755427651,4308582756949995,
input29_layer29,,,,20260729T050800Z-fx-89687ae2-R032,pra2026-bh408@3d036144-16-32K-row0-greedy1024,3d03614452cd0a925abc82a7686560ff80252dfa,0,rank0,HCU0:TCA23906041001,chatcmpl-bench-7f1746b7-0-9eeec82b-9c959c99,29,29,29,0,decode,1,1,20607,20608,linear_attention,,,"[1,5120]","[1,5120]","[3,1]","[1,5120]","[1,5120]",False,False,False,,,,0,0,4308582758635740,4308582760147275,
input29_layer30,,,,20260729T050800Z-fx-89687ae2-R032,pra2026-bh408@3d036144-16-32K-row0-greedy1024,3d03614452cd0a925abc82a7686560ff80252dfa,0,rank0,HCU0:TCA23906041001,chatcmpl-bench-7f1746b7-0-9eeec82b-9c959c99,29,29,30,0,decode,1,1,20607,20608,linear_attention,,,"[1,5120]","[1,5120]","[3,1]","[1,5120]","[1,5120]",False,False,False,,,,0,0,4308582761982592,4308582763498986,
input29_layer31,,,,20260729T050800Z-fx-89687ae2-R032,pra2026-bh408@3d036144-16-32K-row0-greedy1024,3d03614452cd0a925abc82a7686560ff80252dfa,0,rank0,HCU0:TCA23906041001,chatcmpl-bench-7f1746b7-0-9eeec82b-9c959c99,29,29,31,0,decode,1,1,20607,20608,full_attention,,,"[1,5120]","[1,5120]","[3,1]","[1,5120]","[1,5120]",False,False,False,,,,0,0,4308582765144341,4308582767064549,
input29_layer32,,,,20260729T050800Z-fx-89687ae2-R032,pra2026-bh408@3d036144-16-32K-row0-greedy1024,3d03614452cd0a925abc82a7686560ff80252dfa,0,rank0,HCU0:TCA23906041001,chatcmpl-bench-7f1746b7-0-9eeec82b-9c959c99,29,29,32,0,decode,1,1,20607,20608,linear_attention,,,"[1,5120]","[1,5120]","[3,1]","[1,5120]","[1,5120]",False,False,False,,,,0,0,4308582769233249,4308582770754343,
input29_layer33,,,,20260729T050800Z-fx-89687ae2-R032,pra2026-bh408@3d036144-16-32K-row0-greedy1024,3d03614452cd0a925abc82a7686560ff80252dfa,0,rank0,HCU0:TCA23906041001,chatcmpl-bench-7f1746b7-0-9eeec82b-9c959c99,29,29,33,0,decode,1,1,20607,20608,linear_attention,,,"[1,5120]","[1,5120]","[3,1]","[1,5120]","[1,5120]",False,False,False,,,,0,0,4308582772477259,4308582773979623,
input29_layer34,,,,20260729T050800Z-fx-89687ae2-R032,pra2026-bh408@3d036144-16-32K-row0-greedy1024,3d03614452cd0a925abc82a7686560ff80252dfa,0,rank0,HCU0:TCA23906041001,chatcmpl-bench-7f1746b7-0-9eeec82b-9c959c99,29,29,34,0,decode,1,1,20607,20608,linear_attention,,,"[1,5120]","[1,5120]","[3,1]","[1,5120]","[1,5120]",False,False,False,,,,0,0,4308582775793810,4308582777333324,
input29_layer35,,,,20260729T050800Z-fx-89687ae2-R032,pra2026-bh408@3d036144-16-32K-row0-greedy1024,3d03614452cd0a925abc82a7686560ff80252dfa,0,rank0,HCU0:TCA23906041001,chatcmpl-bench-7f1746b7-0-9eeec82b-9c959c99,29,29,35,0,decode,1,1,20607,20608,full_attention,,,"[1,5120]","[1,5120]","[3,1]","[1,5120]","[1,5120]",False,False,False,,,,0,0,4308582778864268,4308582780776276,
input29_layer36,,,,20260729T050800Z-fx-89687ae2-R032,pra2026-bh408@3d036144-16-32K-row0-greedy1024,3d03614452cd0a925abc82a7686560ff80252dfa,0,rank0,HCU0:TCA23906041001,chatcmpl-bench-7f1746b7-0-9eeec82b-9c959c99,29,29,36,0,decode,1,1,20607,20608,linear_attention,,,"[1,5120]","[1,5120]","[3,1]","[1,5120]","[1,5120]",False,False,False,,,,0,0,4308582782376011,4308582783881895,
input29_layer37,,,,20260729T050800Z-fx-89687ae2-R032,pra2026-bh408@3d036144-16-32K-row0-greedy1024,3d03614452cd0a925abc82a7686560ff80252dfa,0,rank0,HCU0:TCA23906041001,chatcmpl-bench-7f1746b7-0-9eeec82b-9c959c99,29,29,37,0,decode,1,1,20607,20608,linear_attention,,,"[1,5120]","[1,5120]","[3,1]","[1,5120]","[1,5120]",False,False,False,,,,0,0,4308582785499180,4308582787012994,
input29_layer38,,,,20260729T050800Z-fx-89687ae2-R032,pra2026-bh408@3d036144-16-32K-row0-greedy1024,3d03614452cd0a925abc82a7686560ff80252dfa,0,rank0,HCU0:TCA23906041001,chatcmpl-bench-7f1746b7-0-9eeec82b-9c959c99,29,29,38,0,decode,1,1,20607,20608,linear_attention,,,"[1,5120]","[1,5120]","[3,1]","[1,5120]","[1,5120]",False,False,False,,,,0,0,4308582788624779,4308582790137683,
input29_layer39,,,,20260729T050800Z-fx-89687ae2-R032,pra2026-bh408@3d036144-16-32K-row0-greedy1024,3d03614452cd0a925abc82a7686560ff80252dfa,0,rank0,HCU0:TCA23906041001,chatcmpl-bench-7f1746b7-0-9eeec82b-9c959c99,29,29,39,0,decode,1,1,20607,20608,full_attention,,,"[1,5120]","[1,5120]","[3,1]","[1,5120]","[1,5120]",False,False,False,,,,0,0,4308582791867599,4308582793780787,
input29_layer40,,,,20260729T050800Z-fx-89687ae2-R032,pra2026-bh408@3d036144-16-32K-row0-greedy1024,3d03614452cd0a925abc82a7686560ff80252dfa,0,rank0,HCU0:TCA23906041001,chatcmpl-bench-7f1746b7-0-9eeec82b-9c959c99,29,29,40,0,decode,1,1,20607,20608,linear_attention,,,"[1,5120]","[1,5120]","[3,1]","[1,5120]","[1,5120]",False,False,False,,,,0,0,4308582795329902,4308582796851806,
input29_layer41,,,,20260729T050800Z-fx-89687ae2-R032,pra2026-bh408@3d036144-16-32K-row0-greedy1024,3d03614452cd0a925abc82a7686560ff80252dfa,0,rank0,HCU0:TCA23906041001,chatcmpl-bench-7f1746b7-0-9eeec82b-9c959c99,29,29,41,0,decode,1,1,20607,20608,linear_attention,,,"[1,5120]","[1,5120]","[3,1]","[1,5120]","[1,5120]",False,False,False,,,,0,0,4308582798592082,4308582800094826,
input29_layer42,,,,20260729T050800Z-fx-89687ae2-R032,pra2026-bh408@3d036144-16-32K-row0-greedy1024,3d03614452cd0a925abc82a7686560ff80252dfa,0,rank0,HCU0:TCA23906041001,chatcmpl-bench-7f1746b7-0-9eeec82b-9c959c99,29,29,42,0,decode,1,1,20607,20608,linear_attention,,,"[1,5120]","[1,5120]","[3,1]","[1,5120]","[1,5120]",False,False,False,,,,0,0,4308582801636110,4308582803140334,
input29_layer43,,,,20260729T050800Z-fx-89687ae2-R032,pra2026-bh408@3d036144-16-32K-row0-greedy1024,3d03614452cd0a925abc82a7686560ff80252dfa,0,rank0,HCU0:TCA23906041001,chatcmpl-bench-7f1746b7-0-9eeec82b-9c959c99,29,29,43,0,decode,1,1,20607,20608,full_attention,,,"[1,5120]","[1,5120]","[3,1]","[1,5120]","[1,5120]",False,False,False,,,,0,0,4308582804616378,4308582806519576,
input29_layer44,,,,20260729T050800Z-fx-89687ae2-R032,pra2026-bh408@3d036144-16-32K-row0-greedy1024,3d03614452cd0a925abc82a7686560ff80252dfa,0,rank0,HCU0:TCA23906041001,chatcmpl-bench-7f1746b7-0-9eeec82b-9c959c99,29,29,44,0,decode,1,1,20607,20608,linear_attention,,,"[1,5120]","[1,5120]","[3,1]","[1,5120]","[1,5120]",False,False,False,,,,0,0,4308582808309552,4308582809829926,
input29_layer45,,,,20260729T050800Z-fx-89687ae2-R032,pra2026-bh408@3d036144-16-32K-row0-greedy1024,3d03614452cd0a925abc82a7686560ff80252dfa,0,rank0,HCU0:TCA23906041001,chatcmpl-bench-7f1746b7-0-9eeec82b-9c959c99,29,29,45,0,decode,1,1,20607,20608,linear_attention,,,"[1,5120]","[1,5120]","[3,1]","[1,5120]","[1,5120]",False,False,False,,,,0,0,4308582811606273,4308582813130007,
input29_layer46,,,,20260729T050800Z-fx-89687ae2-R032,pra2026-bh408@3d036144-16-32K-row0-greedy1024,3d03614452cd0a925abc82a7686560ff80252dfa,0,rank0,HCU0:TCA23906041001,chatcmpl-bench-7f1746b7-0-9eeec82b-9c959c99,29,29,46,0,decode,1,1,20607,20608,linear_attention,,,"[1,5120]","[1,5120]","[3,1]","[1,5120]","[1,5120]",False,False,False,,,,0,0,4308582814713292,4308582816230516,
input29_layer47,,,,20260729T050800Z-fx-89687ae2-R032,pra2026-bh408@3d036144-16-32K-row0-greedy1024,3d03614452cd0a925abc82a7686560ff80252dfa,0,rank0,HCU0:TCA23906041001,chatcmpl-bench-7f1746b7-0-9eeec82b-9c959c99,29,29,47,0,decode,1,1,20607,20608,full_attention,,,"[1,5120]","[1,5120]","[3,1]","[1,5120]","[1,5120]",False,False,False,,,,0,0,4308582817891601,4308582819795789,
input29_layer48,,,,20260729T050800Z-fx-89687ae2-R032,pra2026-bh408@3d036144-16-32K-row0-greedy1024,3d03614452cd0a925abc82a7686560ff80252dfa,0,rank0,HCU0:TCA23906041001,chatcmpl-bench-7f1746b7-0-9eeec82b-9c959c99,29,29,48,0,decode,1,1,20607,20608,linear_attention,,,"[1,5120]","[1,5120]","[3,1]","[1,5120]","[1,5120]",False,False,False,,,,0,0,4308582821534305,4308582823053519,
input29_layer49,,,,20260729T050800Z-fx-89687ae2-R032,pra2026-bh408@3d036144-16-32K-row0-greedy1024,3d03614452cd0a925abc82a7686560ff80252dfa,0,rank0,HCU0:TCA23906041001,chatcmpl-bench-7f1746b7-0-9eeec82b-9c959c99,29,29,49,0,decode,1,1,20607,20608,linear_attention,,,"[1,5120]","[1,5120]","[3,1]","[1,5120]","[1,5120]",False,False,False,,,,0,0,4308582824599524,4308582826118878,
input29_layer50,,,,20260729T050800Z-fx-89687ae2-R032,pra2026-bh408@3d036144-16-32K-row0-greedy1024,3d03614452cd0a925abc82a7686560ff80252dfa,0,rank0,HCU0:TCA23906041001,chatcmpl-bench-7f1746b7-0-9eeec82b-9c959c99,29,29,50,0,decode,1,1,20607,20608,linear_attention,,,"[1,5120]","[1,5120]","[3,1]","[1,5120]","[1,5120]",False,False,False,,,,0,0,4308582827820634,4308582829339728,
input29_layer51,,,,20260729T050800Z-fx-89687ae2-R032,pra2026-bh408@3d036144-16-32K-row0-greedy1024,3d03614452cd0a925abc82a7686560ff80252dfa,0,rank0,HCU0:TCA23906041001,chatcmpl-bench-7f1746b7-0-9eeec82b-9c959c99,29,29,51,0,decode,1,1,20607,20608,full_attention,,,"[1,5120]","[1,5120]","[3,1]","[1,5120]","[1,5120]",False,False,False,,,,0,0,4308582831023173,4308582832927451,
input29_layer52,,,,20260729T050800Z-fx-89687ae2-R032,pra2026-bh408@3d036144-16-32K-row0-greedy1024,3d03614452cd0a925abc82a7686560ff80252dfa,0,rank0,HCU0:TCA23906041001,chatcmpl-bench-7f1746b7-0-9eeec82b-9c959c99,29,29,52,0,decode,1,1,20607,20608,linear_attention,,,"[1,5120]","[1,5120]","[3,1]","[1,5120]","[1,5120]",False,False,False,,,,0,0,4308582834593477,4308582836119781,
input29_layer53,,,,20260729T050800Z-fx-89687ae2-R032,pra2026-bh408@3d036144-16-32K-row0-greedy1024,3d03614452cd0a925abc82a7686560ff80252dfa,0,rank0,HCU0:TCA23906041001,chatcmpl-bench-7f1746b7-0-9eeec82b-9c959c99,29,29,53,0,decode,1,1,20607,20608,linear_attention,,,"[1,5120]","[1,5120]","[3,1]","[1,5120]","[1,5120]",False,False,False,,,,0,0,4308582837646095,4308582839155659,
input29_layer54,,,,20260729T050800Z-fx-89687ae2-R032,pra2026-bh408@3d036144-16-32K-row0-greedy1024,3d03614452cd0a925abc82a7686560ff80252dfa,0,rank0,HCU0:TCA23906041001,chatcmpl-bench-7f1746b7-0-9eeec82b-9c959c99,29,29,54,0,decode,1,1,20607,20608,linear_attention,,,"[1,5120]","[1,5120]","[3,1]","[1,5120]","[1,5120]",False,False,False,,,,0,0,4308582841007916,4308582842536591,
input29_layer55,,,,20260729T050800Z-fx-89687ae2-R032,pra2026-bh408@3d036144-16-32K-row0-greedy1024,3d03614452cd0a925abc82a7686560ff80252dfa,0,rank0,HCU0:TCA23906041001,chatcmpl-bench-7f1746b7-0-9eeec82b-9c959c99,29,29,55,0,decode,1,1,20607,20608,full_attention,,,"[1,5120]","[1,5120]","[3,1]","[1,5120]","[1,5120]",False,False,False,,,,0,0,4308582844196616,4308582846103174,
input29_layer56,,,,20260729T050800Z-fx-89687ae2-R032,pra2026-bh408@3d036144-16-32K-row0-greedy1024,3d03614452cd0a925abc82a7686560ff80252dfa,0,rank0,HCU0:TCA23906041001,chatcmpl-bench-7f1746b7-0-9eeec82b-9c959c99,29,29,56,0,decode,1,1,20607,20608,linear_attention,,,"[1,5120]","[1,5120]","[3,1]","[1,5120]","[1,5120]",False,False,False,,,,0,0,4308582847721609,4308582849254793,
input29_layer57,,,,20260729T050800Z-fx-89687ae2-R032,pra2026-bh408@3d036144-16-32K-row0-greedy1024,3d03614452cd0a925abc82a7686560ff80252dfa,0,rank0,HCU0:TCA23906041001,chatcmpl-bench-7f1746b7-0-9eeec82b-9c959c99,29,29,57,0,decode,1,1,20607,20608,linear_attention,,,"[1,5120]","[1,5120]","[3,1]","[1,5120]","[1,5120]",False,False,False,,,,0,0,4308582851098070,4308582852603314,
input29_layer58,,,,20260729T050800Z-fx-89687ae2-R032,pra2026-bh408@3d036144-16-32K-row0-greedy1024,3d03614452cd0a925abc82a7686560ff80252dfa,0,rank0,HCU0:TCA23906041001,chatcmpl-bench-7f1746b7-0-9eeec82b-9c959c99,29,29,58,0,decode,1,1,20607,20608,linear_attention,,,"[1,5120]","[1,5120]","[3,1]","[1,5120]","[1,5120]",False,False,False,,,,0,0,4308582854296940,4308582855797754,
input29_layer59,,,,20260729T050800Z-fx-89687ae2-R032,pra2026-bh408@3d036144-16-32K-row0-greedy1024,3d03614452cd0a925abc82a7686560ff80252dfa,0,rank0,HCU0:TCA23906041001,chatcmpl-bench-7f1746b7-0-9eeec82b-9c959c99,29,29,59,0,decode,1,1,20607,20608,full_attention,,,"[1,5120]","[1,5120]","[3,1]","[1,5120]","[1,5120]",False,False,False,,,,0,0,4308582857619371,4308582859536049,
input29_layer60,,,,20260729T050800Z-fx-89687ae2-R032,pra2026-bh408@3d036144-16-32K-row0-greedy1024,3d03614452cd0a925abc82a7686560ff80252dfa,0,rank0,HCU0:TCA23906041001,chatcmpl-bench-7f1746b7-0-9eeec82b-9c959c99,29,29,60,0,decode,1,1,20607,20608,linear_attention,,,"[1,5120]","[1,5120]","[3,1]","[1,5120]","[1,5120]",False,False,False,,,,0,0,4308582861433196,4308582862943840,
input29_layer61,,,,20260729T050800Z-fx-89687ae2-R032,pra2026-bh408@3d036144-16-32K-row0-greedy1024,3d03614452cd0a925abc82a7686560ff80252dfa,0,rank0,HCU0:TCA23906041001,chatcmpl-bench-7f1746b7-0-9eeec82b-9c959c99,29,29,61,0,decode,1,1,20607,20608,linear_attention,,,"[1,5120]","[1,5120]","[3,1]","[1,5120]","[1,5120]",False,False,False,,,,0,0,4308582864449204,4308582865959868,
input29_layer62,selected:08,chatcmpl-bench-7f1746b7-0-9eeec82b|s29|f29|l62|o0,20260729T050800Z-fx-89687ae2-R02,20260729T050800Z-fx-89687ae2-R032,pra2026-bh408@3d036144-16-32K-row0-greedy1024,3d03614452cd0a925abc82a7686560ff80252dfa,0,rank0,HCU0:TCA23906041001,chatcmpl-bench-7f1746b7-0-9eeec82b-9c959c99,29,29,62,0,decode,1,1,20607,20608,linear_attention,False,request_id:'chatcmpl-bench-7f1746b7-0-9eeec82b-9c959c99'!='chatcmpl-bench-7f1746b7-0-9eeec82b',"[1,5120]","[1,5120]","[3,1]","[1,5120]","[1,5120]",True,True,True,ok,75,/public/home/tangyu408/Qwen_DCU_Worker_0/workload_profile/fx/traces/20260729T050800Z-fx-89687ae2-R032-qwen35-27b-eager-row0-hcu0/input29_layer62,4308582867576003,4308582873381637,4308582878555595,4308582880570344,
input29_layer63,selected:09,chatcmpl-bench-7f1746b7-0-9eeec82b|s29|f29|l63|o0,20260729T050800Z-fx-89687ae2-R02,20260729T050800Z-fx-89687ae2-R032,pra2026-bh408@3d036144-16-32K-row0-greedy1024,3d03614452cd0a925abc82a7686560ff80252dfa,0,rank0,HCU0:TCA23906041001,chatcmpl-bench-7f1746b7-0-9eeec82b-9c959c99,29,29,63,0,decode,1,1,20607,20608,full_attention,False,request_id:'chatcmpl-bench-7f1746b7-0-9eeec82b-9c959c99'!='chatcmpl-bench-7f1746b7-0-9eeec82b',"[1,5120]","[1,5120]","[3,1]","[1,5120]","[1,5120]",True,True,True,ok,155,/public/home/tangyu408/Qwen_DCU_Worker_0/workload_profile/fx/traces/20260729T050800Z-fx-89687ae2-R032-qwen35-27b-eager-row0-hcu0/input29_layer63,4308582882400871,4308582996733184,4308582999291288,4308583002045263,
